,경기날짜,선수명,포지션,팀,더블헤더여부,홈팀,원정팀,등판,inning,restinning,승리,패배,무승부,세이브,홀드,삼진,4사구,실점,자책,타수,타자
0,2018-03-24,샘슨,선발투수,한화,0,넥센,한화,1.1,4,0,0,1,0,0,0,8.0,4.0,6.0,5.0,21,25
1,2018-03-24,김범수,불펜투수,한화,0,넥센,한화,5.8,0,2,0,0,0,0,0,1.0,0.0,0.0,0.0,3,3
2,2018-03-24,심수창,불펜투수,한화,0,넥센,한화,5.2,0,2,0,0,0,0,0,0.0,0.0,0.0,0.0,4,4
3,2018-03-24,박주홍,불펜투수,한화,0,넥센,한화,6.6,0,2,0,0,0,0,0,0.0,0.0,0.0,0.0,2,2
4,2018-03-24,송은범,불펜투수,한화,0,넥센,한화,7.8,0,2,0,0,0,0,0,0.0,0.0,0.0,0.0,3,3
5,2018-03-24,서균,불펜투수,한화,0,넥센,한화,7.2,1,0,0,0,0,0,0,0.0,0.0,0.0,0.0,3,3
6,2018-03-24,박상원,불펜투수,한화,0,넥센,한화,8.5,0,1,0,0,0,0,0,1.0,0.0,0.0,0.0,1,1
7,2018-03-25,휠러,선발투수,한화,0,넥센,한화,1.1,7,0,1,0,0,0,0,7.0,2.0,1.0,1.0,24,26
8,2018-03-25,송창식,불펜투수,한화,0,넥센,한화,8.9,0,1,0,0,0,0,0,1.0,0.0,0.0,0.0,1,1
9,2018-03-25,박주홍,불펜투수,한화,0,넥센,한화,8.1,0,1,0,0,0,0,0,1.0,0.0,0.0,0.0,1,1
10,2018-03-25,서균,불펜투수,한화,0,넥센,한화,8.2,0,0,0,0,0,0,0,0.0,0.0,0.0,0.0,1,1
11,2018-03-25,박상원,불펜투수,한화,0,넥센,한화,8.3,0,1,0,0,0,0,1,1.0,0.0,0.0,0.0,1,1
12,2018-03-25,정우람,불펜투수,한화,0,넥센,한화,9.4,1,0,0,0,0,1,0,1.0,0.0,0.0,0.0,3,3
13,2018-03-27,윤규진,선발투수,한화,0,NC,한화,1.1,3,1,0,1,0,0,0,4.0,4.0,6.0,3.0,14,19
14,2018-03-27,송은범,불펜투수,한화,0,NC,한화,4.2,2,1,0,0,0,0,0,1.0,0.0,0.0,0.0,8,8
15,2018-03-27,심수창,불펜투수,한화,0,NC,한화,6.1,1,0,0,0,0,0,0,2.0,0.0,3.0,3.0,6,6
16,2018-03-27,강승현,불펜투수,한화,0,NC,한화,7.7,0,2,0,0,0,0,0,1.0,0.0,0.0,0.0,3,3
17,2018-03-27,김범수,불펜투수,한화,0,NC,한화,8.1,0,2,0,0,0,0,0,0.0,1.0,0.0,0.0,1,2
18,2018-03-28,배영수,선발투수,한화,0,NC,한화,1.1,6,0,0,0,0,0,0,2.0,2.0,2.0,2.0,20,22
19,2018-03-28,서균,불펜투수,한화,0,NC,한화,7.5,0,1,0,0,0,0,0,0.0,0.0,0.0,0.0,1,1
20,2018-03-28,송창식,불펜투수,한화,0,NC,한화,7.6,1,0,1,0,0,0,0,1.0,0.0,0.0,0.0,4,4
21,2018-03-28,박주홍,불펜투수,한화,0,NC,한화,8.1,0,2,0,0,0,0,0,1.0,1.0,0.0,0.0,2,3
22,2018-03-28,박상원,불펜투수,한화,0,NC,한화,9.4,0,2,0,0,0,0,0,0.0,1.0,0.0,0.0,2,3
23,2018-03-28,정우람,불펜투수,한화,0,NC,한화,9.7,0,1,0,0,0,0,0,0.0,0.0,0.0,0.0,1,1
24,2018-03-29,김민우,선발투수,한화,0,NC,한화,1.1,1,1,0,0,0,0,0,2.0,1.0,0.0,0.0,7,8
25,2018-03-29,송은범,불펜투수,한화,0,NC,한화,2.9,4,2,0,0,0,0,0,3.0,1.0,0.0,0.0,16,17
26,2018-03-29,송창식,불펜투수,한화,0,NC,한화,7.8,0,1,0,0,0,0,1,0.0,0.0,0.0,0.0,3,3
27,2018-03-29,김범수,불펜투수,한화,0,NC,한화,7.2,0,2,0,0,0,0,1,1.0,0.0,0.0,0.0,2,2
28,2018-03-29,서균,불펜투수,한화,0,NC,한화,8.4,0,1,0,0,0,0,1,1.0,0.0,0.0,0.0,1,1
29,2018-03-29,박상원,불펜투수,한화,0,NC,한화,8.5,0,0,0,1,0,0,0,0.0,1.0,2.0,0.0,1,2
30,2018-03-29,박주홍,불펜투수,한화,0,NC,한화,8.7,0,0,0,0,0,0,0,0.0,1.0,1.0,1.0,0,1
31,2018-03-29,심수창,불펜투수,한화,0,NC,한화,8.8,0,2,0,0,0,0,0,0.0,0.0,1.0,1.0,2,3
32,2018-03-30,김태훈,선발투수,SK,0,한화,SK,1.1,5,0,1,0,0,0,0,2.0,2.0,2.0,2.0,18,20
33,2018-03-30,정영일,불펜투수,SK,0,한화,SK,6.3,1,0,0,0,0,0,0,2.0,0.0,1.0,1.0,4,4
34,2018-03-30,신재웅,불펜투수,SK,0,한화,SK,7.7,1,0,0,0,0,0,0,3.0,0.0,0.0,0.0,3,3
35,2018-03-30,윤희상,불펜투수,SK,0,한화,SK,8.1,1,0,0,0,0,0,0,0.0,0.0,1.0,1.0,6,6
36,2018-03-30,서진용,불펜투수,SK,0,한화,SK,9.7,1,0,0,0,0,0,0,2.0,0.0,0.0,0.0,3,3
37,2018-03-31,김광현,선발투수,SK,0,한화,SK,1.1,5,0,1,0,0,0,0,5.0,2.0,0.0,0.0,17,19
38,2018-03-31,전유수,불펜투수,SK,0,한화,SK,6.2,1,0,0,0,0,0,0,2.0,1.0,1.0,1.0,4,5
39,2018-03-31,박희수,불펜투수,SK,0,한화,SK,7.7,1,0,0,0,0,0,0,0.0,1.0,0.0,0.0,4,5
40,2018-03-31,백인식,불펜투수,SK,0,한화,SK,8.3,1,0,0,0,0,0,0,2.0,0.0,0.0,0.0,4,4
41,2018-03-31,박정배,불펜투수,SK,0,한화,SK,9.7,1,0,0,0,0,0,0,1.0,0.0,0.0,0.0,4,4
42,2018-04-01,산체스,선발투수,SK,0,한화,SK,1.1,6,0,1,0,0,0,0,8.0,0.0,1.0,1.0,21,21
43,2018-04-01,정영일,불펜투수,SK,0,한화,SK,7.4,1,0,0,0,0,0,0,1.0,0.0,0.0,0.0,3,3
44,2018-04-01,윤희상,불펜투수,SK,0,한화,SK,8.7,1,0,0,0,0,0,0,1.0,0.0,0.0,0.0,4,4
45,2018-04-01,서진용,불펜투수,SK,0,한화,SK,9.2,1,0,0,0,0,0,0,0.0,0.0,0.0,0.0,3,3
46,2018-04-03,김원중,선발투수,롯데,0,한화,롯데,1.1,2,0,0,1,0,0,0,1.0,3.0,7.0,7.0,12,16
47,2018-04-03,장시환,불펜투수,롯데,0,한화,롯데,3.8,1,0,0,0,0,0,0,0.0,2.0,4.0,4.0,4,7
48,2018-04-03,구승민,불펜투수,롯데,0,한화,롯데,4.6,1,1,0,0,0,0,0,2.0,3.0,3.0,3.0,5,8
49,2018-04-03,진명호,불펜투수,롯데,0,한화,롯데,5.5,1,0,0,0,0,0,0,0.0,1.0,2.0,1.0,2,5
50,2018-04-03,이명우,불펜투수,롯데,0,한화,롯데,6.1,1,2,0,0,0,0,0,1.0,0.0,1.0,0.0,7,7
51,2018-04-03,배장호,불펜투수,롯데,0,한화,롯데,8.8,1,0,0,0,0,0,0,1.0,0.0,0.0,0.0,3,3
52,2018-04-04,송승준,선발투수,롯데,0,한화,롯데,1.1,5,0,0,0,0,0,0,6.0,4.0,3.0,3.0,19,23
53,2018-04-04,배장호,불펜투수,롯데,0,한화,롯데,6.6,0,2,0,1,0,0,0,0.0,1.0,2.0,2.0,3,4
54,2018-04-04,이명우,불펜투수,롯데,0,한화,롯데,6.1,0,0,0,0,0,0,0,0.0,1.0,0.0,0.0,0,1
55,2018-04-04,박진형,불펜투수,롯데,0,한화,롯데,6.2,0,1,0,0,0,0,0,1.0,2.0,2.0,2.0,3,5
56,2018-04-04,오현택,불펜투수,롯데,0,한화,롯데,7.7,2,0,0,0,0,0,0,3.0,0.0,0.0,0.0,6,6
57,2018-04-07,샘슨,선발투수,한화,0,KT,한화,1.1,5,0,0,1,0,0,0,7.0,6.0,2.0,2.0,15,21
58,2018-04-07,이태양,불펜투수,한화,0,KT,한화,6.4,0,2,0,0,0,0,0,1.0,2.0,2.0,2.0,4,6
59,2018-04-07,박주홍,불펜투수,한화,0,KT,한화,6.1,0,1,0,0,0,0,0,0.0,1.0,2.0,2.0,2,3
60,2018-04-07,송은범,불펜투수,한화,0,KT,한화,7.4,0,1,0,0,0,0,0,0.0,1.0,3.0,3.0,3,4
61,2018-04-07,장민재,불펜투수,한화,0,KT,한화,7.8,1,2,0,0,0,0,0,1.0,1.0,1.0,1.0,7,8
62,2018-04-08,휠러,선발투수,한화,0,KT,한화,1.1,4,1,0,0,0,0,0,4.0,4.0,6.0,6.0,20,24
63,2018-04-08,안영명,불펜투수,한화,0,KT,한화,5.7,1,2,0,0,0,0,0,1.0,0.0,0.0,0.0,5,5
64,2018-04-08,박상원,불펜투수,한화,0,KT,한화,7.3,0,1,0,0,0,0,0,0.0,1.0,2.0,2.0,2,3
65,2018-04-08,서균,불펜투수,한화,0,KT,한화,7.6,0,2,0,0,0,0,0,0.0,2.0,0.0,0.0,3,5
66,2018-04-08,송은범,불펜투수,한화,0,KT,한화,8.2,2,0,1,0,0,0,0,1.0,0.0,0.0,0.0,7,7
67,2018-04-08,정우람,불펜투수,한화,0,KT,한화,10.9,1,0,0,0,0,0,0,0.0,0.0,0.0,0.0,3,3
68,2018-04-10,한승혁,선발투수,기아,0,한화,기아,1.1,5,2,0,0,0,0,0,4.0,2.0,3.0,3.0,22,24
69,2018-04-10,임창용,불펜투수,기아,0,한화,기아,6.7,1,0,0,0,0,0,0,2.0,1.0,0.0,0.0,3,4
70,2018-04-10,임기준,불펜투수,기아,0,한화,기아,7.2,0,1,0,1,0,0,0,0.0,3.0,1.0,1.0,2,5
71,2018-04-10,박정수,불펜투수,기아,0,한화,기아,8.7,1,0,0,0,0,0,0,2.0,0.0,0.0,0.0,3,3
72,2018-04-11,정용운,선발투수,기아,0,한화,기아,1.1,2,0,0,0,0,0,0,0.0,1.0,2.0,2.0,9,11
73,2018-04-11,이민우,불펜투수,기아,0,한화,기아,3.3,3,1,0,1,0,0,0,1.0,4.0,4.0,4.0,13,17
74,2018-04-11,김윤동,불펜투수,기아,0,한화,기아,6.2,2,0,0,0,0,0,0,2.0,0.0,0.0,0.0,7,7
75,2018-04-11,유승철,불펜투수,기아,0,한화,기아,8.9,0,2,0,0,0,0,0,0.0,0.0,0.0,0.0,2,2
76,2018-04-12,헥터,선발투수,기아,0,한화,기아,1.1,2,0,0,1,0,0,0,2.0,1.0,7.0,7.0,13,14
77,2018-04-12,문경찬,불펜투수,기아,0,한화,기아,3.6,4,2,0,0,0,0,0,3.0,2.0,8.0,8.0,23,25
78,2018-04-12,유승철,불펜투수,기아,0,한화,기아,7.4,1,1,0,0,0,0,0,2.0,1.0,0.0,0.0,4,5
79,2018-04-13,김대우,선발투수,삼성,0,한화,삼성,1.1,5,0,1,0,0,0,0,1.0,1.0,2.0,2.0,18,19
80,2018-04-13,최충연,불펜투수,삼성,0,한화,삼성,6.2,1,0,0,0,0,0,1,2.0,0.0,0.0,0.0,5,5
81,2018-04-13,한기주,불펜투수,삼성,0,한화,삼성,7.7,1,0,0,0,0,0,1,1.0,1.0,0.0,0.0,3,4
82,2018-04-13,심창민,불펜투수,삼성,0,한화,삼성,8.2,1,0,0,0,0,0,1,0.0,0.0,0.0,0.0,3,3
83,2018-04-13,장필준,불펜투수,삼성,0,한화,삼성,9.5,1,0,0,0,0,1,0,2.0,1.0,0.0,0.0,3,4
84,2018-04-14,윤성환,선발투수,삼성,0,한화,삼성,1.1,4,0,0,1,0,0,0,3.0,1.0,6.0,6.0,20,21
85,2018-04-14,이승현,불펜투수,삼성,0,한화,삼성,5.4,2,0,0,0,0,0,0,2.0,2.0,4.0,4.0,11,13
86,2018-04-14,김시현,불펜투수,삼성,0,한화,삼성,7.8,1,0,0,0,0,0,0,2.0,0.0,4.0,4.0,7,7
87,2018-04-14,임현준,불펜투수,삼성,0,한화,삼성,8.6,1,0,0,0,0,0,0,0.0,0.0,0.0,0.0,4,4
88,2018-04-15,아델만,선발투수,삼성,0,한화,삼성,1.1,3,1,0,1,0,0,0,1.0,5.0,7.0,7.0,18,24
89,2018-04-15,김승현,불펜투수,삼성,0,한화,삼성,4.7,1,2,0,0,0,0,0,0.0,0.0,0.0,0.0,6,6
90,2018-04-15,최충연,불펜투수,삼성,0,한화,삼성,6.4,1,0,0,0,0,0,0,2.0,0.0,0.0,0.0,3,3
91,2018-04-15,한기주,불펜투수,삼성,0,한화,삼성,7.7,1,0,0,0,0,0,0,0.0,1.0,0.0,0.0,3,4
92,2018-04-15,임현준,불펜투수,삼성,0,한화,삼성,8.2,1,0,0,0,0,0,0,1.0,1.0,0.0,0.0,2,3
93,2018-04-17,윤규진,선발투수,한화,0,두산,한화,1.1,5,0,1,0,0,0,0,5.0,1.0,2.0,2.0,19,20
94,2018-04-17,박상원,불펜투수,한화,0,두산,한화,6.3,1,2,0,0,0,0,1,2.0,0.0,0.0,0.0,6,6
95,2018-04-17,송은범,불펜투수,한화,0,두산,한화,7.9,1,1,0,0,0,0,1,0.0,0.0,0.0,0.0,4,4
96,2018-04-17,정우람,불펜투수,한화,0,두산,한화,9.4,1,0,0,0,0,1,0,2.0,0.0,0.0,0.0,3,3
97,2018-04-18,샘슨,선발투수,한화,0,두산,한화,1.1,6,0,0,0,0,0,0,10.0,5.0,3.0,1.0,23,28
98,2018-04-18,박주홍,불펜투수,한화,0,두산,한화,7.2,0,1,0,0,0,0,0,1.0,0.0,1.0,1.0,2,2
99,2018-04-18,송은범,불펜투수,한화,0,두산,한화,7.4,0,1,0,1,0,0,0,0.0,1.0,1.0,1.0,3,4
100,2018-04-18,서균,불펜투수,한화,0,두산,한화,7.8,0,1,0,0,0,0,0,1.0,0.0,0.0,0.0,1,1
101,2018-04-18,안영명,불펜투수,한화,0,두산,한화,8.9,1,0,0,0,0,0,0,0.0,0.0,0.0,0.0,3,3
102,2018-04-19,휠러,선발투수,한화,0,두산,한화,1.1,4,2,0,1,0,0,0,4.0,2.0,3.0,3.0,22,24
103,2018-04-19,이태양,불펜투수,한화,0,두산,한화,5.7,1,2,0,0,0,0,0,2.0,1.0,1.0,1.0,5,6
104,2018-04-19,박주홍,불펜투수,한화,0,두산,한화,7.4,0,0,0,0,0,0,0,0.0,0.0,1.0,1.0,1,1
105,2018-04-19,서균,불펜투수,한화,0,두산,한화,7.5,0,0,0,0,0,0,0,0.0,0.0,0.0,0.0,2,2
106,2018-04-19,박상원,불펜투수,한화,0,두산,한화,7.7,1,2,0,0,0,0,0,2.0,0.0,0.0,0.0,4,5
107,2018-04-20,신재영,선발투수,넥센,0,한화,넥센,1.1,6,0,1,0,0,0,0,3.0,1.0,1.0,1.0,25,26
108,2018-04-20,김성민,불펜투수,넥센,0,한화,넥센,7.9,1,0,0,0,0,0,0,1.0,0.0,0.0,0.0,3,3
109,2018-04-20,조덕길,불펜투수,넥센,0,한화,넥센,8.3,1,0,0,0,0,0,0,1.0,0.0,0.0,0.0,3,3
110,2018-04-20,김동준,불펜투수,넥센,0,한화,넥센,9.6,1,0,0,0,0,0,0,0.0,0.0,0.0,0.0,4,4
111,2018-04-21,한현희,선발투수,넥센,0,한화,넥센,1.1,6,2,0,0,0,0,0,3.0,2.0,3.0,3.0,25,27
112,2018-04-21,이보근,불펜투수,넥센,0,한화,넥센,7.1,0,1,1,0,0,0,0,0.0,0.0,0.0,0.0,1,1
113,2018-04-21,김상수,불펜투수,넥센,0,한화,넥센,8.2,0,2,0,0,0,0,1,0.0,0.0,0.0,0.0,3,3
114,2018-04-21,조상우,불펜투수,넥센,0,한화,넥센,8.5,1,1,0,0,0,1,0,1.0,0.0,0.0,0.0,4,4
115,2018-04-22,로저스,선발투수,넥센,0,한화,넥센,1.1,9,0,1,0,0,0,0,8.0,0.0,1.0,1.0,30,30
116,2018-04-25,샘슨,선발투수,한화,0,기아,한화,1.1,7,0,0,0,0,0,0,5.0,0.0,1.0,1.0,26,26
117,2018-04-25,송은범,불펜투수,한화,0,기아,한화,8.9,0,2,0,0,0,0,0,1.0,0.0,1.0,1.0,4,4
118,2018-04-25,정우람,불펜투수,한화,0,기아,한화,8.4,1,1,1,0,0,0,0,2.0,0.0,0.0,0.0,5,5
119,2018-04-26,휠러,선발투수,한화,0,기아,한화,1.1,6,0,0,0,0,0,0,1.0,1.0,1.0,1.0,27,28
120,2018-04-26,안영명,불펜투수,한화,0,기아,한화,7.2,1,0,0,0,0,0,0,0.0,0.0,0.0,0.0,3,3
121,2018-04-26,서균,불펜투수,한화,0,기아,한화,8.5,0,1,0,0,0,0,0,0.0,1.0,0.0,0.0,1,2
122,2018-04-26,박상원,불펜투수,한화,0,기아,한화,8.7,0,2,1,0,0,0,0,0.0,1.0,0.0,0.0,1,2
123,2018-04-26,정우람,불펜투수,한화,0,기아,한화,9.9,1,0,0,0,0,1,0,0.0,0.0,0.0,0.0,4,4
124,2018-04-27,배영수,선발투수,한화,0,롯데,한화,1.1,4,0,0,0,0,0,0,3.0,2.0,3.0,3.0,16,18
125,2018-04-27,이태양,불펜투수,한화,0,롯데,한화,5.1,3,0,0,0,0,0,0,4.0,1.0,0.0,0.0,10,12
126,2018-04-27,송은범,불펜투수,한화,0,롯데,한화,8.4,1,0,0,1,0,0,0,1.0,1.0,2.0,2.0,6,7
127,2018-04-28,김재영,선발투수,한화,0,롯데,한화,1.1,6,1,1,0,0,0,0,5.0,2.0,1.0,0.0,24,26
128,2018-04-28,박상원,불펜투수,한화,0,롯데,한화,7.9,0,2,0,0,0,0,0,0.0,0.0,0.0,0.0,3,3
129,2018-04-28,안영명,불펜투수,한화,0,롯데,한화,8.3,1,0,0,0,0,0,1,1.0,0.0,1.0,1.0,5,5
130,2018-04-28,정우람,불펜투수,한화,0,롯데,한화,9.8,1,0,0,0,0,1,0,1.0,0.0,0.0,0.0,4,4
131,2018-04-29,김진욱,선발투수,한화,0,롯데,한화,1.1,2,0,0,0,0,0,0,1.0,3.0,2.0,2.0,10,13
132,2018-04-29,장민재,불펜투수,한화,0,롯데,한화,3.5,2,2,0,1,0,0,0,2.0,1.0,2.0,2.0,9,11
133,2018-04-29,서균,불펜투수,한화,0,롯데,한화,5.7,1,1,0,0,0,0,0,2.0,0.0,0.0,0.0,5,5
134,2018-04-29,박상원,불펜투수,한화,0,롯데,한화,7.3,0,2,0,0,0,0,0,0.0,1.0,0.0,0.0,3,4
135,2018-04-29,송은범,불펜투수,한화,0,롯데,한화,7.7,1,1,0,0,0,0,0,2.0,0.0,0.0,0.0,4,4
136,2018-05-01,차우찬,선발투수,LG,0,한화,LG,1.1,5,0,0,1,0,0,0,5.0,2.0,6.0,5.0,23,25
137,2018-05-01,최성훈,불펜투수,LG,0,한화,LG,6.8,0,2,0,0,0,0,0,1.0,1.0,0.0,0.0,3,4
138,2018-05-01,여건욱,불펜투수,LG,0,한화,LG,6.3,1,1,0,0,0,0,0,0.0,1.0,0.0,0.0,5,6
139,2018-05-01,진해수,불펜투수,LG,0,한화,LG,8.9,0,2,0,0,0,0,0,0.0,0.0,0.0,0.0,2,3
140,2018-05-01,이동현,불펜투수,LG,0,한화,LG,8.3,0,1,0,0,0,0,0,0.0,0.0,0.0,0.0,1,1
141,2018-05-02,소사,선발투수,LG,0,한화,LG,1.1,8,0,0,0,0,0,0,10.0,0.0,2.0,2.0,30,30
142,2018-05-02,정찬헌,불펜투수,LG,0,한화,LG,9.4,0,1,0,1,0,0,0,1.0,2.0,2.0,2.0,4,6
143,2018-05-03,임찬규,선발투수,LG,0,한화,LG,1.1,6,1,0,1,0,0,0,2.0,3.0,4.0,4.0,23,27
144,2018-05-03,진해수,불펜투수,LG,0,한화,LG,7.1,0,0,0,0,0,0,0,0.0,0.0,2.0,2.0,2,2
145,2018-05-03,이동현,불펜투수,LG,0,한화,LG,7.3,0,2,0,0,0,0,0,1.0,0.0,1.0,1.0,3,4
146,2018-05-03,고우석,불펜투수,LG,0,한화,LG,8.7,1,0,0,0,0,0,0,0.0,0.0,0.0,0.0,3,3
147,2018-05-04,김재영,선발투수,한화,0,삼성,한화,1.1,3,2,0,0,0,0,0,2.0,2.0,6.0,4.0,19,21
148,2018-05-04,장민재,불펜투수,한화,0,삼성,한화,4.4,3,1,0,0,0,0,0,0.0,0.0,0.0,0.0,12,12
149,2018-05-04,박주홍,불펜투수,한화,0,삼성,한화,8.7,1,0,1,0,0,0,0,2.0,0.0,0.0,0.0,3,3
150,2018-05-04,정우람,불펜투수,한화,0,삼성,한화,9.1,1,0,0,0,0,1,0,1.0,1.0,0.0,0.0,3,4
151,2018-05-05,김민우,선발투수,한화,0,삼성,한화,1.1,3,2,0,1,0,0,0,3.0,4.0,6.0,6.0,16,20
152,2018-05-05,이태양,불펜투수,한화,0,삼성,한화,4.3,4,1,0,0,0,0,0,4.0,1.0,2.0,2.0,17,18
153,2018-05-08,샘슨,선발투수,한화,0,넥센,한화,1.1,4,2,0,0,0,0,0,7.0,1.0,7.0,7.0,23,25
154,2018-05-08,박주홍,불펜투수,한화,0,넥센,한화,5.8,0,2,0,0,0,0,0,1.0,2.0,0.0,0.0,2,4
155,2018-05-08,박상원,불펜투수,한화,0,넥센,한화,6.3,0,2,0,0,0,0,0,1.0,1.0,0.0,0.0,3,4
156,2018-05-08,송은범,불펜투수,한화,0,넥센,한화,7.7,1,0,0,0,0,0,0,2.0,1.0,2.0,0.0,6,7
157,2018-05-08,장민재,불펜투수,한화,0,넥센,한화,8.5,1,0,1,0,0,0,0,1.0,0.0,0.0,0.0,4,4
158,2018-05-08,정우람,불펜투수,한화,0,넥센,한화,9.9,1,0,0,0,0,1,0,2.0,1.0,0.0,0.0,4,5
159,2018-05-09,휠러,선발투수,한화,0,넥센,한화,1.1,5,1,1,0,0,0,0,8.0,2.0,0.0,0.0,19,21
160,2018-05-09,서균,불펜투수,한화,0,넥센,한화,6.4,0,1,0,0,0,0,1,0.0,1.0,0.0,0.0,2,3
161,2018-05-09,안영명,불펜투수,한화,0,넥센,한화,6.7,2,1,0,0,0,0,1,1.0,0.0,1.0,1.0,9,9
162,2018-05-09,정우람,불펜투수,한화,0,넥센,한화,9.7,1,0,0,0,0,1,0,0.0,0.0,0.0,0.0,3,3
163,2018-05-10,김재영,선발투수,한화,0,넥센,한화,1.1,5,2,1,0,0,0,0,3.0,1.0,1.0,1.0,22,23
164,2018-05-10,송은범,불펜투수,한화,0,넥센,한화,6.6,1,1,0,0,0,0,1,1.0,0.0,0.0,0.0,4,4
165,2018-05-10,안영명,불펜투수,한화,0,넥센,한화,8.1,1,0,0,0,0,0,1,1.0,0.0,0.0,0.0,5,5
166,2018-05-10,정우람,불펜투수,한화,0,넥센,한화,9.6,1,0,0,0,0,1,0,3.0,0.0,0.0,0.0,4,4
167,2018-05-11,구창모,선발투수,NC,0,한화,NC,1.1,6,0,0,0,0,0,0,4.0,1.0,0.0,0.0,20,21
168,2018-05-11,원종현,불펜투수,NC,0,한화,NC,7.4,1,2,0,0,0,0,1,1.0,1.0,0.0,0.0,5,6
169,2018-05-11,강윤구,불펜투수,NC,0,한화,NC,8.1,0,1,0,0,0,0,1,1.0,0.0,0.0,0.0,2,2
170,2018-05-11,이민호,불펜투수,NC,0,한화,NC,9.3,1,2,0,0,0,0,0,2.0,1.0,2.0,2.0,9,10
171,2018-05-11,배재환,불펜투수,NC,0,한화,NC,10.4,1,1,1,0,0,0,0,1.0,0.0,0.0,0.0,5,5
172,2018-05-13,베렛,선발투수,NC,0,한화,NC,1.1,1,1,0,1,0,0,0,1.0,0.0,3.0,3.0,9,9
173,2018-05-13,최성영,불펜투수,NC,0,한화,NC,2.1,4,2,0,0,0,0,0,6.0,0.0,1.0,1.0,20,20
174,2018-05-13,배재환,불펜투수,NC,0,한화,NC,7.3,1,0,0,0,0,0,0,0.0,0.0,0.0,0.0,3,3
175,2018-05-13,노성호,불펜투수,NC,0,한화,NC,8.6,0,2,0,0,0,0,0,1.0,0.0,0.0,0.0,2,2
176,2018-05-13,이형범,불펜투수,NC,0,한화,NC,8.8,0,1,0,0,0,0,0,0.0,0.0,0.0,0.0,1,1
177,2018-05-15,금민철,선발투수,KT,0,한화,KT,1.1,6,0,1,0,0,0,0,5.0,3.0,0.0,0.0,22,25
178,2018-05-15,엄상백,불펜투수,KT,0,한화,KT,7.8,1,0,0,0,0,0,1,1.0,0.0,0.0,0.0,2,2
179,2018-05-15,심재민,불펜투수,KT,0,한화,KT,8.1,1,0,0,0,0,0,1,0.0,0.0,0.0,0.0,4,4
180,2018-05-15,김재윤,불펜투수,KT,0,한화,KT,9.5,1,0,0,0,0,1,0,1.0,0.0,0.0,0.0,5,5
181,2018-05-16,주권,선발투수,KT,0,한화,KT,1.1,5,1,0,0,0,0,0,5.0,3.0,4.0,3.0,18,22
182,2018-05-16,심재민,불펜투수,KT,0,한화,KT,6.5,0,2,0,1,0,0,0,1.0,0.0,1.0,1.0,3,3
183,2018-05-16,류희운,불펜투수,KT,0,한화,KT,7.8,1,0,0,0,0,0,0,1.0,1.0,0.0,0.0,3,4
184,2018-05-16,홍성용,불펜투수,KT,0,한화,KT,8.3,1,0,0,0,0,0,0,0.0,0.0,0.0,0.0,3,3
185,2018-05-17,니퍼트,선발투수,KT,0,한화,KT,1.1,6,0,0,1,0,0,0,5.0,0.0,4.0,3.0,26,27
186,2018-05-17,이종혁,불펜투수,KT,0,한화,KT,7.1,1,0,0,0,0,0,0,0.0,0.0,1.0,0.0,2,4
187,2018-05-17,김사율,불펜투수,KT,0,한화,KT,8.5,1,0,0,0,0,0,0,0.0,1.0,0.0,0.0,3,4
188,2018-05-18,배영수,선발투수,한화,0,LG,한화,1.1,4,1,0,0,0,0,0,7.0,2.0,3.0,2.0,20,22
189,2018-05-18,이태양,불펜투수,한화,0,LG,한화,5.5,1,2,0,0,0,0,0,1.0,1.0,0.0,0.0,5,6
190,2018-05-18,박주홍,불펜투수,한화,0,LG,한화,7.2,1,0,0,0,0,0,0,2.0,0.0,0.0,0.0,3,3
191,2018-05-18,송은범,불펜투수,한화,0,LG,한화,8.5,1,0,1,0,0,0,0,0.0,0.0,0.0,0.0,3,3
192,2018-05-18,정우람,불펜투수,한화,0,LG,한화,9.8,1,0,0,0,0,1,0,1.0,0.0,0.0,0.0,3,4
193,2018-05-19,샘슨,선발투수,한화,0,LG,한화,1.1,6,0,1,0,0,0,0,3.0,4.0,1.0,1.0,20,24
194,2018-05-19,안영명,불펜투수,한화,0,LG,한화,7.7,1,0,0,0,0,0,1,0.0,0.0,0.0,0.0,4,4
195,2018-05-19,송은범,불펜투수,한화,0,LG,한화,8.2,1,1,0,0,0,0,1,0.0,1.0,0.0,0.0,5,6
196,2018-05-19,서균,불펜투수,한화,0,LG,한화,9.8,0,2,0,0,0,1,0,0.0,0.0,0.0,0.0,1,1
197,2018-05-20,휠러,선발투수,한화,0,LG,한화,1.1,6,0,0,1,0,0,0,4.0,3.0,4.0,4.0,26,29
198,2018-05-20,박주홍,불펜투수,한화,0,LG,한화,7.3,1,0,0,0,0,0,0,0.0,0.0,2.0,2.0,6,6
199,2018-05-20,이태양,불펜투수,한화,0,LG,한화,8.9,1,0,0,0,0,0,0,1.0,0.0,0.0,0.0,4,4
200,2018-05-22,후랭코프,선발투수,두산,0,한화,두산,1.1,3,2,0,0,0,0,0,2.0,2.0,6.0,6.0,18,20
201,2018-05-22,현도훈,불펜투수,두산,0,한화,두산,4.3,3,1,0,0,0,0,0,5.0,3.0,0.0,0.0,10,13
202,2018-05-22,김승회,불펜투수,두산,0,한화,두산,8.7,0,2,0,0,0,0,1,1.0,1.0,0.0,0.0,2,3
203,2018-05-22,이현승,불펜투수,두산,0,한화,두산,8.1,0,1,0,0,0,0,1,0.0,0.0,0.0,0.0,1,1
204,2018-05-22,박치국,불펜투수,두산,0,한화,두산,9.2,2,0,0,0,0,0,0,2.0,0.0,1.0,1.0,8,8
205,2018-05-22,김정후,불펜투수,두산,0,한화,두산,11.1,0,0,0,1,0,0,0,0.0,1.0,1.0,0.0,2,3
206,2018-05-23,이영하,선발투수,두산,0,한화,두산,1.1,1,2,0,0,0,0,0,0.0,3.0,2.0,0.0,6,9
207,2018-05-23,변진수,불펜투수,두산,0,한화,두산,2.1,2,1,0,0,0,0,0,1.0,2.0,1.0,1.0,10,12
208,2018-05-23,김승회,불펜투수,두산,0,한화,두산,5.4,2,1,0,1,0,0,0,3.0,1.0,1.0,1.0,10,11
209,2018-05-23,이현승,불펜투수,두산,0,한화,두산,7.6,1,0,0,0,0,0,0,0.0,0.0,1.0,1.0,4,4
210,2018-05-23,홍상삼,불펜투수,두산,0,한화,두산,8.1,0,2,0,0,0,0,0,0.0,1.0,0.0,0.0,1,2
211,2018-05-24,이용찬,선발투수,두산,0,한화,두산,1.1,7,0,1,0,0,0,0,3.0,1.0,0.0,0.0,26,27
212,2018-05-24,이현승,불펜투수,두산,0,한화,두산,8.1,1,0,0,0,0,0,0,0.0,0.0,0.0,0.0,3,3
213,2018-05-24,함덕주,불펜투수,두산,0,한화,두산,9.4,0,2,0,0,0,0,0,0.0,1.0,1.0,0.0,3,4
214,2018-05-24,이현호,불펜투수,두산,0,한화,두산,9.8,0,1,0,0,0,0,0,0.0,1.0,0.0,0.0,1,2
215,2018-05-25,샘슨,선발투수,한화,0,SK,한화,1.1,6,1,0,1,0,0,0,9.0,1.0,3.0,3.0,24,25
216,2018-05-25,안영명,불펜투수,한화,0,SK,한화,7.8,1,0,0,0,0,0,0,0.0,0.0,1.0,1.0,4,5
217,2018-05-25,서균,불펜투수,한화,0,SK,한화,8.4,0,0,0,0,0,0,0,0.0,2.0,1.0,1.0,0,2
218,2018-05-25,김범수,불펜투수,한화,0,SK,한화,8.6,0,2,0,0,0,0,0,0.0,0.0,0.0,0.0,2,3
219,2018-05-26,휠러,선발투수,한화,0,SK,한화,1.1,3,2,0,1,0,0,0,3.0,4.0,6.0,6.0,19,23
220,2018-05-26,장민재,불펜투수,한화,0,SK,한화,4.6,2,1,0,0,0,0,0,0.0,0.0,1.0,0.0,10,10
221,2018-05-26,이태양,불펜투수,한화,0,SK,한화,7.7,1,0,0,0,0,0,0,1.0,1.0,0.0,0.0,4,5
222,2018-05-26,박상원,불펜투수,한화,0,SK,한화,8.3,1,0,0,0,0,0,0,0.0,0.0,0.0,0.0,4,4
223,2018-05-27,김재영,선발투수,한화,0,SK,한화,1.1,4,2,0,0,0,0,0,1.0,3.0,2.0,2.0,20,23
224,2018-05-27,송은범,불펜투수,한화,0,SK,한화,5.6,0,2,0,0,0,0,0,1.0,0.0,2.0,2.0,4,4
225,2018-05-27,김범수,불펜투수,한화,0,SK,한화,6.1,0,2,0,0,0,0,0,1.0,0.0,0.0,0.0,3,3
226,2018-05-27,서균,불펜투수,한화,0,SK,한화,7.4,1,0,0,0,0,0,0,0.0,1.0,0.0,0.0,3,4
227,2018-05-27,안영명,불펜투수,한화,0,SK,한화,8.8,2,0,1,0,0,0,0,1.0,0.0,0.0,0.0,8,8
228,2018-05-27,정우람,불펜투수,한화,0,SK,한화,10.7,1,0,0,0,0,1,0,0.0,1.0,1.0,1.0,4,6
229,2018-05-29,노성호,선발투수,NC,0,한화,NC,1.1,4,0,0,1,0,0,0,1.0,5.0,3.0,3.0,15,20
230,2018-05-29,장현식,불펜투수,NC,0,한화,NC,5.3,1,1,0,0,0,0,0,1.0,2.0,1.0,1.0,3,6
231,2018-05-29,이민호,불펜투수,NC,0,한화,NC,6.8,0,2,0,0,0,0,0,1.0,0.0,1.0,1.0,4,4
232,2018-05-29,강윤구,불펜투수,NC,0,한화,NC,7.4,0,0,0,0,0,0,0,0.0,1.0,2.0,2.0,1,2
233,2018-05-29,유원상,불펜투수,NC,0,한화,NC,7.6,1,0,0,0,0,0,0,1.0,1.0,0.0,0.0,3,5
234,2018-05-29,최금강,불펜투수,NC,0,한화,NC,8.2,1,0,0,0,0,0,0,0.0,1.0,0.0,0.0,3,4
235,2018-05-30,왕웨이중,선발투수,NC,0,한화,NC,1.1,3,0,0,1,0,0,0,2.0,1.0,8.0,3.0,18,19
236,2018-05-30,이형범,불펜투수,NC,0,한화,NC,4.2,5,0,0,0,0,0,0,3.0,2.0,2.0,1.0,23,25
237,2018-05-31,최성영,선발투수,NC,0,한화,NC,1.1,4,0,0,0,0,0,0,5.0,2.0,2.0,2.0,14,16
238,2018-05-31,장현식,불펜투수,NC,0,한화,NC,5.8,1,0,1,0,0,0,0,1.0,1.0,1.0,1.0,3,4
239,2018-05-31,원종현,불펜투수,NC,0,한화,NC,6.3,1,2,0,0,0,0,1,1.0,0.0,1.0,0.0,6,6
240,2018-05-31,배재환,불펜투수,NC,0,한화,NC,7.9,2,1,0,0,0,1,0,3.0,1.0,0.0,0.0,7,8
241,2018-06-01,휠러,선발투수,한화,0,롯데,한화,1.1,5,0,0,0,0,0,0,4.0,3.0,6.0,6.0,23,27
242,2018-06-01,이태양,불펜투수,한화,0,롯데,한화,6.1,2,0,1,0,0,0,0,2.0,0.0,0.0,0.0,6,6
243,2018-06-01,송은범,불펜투수,한화,0,롯데,한화,8.7,1,0,0,0,0,0,1,0.0,1.0,0.0,0.0,3,4
244,2018-06-01,박상원,불펜투수,한화,0,롯데,한화,9.2,1,0,0,0,0,0,0,2.0,0.0,0.0,0.0,4,4
245,2018-06-02,김재영,선발투수,한화,0,롯데,한화,1.1,6,0,0,0,0,0,0,1.0,3.0,1.0,1.0,23,26
246,2018-06-02,장민재,불펜투수,한화,0,롯데,한화,7.9,1,0,0,0,0,0,1,1.0,0.0,0.0,0.0,3,3
247,2018-06-02,안영명,불펜투수,한화,0,롯데,한화,8.3,0,2,0,0,0,0,0,2.0,0.0,1.0,1.0,4,4
248,2018-06-02,서균,불펜투수,한화,0,롯데,한화,8.7,0,1,1,0,0,0,0,0.0,0.0,0.0,0.0,2,2
249,2018-06-02,정우람,불펜투수,한화,0,롯데,한화,9.9,1,0,0,0,0,1,0,1.0,0.0,0.0,0.0,3,3
250,2018-06-03,김민우,선발투수,한화,0,롯데,한화,1.1,5,1,0,1,0,0,0,3.0,1.0,3.0,2.0,23,24
251,2018-06-03,이태양,불펜투수,한화,0,롯데,한화,6.7,1,0,0,0,0,0,0,2.0,1.0,1.0,1.0,3,4
252,2018-06-03,김범수,불펜투수,한화,0,롯데,한화,7.2,0,2,0,0,0,0,0,1.0,1.0,2.0,2.0,3,4
253,2018-06-03,박상원,불펜투수,한화,0,롯데,한화,8.6,1,0,0,0,0,0,0,0.0,1.0,0.0,0.0,4,5
254,2018-06-05,배영수,선발투수,한화,0,LG,한화,1.1,5,0,0,1,0,0,0,5.0,1.0,7.0,7.0,26,28
255,2018-06-05,김범수,불펜투수,한화,0,LG,한화,6.2,0,2,0,0,0,0,0,0.0,0.0,0.0,0.0,4,4
256,2018-06-05,서균,불펜투수,한화,0,LG,한화,6.6,1,1,0,0,0,0,0,0.0,0.0,0.0,0.0,5,5
257,2018-06-05,장민재,불펜투수,한화,0,LG,한화,8.2,1,0,0,0,0,0,0,1.0,1.0,0.0,0.0,4,5
258,2018-06-06,샘슨,선발투수,한화,0,LG,한화,1.1,7,0,1,0,0,0,0,5.0,3.0,0.0,0.0,24,27
259,2018-06-06,안영명,불펜투수,한화,0,LG,한화,8.1,1,0,0,0,0,0,0,0.0,0.0,1.0,1.0,4,5
260,2018-06-06,이태양,불펜투수,한화,0,LG,한화,9.6,1,0,0,0,0,0,0,0.0,0.0,0.0,0.0,4,4
261,2018-06-07,휠러,선발투수,한화,0,LG,한화,1.1,5,1,0,0,0,0,0,9.0,1.0,4.0,2.0,21,22
262,2018-06-07,송은범,불펜투수,한화,0,LG,한화,6.5,1,2,0,0,0,0,1,3.0,0.0,0.0,0.0,7,7
263,2018-06-07,안영명,불펜투수,한화,0,LG,한화,8.3,1,0,0,1,0,0,0,2.0,0.0,2.0,2.0,6,6
264,2018-06-08,산체스,선발투수,SK,0,한화,SK,1.1,4,2,0,1,0,0,0,4.0,3.0,6.0,6.0,22,25
265,2018-06-08,김태훈,불펜투수,SK,0,한화,SK,5.8,1,0,0,0,0,0,0,1.0,1.0,0.0,0.0,4,5
266,2018-06-08,서진용,불펜투수,SK,0,한화,SK,6.4,1,1,0,0,0,0,0,4.0,0.0,1.0,1.0,5,5
267,2018-06-08,이승진,불펜투수,SK,0,한화,SK,8.9,1,0,0,0,0,0,0,2.0,0.0,0.0,0.0,3,3
268,2018-06-09,박종훈,선발투수,SK,0,한화,SK,1.1,6,0,0,0,0,0,0,5.0,3.0,1.0,1.0,22,25
269,2018-06-09,박정배,불펜투수,SK,0,한화,SK,7.8,1,0,0,0,0,0,0,0.0,0.0,0.0,0.0,3,3
270,2018-06-09,서진용,불펜투수,SK,0,한화,SK,8.2,2,0,1,0,0,0,0,3.0,0.0,0.0,0.0,6,6
271,2018-06-09,신재웅,불펜투수,SK,0,한화,SK,10.8,1,0,0,0,0,1,0,1.0,1.0,1.0,1.0,5,6
272,2018-06-10,문승원,선발투수,SK,0,한화,SK,1.1,5,0,0,0,0,0,0,4.0,3.0,3.0,3.0,22,25
273,2018-06-10,김태훈,불펜투수,SK,0,한화,SK,6.8,2,0,0,0,0,0,0,4.0,0.0,0.0,0.0,8,8
274,2018-06-10,박정배,불펜투수,SK,0,한화,SK,8.7,1,0,0,0,0,0,0,2.0,1.0,0.0,0.0,3,4
275,2018-06-10,이승진,불펜투수,SK,0,한화,SK,9.2,0,1,0,1,0,0,0,0.0,1.0,1.0,1.0,3,4
276,2018-06-12,샘슨,선발투수,한화,0,넥센,한화,1.1,5,0,0,0,0,0,0,8.0,1.0,2.0,2.0,20,21
277,2018-06-12,장민재,불펜투수,한화,0,넥센,한화,6.4,1,0,0,0,0,0,0,0.0,0.0,0.0,0.0,3,3
278,2018-06-12,김범수,불펜투수,한화,0,넥센,한화,7.7,1,0,1,0,0,0,0,2.0,1.0,0.0,0.0,3,4
279,2018-06-12,송은범,불펜투수,한화,0,넥센,한화,8.2,2,0,0,0,0,1,0,1.0,0.0,0.0,0.0,6,6
280,2018-06-13,휠러,선발투수,한화,0,넥센,한화,1.1,5,1,0,1,0,0,0,3.0,2.0,3.0,3.0,20,22
281,2018-06-13,이태양,불펜투수,한화,0,넥센,한화,6.5,0,2,0,0,0,0,0,0.0,1.0,1.0,1.0,3,4
282,2018-06-13,장민재,불펜투수,한화,0,넥센,한화,7.9,1,0,0,0,0,0,0,0.0,0.0,0.0,0.0,3,3
283,2018-06-13,서균,불펜투수,한화,0,넥센,한화,8.3,0,2,0,0,0,0,0,2.0,0.0,0.0,0.0,3,3
284,2018-06-13,박상원,불펜투수,한화,0,넥센,한화,8.6,0,1,0,0,0,0,0,0.0,0.0,0.0,0.0,1,1
285,2018-06-14,김재영,선발투수,한화,0,넥센,한화,1.1,6,1,1,0,0,0,0,2.0,2.0,2.0,2.0,22,24
286,2018-06-14,김범수,불펜투수,한화,0,넥센,한화,7.7,1,1,0,0,0,0,0,3.0,0.0,0.0,0.0,5,5
287,2018-06-14,송은범,불펜투수,한화,0,넥센,한화,8.3,0,1,0,0,0,0,0,0.0,1.0,0.0,0.0,2,3
288,2018-06-14,안영명,불펜투수,한화,0,넥센,한화,9.6,0,1,0,0,0,0,0,0.0,2.0,5.0,5.0,4,6
289,2018-06-14,정우람,불펜투수,한화,0,넥센,한화,9.3,0,2,0,0,0,1,0,0.0,0.0,1.0,1.0,5,5
290,2018-06-15,후랭코프,선발투수,두산,0,한화,두산,1.1,6,0,1,0,0,0,0,4.0,3.0,0.0,0.0,20,23
291,2018-06-15,곽빈,불펜투수,두산,0,한화,두산,7.6,0,2,0,0,0,0,0,0.0,0.0,3.0,3.0,5,5
292,2018-06-15,이영하,불펜투수,두산,0,한화,두산,7.2,1,1,0,0,0,0,0,2.0,1.0,0.0,0.0,4,5
293,2018-06-15,유재유,불펜투수,두산,0,한화,두산,9.7,1,0,0,0,0,0,0,2.0,1.0,1.0,1.0,5,6
294,2018-06-16,이용찬,선발투수,두산,0,한화,두산,1.1,6,0,1,0,0,0,0,7.0,2.0,3.0,2.0,24,26
295,2018-06-16,이영하,불펜투수,두산,0,한화,두산,7.9,0,0,0,0,0,0,0,0.0,1.0,0.0,0.0,0,1
296,2018-06-16,이현승,불펜투수,두산,0,한화,두산,7.1,1,0,0,0,0,0,1,2.0,0.0,0.0,0.0,3,3
297,2018-06-16,박치국,불펜투수,두산,0,한화,두산,8.4,0,2,0,0,0,0,1,1.0,1.0,0.0,0.0,3,4
298,2018-06-16,함덕주,불펜투수,두산,0,한화,두산,8.8,1,1,0,0,0,1,0,1.0,0.0,0.0,0.0,6,6
299,2018-06-17,유희관,선발투수,두산,0,한화,두산,1.1,2,2,0,1,0,0,0,2.0,2.0,6.0,5.0,14,16
300,2018-06-17,김승회,불펜투수,두산,0,한화,두산,3.8,1,1,0,0,0,0,0,2.0,1.0,1.0,1.0,6,7
301,2018-06-17,이영하,불펜투수,두산,0,한화,두산,5.6,1,0,0,0,0,0,0,1.0,1.0,3.0,3.0,6,7
302,2018-06-17,곽빈,불펜투수,두산,0,한화,두산,6.4,2,0,0,0,0,0,0,0.0,0.0,0.0,0.0,6,6
303,2018-06-17,유재유,불펜투수,두산,0,한화,두산,8.1,1,0,0,0,0,0,0,1.0,1.0,1.0,1.0,3,5
304,2018-06-19,차우찬,선발투수,LG,0,한화,LG,1.1,7,2,1,0,0,0,0,11.0,2.0,0.0,0.0,27,29
305,2018-06-19,진해수,불펜투수,LG,0,한화,LG,8.3,0,1,0,0,0,0,0,0.0,1.0,0.0,0.0,1,2
306,2018-06-19,김지용,불펜투수,LG,0,한화,LG,9.5,1,0,0,0,0,0,0,1.0,0.0,0.0,0.0,3,3
307,2018-06-20,임찬규,선발투수,LG,0,한화,LG,1.1,3,0,0,1,0,0,0,3.0,4.0,8.0,7.0,17,21
308,2018-06-20,고우석,불펜투수,LG,0,한화,LG,4.4,1,1,0,0,0,0,0,0.0,1.0,2.0,2.0,6,7
309,2018-06-20,김태형,불펜투수,LG,0,한화,LG,5.2,0,2,0,0,0,0,0,1.0,0.0,1.0,1.0,4,4
310,2018-06-20,이동현,불펜투수,LG,0,한화,LG,6.6,2,0,0,0,0,0,0,1.0,1.0,0.0,0.0,5,7
311,2018-06-20,배민관,불펜투수,LG,0,한화,LG,8.4,1,0,0,0,0,0,0,1.0,0.0,0.0,0.0,4,4
312,2018-06-21,윌슨,선발투수,LG,0,한화,LG,1.1,7,0,0,0,0,0,0,5.0,0.0,4.0,4.0,28,29
313,2018-06-21,김지용,불펜투수,LG,0,한화,LG,8.3,1,1,0,1,0,0,0,2.0,1.0,3.0,3.0,6,7
314,2018-06-21,정찬헌,불펜투수,LG,0,한화,LG,9.1,0,1,0,0,0,0,0,1.0,0.0,2.0,2.0,3,3
315,2018-06-22,윤규진,선발투수,한화,0,NC,한화,1.1,8,0,1,0,0,0,0,8.0,1.0,0.0,0.0,25,26
316,2018-06-22,송창식,불펜투수,한화,0,NC,한화,9.9,1,0,0,0,0,0,0,1.0,1.0,0.0,0.0,3,4
317,2018-06-23,샘슨,선발투수,한화,0,NC,한화,1.1,6,0,1,0,0,0,0,7.0,3.0,1.0,1.0,21,24
318,2018-06-23,이태양,불펜투수,한화,0,NC,한화,7.7,1,1,0,0,0,0,0,2.0,0.0,0.0,0.0,5,5
319,2018-06-23,김범수,불펜투수,한화,0,NC,한화,8.3,0,2,0,0,0,0,0,2.0,0.0,0.0,0.0,2,2
320,2018-06-23,장민재,불펜투수,한화,0,NC,한화,9.5,1,0,0,0,0,0,0,1.0,0.0,0.0,0.0,3,3
321,2018-06-24,휠러,선발투수,한화,0,NC,한화,1.1,4,2,0,0,0,0,0,4.0,2.0,2.0,2.0,21,23
322,2018-06-24,박상원,불펜투수,한화,0,NC,한화,5.6,1,1,0,0,0,0,0,3.0,0.0,0.0,0.0,4,4
323,2018-06-24,김범수,불펜투수,한화,0,NC,한화,7.1,1,0,1,0,0,0,0,1.0,0.0,0.0,0.0,3,3
324,2018-06-24,송은범,불펜투수,한화,0,NC,한화,8.4,0,2,0,0,0,0,0,1.0,0.0,1.0,1.0,4,4
325,2018-06-24,정우람,불펜투수,한화,0,NC,한화,8.8,1,1,0,0,0,1,0,1.0,0.0,0.0,0.0,4,4
326,2018-06-26,양창섭,선발투수,삼성,0,한화,삼성,1.1,6,0,1,0,0,0,0,6.0,3.0,1.0,1.0,22,25
327,2018-06-26,우규민,불펜투수,삼성,0,한화,삼성,7.8,1,0,0,0,0,0,0,2.0,0.0,0.0,0.0,4,4
328,2018-06-26,한기주,불펜투수,삼성,0,한화,삼성,8.3,1,0,0,0,0,0,0,0.0,0.0,1.0,1.0,4,4
329,2018-06-26,장필준,불펜투수,삼성,0,한화,삼성,9.7,0,0,0,0,0,0,0,0.0,0.0,0.0,0.0,0,0
330,2018-06-27,백정현,선발투수,삼성,0,한화,삼성,1.1,6,0,0,1,0,0,0,2.0,2.0,2.0,2.0,22,24
331,2018-06-27,최충연,불펜투수,삼성,0,한화,삼성,7.7,1,0,0,0,0,0,0,1.0,0.0,2.0,2.0,6,6
332,2018-06-27,박근홍,불펜투수,삼성,0,한화,삼성,8.4,1,0,0,0,0,0,0,1.0,0.0,0.0,0.0,4,4
333,2018-06-28,보니야,선발투수,삼성,0,한화,삼성,1.1,6,2,0,1,0,0,0,3.0,4.0,3.0,1.0,23,27
334,2018-06-28,장필준,불펜투수,삼성,0,한화,삼성,7.1,0,0,0,0,0,0,0,0.0,3.0,3.0,3.0,0,3
335,2018-06-28,박근홍,불펜투수,삼성,0,한화,삼성,7.4,0,1,0,0,0,0,0,0.0,0.0,1.0,1.0,2,2
336,2018-06-28,최지광,불펜투수,삼성,0,한화,삼성,8.6,1,0,0,0,0,0,0,2.0,1.0,1.0,1.0,5,6
337,2018-06-29,이명우,선발투수,롯데,0,한화,롯데,1.1,3,2,0,0,0,0,0,2.0,1.0,1.0,0.0,15,16
338,2018-06-29,송승준,불펜투수,롯데,0,한화,롯데,4.8,1,0,0,0,0,0,0,2.0,1.0,1.0,1.0,4,5
339,2018-06-29,고효준,불펜투수,롯데,0,한화,롯데,5.4,0,2,0,1,0,0,0,0.0,2.0,2.0,2.0,2,4
340,2018-06-29,진명호,불펜투수,롯데,0,한화,롯데,6.8,1,2,0,0,0,0,0,0.0,0.0,1.0,1.0,6,6
341,2018-06-29,김대우,불펜투수,롯데,0,한화,롯데,8.5,1,0,0,0,0,0,0,0.0,0.0,0.0,0.0,3,3
342,2018-06-30,김원중,선발투수,롯데,0,한화,롯데,1.1,5,0,0,0,0,0,0,6.0,2.0,2.0,2.0,19,21
343,2018-06-30,고효준,불펜투수,롯데,0,한화,롯데,6.4,0,2,0,0,0,0,1,0.0,0.0,0.0,0.0,2,2
344,2018-06-30,구승민,불펜투수,롯데,0,한화,롯데,6.6,1,1,0,0,0,0,1,2.0,0.0,0.0,0.0,4,4
345,2018-06-30,오현택,불펜투수,롯데,0,한화,롯데,8.1,1,0,0,0,0,0,1,0.0,1.0,1.0,0.0,3,4
346,2018-06-30,손승락,불펜투수,롯데,0,한화,롯데,9.5,0,2,0,1,0,0,0,1.0,1.0,3.0,3.0,4,5
347,2018-07-03,김민우,선발투수,한화,0,기아,한화,1.1,4,1,0,1,0,0,0,2.0,1.0,8.0,6.0,22,24
348,2018-07-03,송창식,불펜투수,한화,0,기아,한화,5.7,2,2,0,0,0,0,0,2.0,1.0,1.0,1.0,9,11
349,2018-07-03,송은범,불펜투수,한화,0,기아,한화,8.9,1,0,0,0,0,0,0,1.0,0.0,0.0,0.0,4,4
350,2018-07-04,윤규진,선발투수,한화,0,기아,한화,1.1,5,0,0,0,0,0,0,4.0,3.0,4.0,3.0,21,24
351,2018-07-04,김범수,불펜투수,한화,0,기아,한화,6.7,1,0,0,1,0,0,0,3.0,1.0,1.0,1.0,4,5
352,2018-07-04,이태양,불펜투수,한화,0,기아,한화,7.3,0,2,0,0,0,0,0,0.0,0.0,1.0,1.0,4,4
353,2018-07-04,장민재,불펜투수,한화,0,기아,한화,7.7,1,1,0,0,0,0,0,0.0,0.0,0.0,0.0,4,5
354,2018-07-05,샘슨,선발투수,한화,0,기아,한화,1.1,7,0,1,0,0,0,0,9.0,3.0,2.0,2.0,23,26
355,2018-07-05,송은범,불펜투수,한화,0,기아,한화,8.9,2,0,0,0,0,0,0,0.0,1.0,0.0,0.0,6,7
356,2018-07-06,휠러,선발투수,한화,0,SK,한화,1.1,5,0,0,1,0,0,0,5.0,1.0,4.0,4.0,20,23
357,2018-07-06,안영명,불펜투수,한화,0,SK,한화,6.6,1,0,0,0,0,0,0,0.0,0.0,2.0,2.0,6,6
358,2018-07-06,서균,불펜투수,한화,0,SK,한화,7.3,1,0,0,0,0,0,0,0.0,0.0,0.0,0.0,3,3
359,2018-07-06,박상원,불펜투수,한화,0,SK,한화,8.6,1,0,0,0,0,0,0,1.0,0.0,0.0,0.0,3,3
360,2018-07-07,김재영,선발투수,한화,0,SK,한화,1.1,6,2,0,0,0,0,0,4.0,3.0,1.0,1.0,24,27
361,2018-07-07,김범수,불펜투수,한화,0,SK,한화,7.1,0,0,0,0,0,0,0,0.0,0.0,2.0,2.0,2,2
362,2018-07-07,서균,불펜투수,한화,0,SK,한화,7.3,0,0,0,1,0,0,0,0.0,0.0,2.0,2.0,2,2
363,2018-07-07,이태양,불펜투수,한화,0,SK,한화,7.5,1,1,0,0,0,0,0,2.0,1.0,0.0,0.0,4,5
364,2018-07-08,김민우,선발투수,한화,0,SK,한화,1.1,5,1,1,0,0,0,0,5.0,2.0,2.0,2.0,20,22
365,2018-07-08,박상원,불펜투수,한화,0,SK,한화,6.5,0,0,0,0,0,0,0,0.0,0.0,0.0,0.0,2,2
366,2018-07-08,이태양,불펜투수,한화,0,SK,한화,6.7,2,2,0,0,0,0,1,2.0,1.0,0.0,0.0,8,9
367,2018-07-08,정우람,불펜투수,한화,0,SK,한화,9.7,1,0,0,0,0,1,0,0.0,1.0,0.0,0.0,3,4
368,2018-07-10,한현희,선발투수,넥센,0,한화,넥센,1.1,7,0,0,0,0,0,0,6.0,3.0,1.0,1.0,26,29
369,2018-07-10,이보근,불펜투수,넥센,0,한화,넥센,8.3,0,1,0,1,0,0,0,1.0,0.0,3.0,3.0,4,4
370,2018-07-10,김성민,불펜투수,넥센,0,한화,넥센,8.7,0,2,0,0,0,0,0,1.0,0.0,0.0,0.0,3,3
371,2018-07-11,최원태,선발투수,넥센,0,한화,넥센,1.1,6,0,1,0,0,0,0,4.0,0.0,4.0,3.0,28,28
372,2018-07-11,윤영삼,불펜투수,넥센,0,한화,넥센,7.2,3,0,0,0,0,1,0,3.0,1.0,4.0,3.0,16,17
373,2018-07-12,신재영,선발투수,넥센,0,한화,넥센,1.1,4,1,0,1,0,0,0,2.0,2.0,2.0,2.0,19,21
374,2018-07-12,김동준,불펜투수,넥센,0,한화,넥센,5.4,0,2,0,0,0,0,0,0.0,1.0,1.0,1.0,3,4
375,2018-07-12,양현,불펜투수,넥센,0,한화,넥센,6.8,0,2,0,0,0,0,0,0.0,1.0,0.0,0.0,2,3
376,2018-07-12,이승호,불펜투수,넥센,0,한화,넥센,6.2,1,1,0,0,0,0,0,1.0,1.0,1.0,1.0,5,6
377,2018-07-12,오주원,불펜투수,넥센,0,한화,넥센,8.8,1,0,0,0,0,0,0,2.0,0.0,0.0,0.0,4,4
378,2018-07-17,샘슨,선발투수,한화,0,KT,한화,1.1,5,0,1,0,0,0,0,4.0,4.0,1.0,1.0,20,24
379,2018-07-17,송은범,불펜투수,한화,0,KT,한화,6.7,1,0,0,0,0,0,0,0.0,0.0,0.0,0.0,3,3
380,2018-07-17,김범수,불펜투수,한화,0,KT,한화,7.1,0,2,0,0,0,0,0,1.0,0.0,0.0,0.0,2,2
381,2018-07-17,서균,불펜투수,한화,0,KT,한화,7.3,0,1,0,0,0,0,0,0.0,0.0,0.0,0.0,2,2
382,2018-07-17,안영명,불펜투수,한화,0,KT,한화,8.5,1,0,0,0,0,0,0,1.0,0.0,0.0,0.0,3,3
383,2018-07-17,박상원,불펜투수,한화,0,KT,한화,9.8,1,0,0,0,0,0,0,1.0,1.0,0.0,0.0,4,5
384,2018-07-18,윤규진,선발투수,한화,0,KT,한화,1.1,6,0,0,0,0,0,0,5.0,1.0,1.0,1.0,24,25
385,2018-07-18,서균,불펜투수,한화,0,KT,한화,7.8,0,1,0,0,0,0,1,1.0,0.0,0.0,0.0,1,1
386,2018-07-18,이태양,불펜투수,한화,0,KT,한화,7.9,1,2,0,0,0,0,0,1.0,0.0,1.0,1.0,7,7
387,2018-07-18,송은범,불펜투수,한화,0,KT,한화,9.7,0,1,0,0,0,0,0,0.0,0.0,0.0,0.0,2,2
388,2018-07-18,김범수,불펜투수,한화,0,KT,한화,9.9,1,1,0,0,0,0,0,1.0,0.0,0.0,0.0,3,3
389,2018-07-18,안영명,불펜투수,한화,0,KT,한화,10.3,0,2,0,0,0,0,0,2.0,1.0,0.0,0.0,3,4
390,2018-07-18,박상원,불펜투수,한화,0,KT,한화,11.7,0,2,0,0,0,0,0,2.0,0.0,0.0,0.0,2,2
391,2018-07-18,정우람,불펜투수,한화,0,KT,한화,12.9,0,1,0,1,0,0,0,1.0,0.0,2.0,2.0,3,3
392,2018-07-19,김재영,선발투수,한화,0,KT,한화,1.1,6,0,0,1,0,0,0,7.0,2.0,7.0,6.0,23,26
393,2018-07-19,송은범,불펜투수,한화,0,KT,한화,7.9,0,2,0,0,0,0,0,0.0,2.0,1.0,1.0,2,5
394,2018-07-19,서균,불펜투수,한화,0,KT,한화,7.5,1,1,0,0,0,0,0,1.0,2.0,0.0,0.0,3,5
395,2018-07-20,김민우,선발투수,한화,0,삼성,한화,1.1,6,1,1,0,0,0,0,3.0,6.0,0.0,0.0,19,25
396,2018-07-20,이태양,불펜투수,한화,0,삼성,한화,7.8,0,1,0,0,0,0,1,0.0,1.0,0.0,0.0,1,2
397,2018-07-20,김범수,불펜투수,한화,0,삼성,한화,7.1,0,1,0,0,0,0,1,0.0,0.0,0.0,0.0,1,1
398,2018-07-20,박상원,불펜투수,한화,0,삼성,한화,8.2,1,0,0,0,0,0,1,3.0,0.0,0.0,0.0,4,4
399,2018-07-20,정우람,불펜투수,한화,0,삼성,한화,9.6,1,0,0,0,0,1,0,1.0,0.0,0.0,0.0,3,3
400,2018-07-21,김진영,선발투수,한화,0,삼성,한화,1.1,4,2,0,0,0,0,0,3.0,1.0,2.0,2.0,17,19
401,2018-07-21,장민재,불펜투수,한화,0,삼성,한화,5.2,0,0,0,0,0,0,0,0.0,1.0,1.0,0.0,3,4
402,2018-07-21,송은범,불펜투수,한화,0,삼성,한화,5.6,2,1,0,0,0,0,0,3.0,0.0,0.0,0.0,8,8
403,2018-07-21,안영명,불펜투수,한화,0,삼성,한화,8.5,0,2,0,0,0,0,0,1.0,0.0,0.0,0.0,4,4
404,2018-07-21,이태양,불펜투수,한화,0,삼성,한화,8.9,1,0,0,1,0,0,0,1.0,3.0,1.0,0.0,4,7
405,2018-07-21,김범수,불펜투수,한화,0,삼성,한화,9.7,0,0,0,0,0,0,0,0.0,0.0,0.0,0.0,1,1
406,2018-07-22,김성훈,선발투수,한화,0,삼성,한화,1.1,5,1,0,0,0,0,0,6.0,3.0,1.0,1.0,16,19
407,2018-07-22,안영명,불펜투수,한화,0,삼성,한화,6.2,0,2,0,0,0,0,0,1.0,0.0,1.0,1.0,3,3
408,2018-07-22,박상원,불펜투수,한화,0,삼성,한화,7.5,1,1,0,0,0,0,0,1.0,2.0,2.0,2.0,4,6
409,2018-07-22,정우람,불펜투수,한화,0,삼성,한화,8.2,0,2,0,1,0,0,0,0.0,0.0,1.0,1.0,5,6
410,2018-07-24,헥터,선발투수,기아,0,한화,기아,1.1,4,0,0,1,0,0,0,6.0,2.0,5.0,2.0,21,23
411,2018-07-24,유승철,불펜투수,기아,0,한화,기아,5.6,3,0,0,0,0,0,0,2.0,3.0,0.0,0.0,8,12
412,2018-07-24,김세현,불펜투수,기아,0,한화,기아,8.9,1,0,0,0,0,0,0,1.0,0.0,0.0,0.0,4,4
413,2018-07-25,황인준,선발투수,기아,0,한화,기아,1.1,2,0,0,0,0,0,0,1.0,2.0,3.0,3.0,9,12
414,2018-07-25,팻딘,불펜투수,기아,0,한화,기아,3.4,4,0,1,0,0,0,0,4.0,0.0,0.0,0.0,14,14
415,2018-07-25,김윤동,불펜투수,기아,0,한화,기아,7.9,1,0,0,0,0,0,0,2.0,0.0,0.0,0.0,5,5
416,2018-07-25,문경찬,불펜투수,기아,0,한화,기아,8.5,2,0,0,0,0,0,0,3.0,0.0,0.0,0.0,8,8
417,2018-07-26,임창용,선발투수,기아,0,한화,기아,1.1,4,0,0,1,0,0,0,4.0,2.0,6.0,6.0,20,23
418,2018-07-26,김세현,불펜투수,기아,0,한화,기아,5.6,3,0,0,0,0,0,0,1.0,2.0,0.0,0.0,7,9
419,2018-07-26,임기준,불펜투수,기아,0,한화,기아,8.6,1,0,0,0,0,0,0,2.0,1.0,0.0,0.0,3,4
420,2018-07-27,김재영,선발투수,한화,0,두산,한화,1.1,4,0,0,0,0,0,0,1.0,1.0,4.0,4.0,21,22
421,2018-07-27,박상원,불펜투수,한화,0,두산,한화,5.5,1,0,1,0,0,0,0,2.0,0.0,0.0,0.0,4,4
422,2018-07-27,김범수,불펜투수,한화,0,두산,한화,6.9,0,2,0,0,0,0,0,1.0,1.0,2.0,2.0,4,5
423,2018-07-27,이태양,불펜투수,한화,0,두산,한화,6.5,1,1,0,0,0,0,1,0.0,0.0,0.0,0.0,6,6
424,2018-07-27,송은범,불펜투수,한화,0,두산,한화,8.2,1,0,0,0,0,0,0,0.0,0.0,0.0,0.0,3,3
425,2018-07-27,안영명,불펜투수,한화,0,두산,한화,9.5,1,0,0,0,0,0,0,2.0,0.0,1.0,1.0,4,4
426,2018-07-28,김민우,선발투수,한화,0,두산,한화,1.1,4,0,0,1,0,0,0,2.0,3.0,6.0,6.0,18,22
427,2018-07-28,장민재,불펜투수,한화,0,두산,한화,5.5,3,0,0,0,0,0,0,2.0,1.0,3.0,3.0,11,12
428,2018-07-28,서균,불펜투수,한화,0,두산,한화,8.8,1,0,0,0,0,0,0,0.0,0.0,4.0,4.0,9,9
429,2018-07-29,김범수,선발투수,한화,0,두산,한화,1.1,6,0,0,1,0,0,0,6.0,3.0,3.0,3.0,20,25
430,2018-07-29,이태양,불펜투수,한화,0,두산,한화,7.8,1,1,0,0,0,0,0,3.0,0.0,0.0,0.0,4,4
431,2018-07-29,김경태,불펜투수,한화,0,두산,한화,8.3,0,1,0,0,0,0,0,0.0,0.0,0.0,0.0,3,3
432,2018-07-29,박상원,불펜투수,한화,0,두산,한화,8.6,0,1,0,0,0,0,0,1.0,0.0,0.0,0.0,1,1
433,2018-07-31,고영표,선발투수,KT,0,한화,KT,1.1,6,0,0,0,0,0,0,5.0,2.0,4.0,4.0,22,24
434,2018-07-31,정성곤,불펜투수,KT,0,한화,KT,7.7,1,0,1,0,0,0,0,1.0,0.0,0.0,0.0,4,4
435,2018-07-31,고창성,불펜투수,KT,0,한화,KT,8.2,0,0,0,0,0,0,0,0.0,0.0,0.0,0.0,2,2
436,2018-07-31,엄상백,불펜투수,KT,0,한화,KT,8.4,1,0,0,0,0,0,1,2.0,1.0,0.0,0.0,3,4
437,2018-07-31,김재윤,불펜투수,KT,0,한화,KT,9.8,1,0,0,0,0,1,0,1.0,0.0,0.0,0.0,4,4
438,2018-08-01,금민철,선발투수,KT,0,한화,KT,1.1,6,0,0,1,0,0,0,3.0,4.0,3.0,2.0,20,24
439,2018-08-01,주권,불펜투수,KT,0,한화,KT,7.7,1,1,0,0,0,0,0,0.0,0.0,1.0,1.0,4,5
440,2018-08-01,심재민,불펜투수,KT,0,한화,KT,8.3,0,2,0,0,0,0,0,0.0,0.0,0.0,0.0,3,3
441,2018-08-02,김민,선발투수,KT,0,한화,KT,1.1,4,0,0,0,0,0,0,2.0,4.0,2.0,2.0,14,18
442,2018-08-02,정성곤,불펜투수,KT,0,한화,KT,5.1,2,0,0,0,0,0,0,3.0,0.0,0.0,0.0,6,6
443,2018-08-02,주권,불펜투수,KT,0,한화,KT,7.7,1,0,0,0,0,0,1,1.0,0.0,0.0,0.0,3,3
444,2018-08-02,이종혁,불펜투수,KT,0,한화,KT,8.1,0,1,0,0,0,0,1,0.0,0.0,0.0,0.0,1,1
445,2018-08-02,홍성용,불펜투수,KT,0,한화,KT,8.2,0,1,0,0,0,0,1,1.0,1.0,0.0,0.0,1,2
446,2018-08-02,김재윤,불펜투수,KT,0,한화,KT,8.4,1,0,0,1,0,0,0,1.0,1.0,3.0,0.0,6,7
447,2018-08-04,이재학,선발투수,NC,0,한화,NC,1.1,5,1,1,0,0,0,0,4.0,3.0,3.0,3.0,19,22
448,2018-08-04,구창모,불펜투수,NC,0,한화,NC,6.5,0,2,0,0,0,0,0,0.0,2.0,0.0,0.0,3,5
449,2018-08-04,김진성,불펜투수,NC,0,한화,NC,7.1,0,1,0,0,0,0,0,0.0,0.0,0.0,0.0,2,2
450,2018-08-04,강윤구,불펜투수,NC,0,한화,NC,7.3,1,0,0,0,0,0,1,1.0,2.0,1.0,1.0,3,5
451,2018-08-04,원종현,불펜투수,NC,0,한화,NC,8.8,0,2,0,0,0,0,1,0.0,0.0,0.0,0.0,3,3
452,2018-08-04,이민호,불펜투수,NC,0,한화,NC,9.2,1,0,0,0,0,1,0,0.0,1.0,1.0,1.0,4,5
453,2018-08-05,김건태,선발투수,NC,0,한화,NC,1.1,3,0,0,0,0,0,0,3.0,2.0,5.0,4.0,14,16
454,2018-08-05,구창모,불펜투수,NC,0,한화,NC,4.8,2,0,0,0,0,0,0,2.0,0.0,0.0,0.0,8,8
455,2018-08-05,김진성,불펜투수,NC,0,한화,NC,6.7,1,0,0,0,0,0,0,0.0,0.0,0.0,0.0,3,3
456,2018-08-05,장현식,불펜투수,NC,0,한화,NC,7.1,0,2,0,0,0,0,0,0.0,0.0,2.0,2.0,4,4
457,2018-08-05,강윤구,불펜투수,NC,0,한화,NC,7.5,1,0,0,0,0,0,0,1.0,1.0,1.0,1.0,4,5
458,2018-08-05,원종현,불펜투수,NC,0,한화,NC,8.1,0,1,1,0,0,0,0,0.0,0.0,0.0,0.0,2,2
459,2018-08-05,이민호,불펜투수,NC,0,한화,NC,9.3,1,0,0,0,0,1,0,1.0,0.0,0.0,0.0,3,3
460,2018-08-07,샘슨,선발투수,한화,0,두산,한화,1.1,5,0,0,1,0,0,0,3.0,6.0,5.0,5.0,20,26
461,2018-08-07,김경태,불펜투수,한화,0,두산,한화,6.9,0,1,0,0,0,0,0,0.0,2.0,0.0,0.0,0,3
462,2018-08-07,박상원,불펜투수,한화,0,두산,한화,6.3,0,2,0,0,0,0,0,1.0,0.0,0.0,0.0,2,2
463,2018-08-07,김재영,불펜투수,한화,0,두산,한화,7.5,0,1,0,0,0,0,0,0.0,1.0,1.0,1.0,1,2
464,2018-08-07,김성훈,불펜투수,한화,0,두산,한화,7.7,1,2,0,0,0,0,0,3.0,3.0,0.0,0.0,6,9
465,2018-08-08,헤일,선발투수,한화,0,두산,한화,1.1,2,0,0,0,0,0,0,1.0,0.0,1.0,1.0,7,7
466,2018-08-08,안영명,불펜투수,한화,0,두산,한화,3.8,3,0,1,0,0,0,0,2.0,0.0,1.0,0.0,13,13
467,2018-08-08,박상원,불펜투수,한화,0,두산,한화,6.3,1,0,0,0,0,0,0,1.0,0.0,0.0,0.0,3,3
468,2018-08-08,송은범,불펜투수,한화,0,두산,한화,7.6,1,0,0,0,0,0,0,0.0,0.0,0.0,0.0,3,3
469,2018-08-08,이태양,불펜투수,한화,0,두산,한화,8.9,1,0,0,0,0,0,0,1.0,0.0,0.0,0.0,3,3
470,2018-08-08,정우람,불펜투수,한화,0,두산,한화,9.3,1,0,0,0,0,0,0,0.0,0.0,0.0,0.0,4,4
471,2018-08-09,신재영,선발투수,넥센,0,한화,넥센,1.1,7,0,1,0,0,0,0,2.0,1.0,3.0,3.0,26,27
472,2018-08-09,윤영삼,불펜투수,넥센,0,한화,넥센,8.1,1,0,0,0,0,0,0,2.0,1.0,0.0,0.0,4,5
473,2018-08-09,하영민,불펜투수,넥센,0,한화,넥센,9.6,1,0,0,0,0,0,0,0.0,0.0,2.0,1.0,7,7
474,2018-08-10,해커,선발투수,넥센,0,한화,넥센,1.1,6,0,1,0,0,0,0,3.0,3.0,3.0,2.0,25,28
475,2018-08-10,이승호,불펜투수,넥센,0,한화,넥센,7.2,1,0,0,0,0,0,1,1.0,1.0,0.0,0.0,4,5
476,2018-08-10,이보근,불펜투수,넥센,0,한화,넥센,8.7,1,0,0,0,0,0,0,1.0,0.0,0.0,0.0,3,3
477,2018-08-10,김동준,불펜투수,넥센,0,한화,넥센,9.1,1,0,0,0,0,0,0,3.0,0.0,1.0,1.0,5,5
478,2018-08-11,김민,선발투수,KT,0,한화,KT,1.1,3,1,0,0,0,0,0,2.0,3.0,3.0,3.0,14,17
479,2018-08-11,홍성용,불펜투수,KT,0,한화,KT,4.9,1,1,0,0,0,0,0,2.0,0.0,0.0,0.0,4,4
480,2018-08-11,정성곤,불펜투수,KT,0,한화,KT,5.4,1,1,0,0,0,0,0,3.0,1.0,0.0,0.0,5,6
481,2018-08-11,주권,불펜투수,KT,0,한화,KT,7.1,1,0,0,0,0,0,0,0.0,0.0,0.0,0.0,3,3
482,2018-08-11,심재민,불펜투수,KT,0,한화,KT,8.4,0,1,0,1,0,0,0,0.0,1.0,2.0,2.0,2,3
483,2018-08-11,엄상백,불펜투수,KT,0,한화,KT,8.7,0,2,0,0,0,0,0,0.0,0.0,0.0,0.0,1,2
484,2018-08-12,고영표,선발투수,KT,0,한화,KT,1.1,6,0,0,0,0,0,0,6.0,2.0,4.0,4.0,24,27
485,2018-08-12,정성곤,불펜투수,KT,0,한화,KT,7.1,1,0,0,0,0,0,0,1.0,0.0,0.0,0.0,3,3
486,2018-08-12,엄상백,불펜투수,KT,0,한화,KT,8.4,1,0,0,0,0,0,0,1.0,0.0,0.0,0.0,3,3
487,2018-08-12,김재윤,불펜투수,KT,0,한화,KT,9.7,1,1,0,1,0,0,0,0.0,2.0,1.0,1.0,6,9
488,2018-08-14,윤규진,선발투수,한화,0,롯데,한화,1.1,4,1,0,1,0,0,0,6.0,0.0,6.0,6.0,21,22
489,2018-08-14,박상원,불펜투수,한화,0,롯데,한화,5.5,1,2,0,0,0,0,0,1.0,0.0,0.0,0.0,5,5
490,2018-08-14,김범수,불펜투수,한화,0,롯데,한화,7.1,0,2,0,0,0,0,0,0.0,1.0,0.0,0.0,2,3
491,2018-08-14,장민재,불펜투수,한화,0,롯데,한화,7.4,0,1,0,0,0,0,0,0.0,1.0,1.0,1.0,2,3
492,2018-08-14,서균,불펜투수,한화,0,롯데,한화,8.7,0,2,0,0,0,0,0,0.0,0.0,1.0,1.0,2,3
493,2018-08-14,안영명,불펜투수,한화,0,롯데,한화,8.1,0,1,0,0,0,0,0,1.0,0.0,1.0,1.0,2,2
494,2018-08-16,헤일,선발투수,한화,0,삼성,한화,1.1,6,0,0,1,0,0,0,6.0,2.0,3.0,2.0,20,23
495,2018-08-16,송은범,불펜투수,한화,0,삼성,한화,7.6,1,0,0,0,0,0,0,0.0,3.0,0.0,0.0,3,6
496,2018-08-16,이태양,불펜투수,한화,0,삼성,한화,8.3,0,1,0,0,0,0,0,1.0,1.0,2.0,2.0,2,3
497,2018-08-16,박상원,불펜투수,한화,0,삼성,한화,8.6,0,2,0,0,0,0,0,1.0,0.0,0.0,0.0,3,3
498,2018-09-04,레일리,선발투수,롯데,0,한화,롯데,1.1,5,0,0,1,0,0,0,8.0,4.0,5.0,5.0,23,27
499,2018-09-04,진명호,불펜투수,롯데,0,한화,롯데,6.1,1,0,0,0,0,0,0,0.0,0.0,0.0,0.0,3,3
500,2018-09-04,이명우,불펜투수,롯데,0,한화,롯데,7.4,0,0,0,0,0,0,0,0.0,0.0,0.0,0.0,1,1
501,2018-09-04,구승민,불펜투수,롯데,0,한화,롯데,7.5,1,0,0,0,0,0,0,2.0,2.0,0.0,0.0,3,5
502,2018-09-04,오현택,불펜투수,롯데,0,한화,롯데,8.1,0,0,0,0,0,0,0,0.0,1.0,1.0,1.0,2,3
503,2018-09-04,고효준,불펜투수,롯데,0,한화,롯데,8.4,1,0,0,0,0,0,0,1.0,0.0,0.0,0.0,2,2
504,2018-09-05,듀브론트,선발투수,롯데,0,한화,롯데,1.1,3,1,0,1,0,0,0,1.0,3.0,6.0,4.0,19,22
505,2018-09-05,박시영,불펜투수,롯데,0,한화,롯데,4.5,2,0,0,0,0,0,0,0.0,0.0,0.0,0.0,8,8
506,2018-09-05,고효준,불펜투수,롯데,0,한화,롯데,6.4,1,1,0,0,0,0,0,0.0,1.0,1.0,1.0,4,5
507,2018-09-05,진명호,불펜투수,롯데,0,한화,롯데,7.9,0,0,0,0,0,0,0,0.0,2.0,4.0,4.0,2,4
508,2018-09-05,윤성빈,불펜투수,롯데,0,한화,롯데,7.4,1,1,0,0,0,0,0,4.0,0.0,0.0,0.0,4,4
509,2018-09-06,헤일,선발투수,한화,0,KT,한화,1.1,7,0,1,0,0,0,0,4.0,2.0,0.0,0.0,23,25
510,2018-09-06,윤규진,불펜투수,한화,0,KT,한화,8.8,2,0,0,0,0,0,0,1.0,0.0,2.0,2.0,10,10
511,2018-09-07,김민우,선발투수,한화,0,KT,한화,1.1,3,1,0,1,0,0,0,5.0,1.0,7.0,5.0,16,18
512,2018-09-07,권혁,불펜투수,한화,0,KT,한화,4.1,0,2,0,0,0,0,0,0.0,1.0,1.0,1.0,3,4
513,2018-09-07,서균,불펜투수,한화,0,KT,한화,5.5,1,0,0,0,0,0,0,1.0,0.0,1.0,1.0,5,5
514,2018-09-07,김범수,불펜투수,한화,0,KT,한화,6.1,0,1,0,0,0,0,0,1.0,1.0,1.0,1.0,1,2
515,2018-09-07,장민재,불펜투수,한화,0,KT,한화,6.3,2,2,0,0,0,0,0,1.0,2.0,2.0,2.0,11,13
516,2018-09-08,김성훈,선발투수,한화,0,LG,한화,1.1,4,1,0,1,0,0,0,4.0,1.0,3.0,3.0,18,19
517,2018-09-08,권혁,불펜투수,한화,0,LG,한화,5.2,1,2,0,0,0,0,0,0.0,0.0,0.0,0.0,4,4
518,2018-09-08,송은범,불펜투수,한화,0,LG,한화,7.6,1,0,0,0,0,0,0,1.0,0.0,0.0,0.0,3,3
519,2018-09-08,이태양,불펜투수,한화,0,LG,한화,8.9,0,1,0,0,0,0,0,0.0,0.0,2.0,0.0,2,3
520,2018-09-08,김범수,불펜투수,한화,0,LG,한화,8.3,0,1,0,0,0,0,0,0.0,0.0,0.0,0.0,1,1
521,2018-09-08,박상원,불펜투수,한화,0,LG,한화,8.4,0,1,0,0,0,0,0,1.0,0.0,0.0,0.0,2,2
522,2018-09-09,샘슨,선발투수,한화,0,LG,한화,1.1,3,2,0,1,0,0,0,4.0,4.0,6.0,6.0,16,22
523,2018-09-09,안영명,불펜투수,한화,0,LG,한화,4.5,1,1,0,0,0,0,0,0.0,0.0,0.0,0.0,4,4
524,2018-09-09,송창식,불펜투수,한화,0,LG,한화,6.9,1,0,0,0,0,0,0,0.0,0.0,0.0,0.0,4,4
525,2018-09-09,박상원,불펜투수,한화,0,LG,한화,7.4,0,1,0,0,0,0,0,0.0,1.0,1.0,1.0,2,3
526,2018-09-09,김재영,불펜투수,한화,0,LG,한화,7.7,0,2,0,0,0,0,0,0.0,1.0,0.0,0.0,1,3
527,2018-09-09,서균,불펜투수,한화,0,LG,한화,8.1,0,0,0,0,0,0,0,0.0,0.0,1.0,1.0,1,1
528,2018-09-09,김범수,불펜투수,한화,0,LG,한화,8.2,1,0,0,0,0,0,0,0.0,0.0,0.0,0.0,3,4
529,2018-09-11,헤일,선발투수,한화,0,삼성,한화,1.1,5,1,0,0,0,0,0,3.0,1.0,7.0,7.0,25,26
530,2018-09-11,김재영,불펜투수,한화,0,삼성,한화,6.9,0,1,0,0,0,0,0,0.0,0.0,0.0,0.0,1,1
531,2018-09-11,권혁,불펜투수,한화,0,삼성,한화,6.1,0,1,0,0,0,0,0,1.0,0.0,0.0,0.0,2,2
532,2018-09-11,이태양,불펜투수,한화,0,삼성,한화,7.3,2,0,0,0,0,0,0,1.0,0.0,0.0,0.0,6,6
533,2018-09-11,서균,불펜투수,한화,0,삼성,한화,9.9,0,1,0,0,0,0,0,0.0,0.0,0.0,0.0,1,1
534,2018-09-11,송은범,불펜투수,한화,0,삼성,한화,9.1,1,2,0,0,0,0,0,1.0,2.0,0.0,0.0,6,8
535,2018-09-11,박상원,불펜투수,한화,0,삼성,한화,11.9,0,1,0,0,0,0,0,0.0,0.0,0.0,0.0,1,1
536,2018-09-11,정우람,불펜투수,한화,0,삼성,한화,11.1,1,2,1,0,0,0,0,3.0,0.0,0.0,0.0,5,5
537,2018-09-12,윤규진,선발투수,한화,0,삼성,한화,1.1,4,0,0,0,0,0,0,4.0,5.0,3.0,3.0,13,18
538,2018-09-12,임준섭,불펜투수,한화,0,삼성,한화,5.1,1,0,1,0,0,0,0,0.0,0.0,0.0,0.0,3,3
539,2018-09-12,안영명,불펜투수,한화,0,삼성,한화,6.4,1,2,0,0,0,0,0,1.0,0.0,0.0,0.0,6,6
540,2018-09-12,권혁,불펜투수,한화,0,삼성,한화,7.1,0,1,0,0,0,0,0,0.0,0.0,0.0,0.0,1,1
541,2018-09-12,박상원,불펜투수,한화,0,삼성,한화,8.2,2,0,0,0,0,0,0,1.0,0.0,0.0,0.0,6,6
542,2018-09-13,박종훈,선발투수,SK,0,한화,SK,1.1,6,2,1,0,0,0,0,6.0,2.0,1.0,1.0,24,26
543,2018-09-13,김태훈,불펜투수,SK,0,한화,SK,7.9,0,1,0,0,0,0,1,1.0,1.0,0.0,0.0,1,2
544,2018-09-13,정영일,불펜투수,SK,0,한화,SK,8.2,0,2,0,0,0,0,1,1.0,0.0,0.0,0.0,2,2
545,2018-09-13,김택형,불펜투수,SK,0,한화,SK,8.4,0,1,0,0,0,0,1,0.0,0.0,0.0,0.0,1,1
546,2018-09-13,신재웅,불펜투수,SK,0,한화,SK,9.5,1,0,0,0,0,1,0,1.0,1.0,0.0,0.0,4,5
547,2018-09-14,김광현,선발투수,SK,0,한화,SK,1.1,6,0,1,0,0,0,0,7.0,0.0,1.0,1.0,22,22
548,2018-09-14,윤희상,불펜투수,SK,0,한화,SK,7.5,0,1,0,0,0,0,0,1.0,0.0,3.0,3.0,5,5
549,2018-09-14,정영일,불펜투수,SK,0,한화,SK,7.1,1,0,0,0,0,0,1,0.0,0.0,1.0,1.0,5,5
550,2018-09-14,김태훈,불펜투수,SK,0,한화,SK,8.6,0,2,0,0,0,0,1,1.0,1.0,0.0,0.0,2,3
551,2018-09-14,신재웅,불펜투수,SK,0,한화,SK,9.9,1,0,0,0,0,1,0,0.0,0.0,0.0,0.0,3,3
552,2018-09-15,차우찬,선발투수,LG,0,한화,LG,1.1,7,0,1,0,0,0,0,2.0,4.0,3.0,3.0,25,29
553,2018-09-15,최동환,불펜투수,LG,0,한화,LG,8.3,1,0,0,0,0,0,0,0.0,1.0,1.0,1.0,5,6
554,2018-09-15,이동현,불펜투수,LG,0,한화,LG,9.9,1,0,0,0,0,0,0,1.0,0.0,0.0,0.0,4,4
555,2018-09-16,김대현,선발투수,LG,0,한화,LG,1.1,4,1,0,1,0,0,0,2.0,1.0,5.0,5.0,22,23
556,2018-09-16,배재준,불펜투수,LG,0,한화,LG,5.6,2,2,0,0,0,0,0,1.0,1.0,0.0,0.0,9,10
557,2018-09-16,고우석,불펜투수,LG,0,한화,LG,8.7,1,0,0,0,0,0,0,0.0,0.0,0.0,0.0,3,3
558,2018-09-18,윤규진,선발투수,한화,0,NC,한화,1.1,0,2,0,1,0,0,0,0.0,3.0,5.0,3.0,5,9
559,2018-09-18,김진영,불펜투수,한화,0,NC,한화,1.1,4,2,0,0,0,0,0,6.0,1.0,4.0,4.0,17,18
560,2018-09-18,임준섭,불펜투수,한화,0,NC,한화,6.1,0,2,0,0,0,0,0,0.0,1.0,0.0,0.0,2,3
561,2018-09-18,안영명,불펜투수,한화,0,NC,한화,7.4,1,0,0,0,0,0,0,0.0,0.0,0.0,0.0,4,4
562,2018-09-18,송창식,불펜투수,한화,0,NC,한화,8.8,1,0,0,0,0,0,0,1.0,0.0,1.0,1.0,5,6
563,2018-09-19,김재영,선발투수,한화,0,NC,한화,1.1,5,0,0,0,0,0,0,1.0,1.0,3.0,3.0,20,21
564,2018-09-19,박상원,불펜투수,한화,0,NC,한화,6.4,1,0,0,0,0,0,1,0.0,0.0,0.0,0.0,3,4
565,2018-09-19,송은범,불펜투수,한화,0,NC,한화,7.8,1,0,0,0,0,0,0,1.0,0.0,1.0,1.0,4,4
566,2018-09-19,김범수,불펜투수,한화,0,NC,한화,8.3,1,0,1,0,0,0,0,1.0,0.0,0.0,0.0,3,3
567,2018-09-19,정우람,불펜투수,한화,0,NC,한화,9.6,1,0,0,0,0,1,0,3.0,0.0,0.0,0.0,3,3
568,2018-09-20,장민재,선발투수,한화,0,SK,한화,1.1,5,2,1,0,0,0,0,4.0,0.0,1.0,1.0,24,24
569,2018-09-20,박상원,불펜투수,한화,0,SK,한화,6.7,0,2,0,0,0,0,1,1.0,0.0,0.0,0.0,3,3
570,2018-09-20,권혁,불펜투수,한화,0,SK,한화,7.1,0,2,0,0,0,0,0,1.0,0.0,0.0,0.0,2,2
571,2018-09-20,이태양,불펜투수,한화,0,SK,한화,8.3,1,0,0,0,0,0,0,0.0,0.0,1.0,1.0,4,5
572,2018-09-20,안영명,불펜투수,한화,0,SK,한화,9.8,1,0,0,0,0,0,0,1.0,0.0,0.0,0.0,3,3
573,2018-09-21,김성훈,선발투수,한화,0,SK,한화,1.1,6,0,0,0,0,0,0,5.0,3.0,3.0,3.0,22,26
574,2018-09-21,김민우,불펜투수,한화,0,SK,한화,7.9,0,1,0,0,0,0,0,0.0,0.0,0.0,0.0,1,1
575,2018-09-21,권혁,불펜투수,한화,0,SK,한화,7.1,0,1,0,1,0,0,0,0.0,1.0,2.0,2.0,2,3
576,2018-09-21,송은범,불펜투수,한화,0,SK,한화,7.4,1,0,0,0,0,0,0,1.0,0.0,0.0,0.0,6,6
577,2018-09-21,임준섭,불펜투수,한화,0,SK,한화,8.1,0,1,0,0,0,0,0,0.0,0.0,0.0,0.0,1,1
578,2018-09-22,헥터,선발투수,기아,0,한화,기아,1.1,6,0,1,0,0,0,0,3.0,1.0,3.0,3.0,20,21
579,2018-09-22,문경찬,불펜투수,기아,0,한화,기아,7.4,1,0,0,0,0,0,0,1.0,0.0,0.0,0.0,3,3
580,2018-09-22,유승철,불펜투수,기아,0,한화,기아,8.7,0,1,0,0,0,0,0,0.0,2.0,2.0,2.0,2,4
581,2018-09-22,황인준,불펜투수,기아,0,한화,기아,8.2,1,2,0,0,0,0,0,1.0,0.0,0.0,0.0,5,5
582,2018-09-23,임창용,선발투수,기아,0,한화,기아,1.1,4,1,0,0,0,0,0,3.0,1.0,4.0,4.0,20,21
583,2018-09-23,임기준,불펜투수,기아,0,한화,기아,5.4,0,1,0,0,0,0,1,0.0,1.0,0.0,0.0,1,2
584,2018-09-23,김윤동,불펜투수,기아,0,한화,기아,5.6,0,2,0,1,0,0,0,1.0,2.0,3.0,3.0,2,5
585,2018-09-23,팻딘,불펜투수,기아,0,한화,기아,6.2,0,2,0,0,0,0,0,1.0,0.0,1.0,1.0,3,3
586,2018-09-23,김세현,불펜투수,기아,0,한화,기아,7.5,1,0,0,0,0,0,0,2.0,0.0,0.0,0.0,4,4
587,2018-09-23,전상현,불펜투수,기아,0,한화,기아,8.9,0,2,0,0,0,0,0,1.0,0.0,0.0,0.0,4,4
588,2018-09-23,이민우,불펜투수,기아,0,한화,기아,8.4,0,1,0,0,0,0,0,0.0,1.0,0.0,0.0,1,2
589,2018-09-25,최채흥,선발투수,삼성,0,한화,삼성,1.1,7,0,1,0,0,0,0,5.0,2.0,1.0,1.0,25,27
590,2018-09-25,정인욱,불펜투수,삼성,0,한화,삼성,8.1,1,0,0,0,0,0,0,1.0,0.0,0.0,0.0,3,3
591,2018-09-25,임현준,불펜투수,삼성,0,한화,삼성,9.4,1,0,0,0,0,0,0,1.0,0.0,0.0,0.0,3,3
592,2018-09-26,양창섭,선발투수,삼성,0,한화,삼성,1.1,5,0,0,1,0,0,0,4.0,1.0,5.0,4.0,20,22
593,2018-09-26,임현준,불펜투수,삼성,0,한화,삼성,6.5,0,1,0,0,0,0,0,0.0,0.0,0.0,0.0,1,1
594,2018-09-26,권오준,불펜투수,삼성,0,한화,삼성,6.6,0,2,0,0,0,0,0,1.0,0.0,0.0,0.0,2,2
595,2018-09-26,심창민,불펜투수,삼성,0,한화,삼성,7.8,1,0,0,0,0,0,0,0.0,0.0,1.0,1.0,4,4
596,2018-09-26,정인욱,불펜투수,삼성,0,한화,삼성,8.3,0,2,0,0,0,0,0,0.0,0.0,1.0,1.0,3,3
597,2018-09-26,안성무,불펜투수,삼성,0,한화,삼성,8.6,0,1,0,0,0,0,0,0.0,0.0,1.0,1.0,2,2
598,2018-09-27,유희관,선발투수,두산,0,한화,두산,1.1,5,0,0,1,0,0,0,2.0,5.0,8.0,6.0,22,27
599,2018-09-27,강동연,불펜투수,두산,0,한화,두산,6.1,2,0,0,0,0,0,0,1.0,0.0,0.0,0.0,5,6
600,2018-09-27,이현호,불펜투수,두산,0,한화,두산,8.7,1,0,0,0,0,0,0,0.0,0.0,1.0,1.0,6,6
601,2018-09-28,장원준,선발투수,두산,0,한화,두산,1.1,3,2,0,0,0,0,0,3.0,2.0,1.0,1.0,15,17
602,2018-09-28,박신지,불펜투수,두산,0,한화,두산,4.9,0,1,0,0,0,0,0,0.0,1.0,1.0,1.0,1,2
603,2018-09-28,강동연,불펜투수,두산,0,한화,두산,5.2,2,0,0,0,0,0,0,2.0,1.0,2.0,1.0,9,11
604,2018-09-28,김강률,불펜투수,두산,0,한화,두산,7.4,1,0,0,0,0,0,0,1.0,0.0,0.0,0.0,3,3
605,2018-09-28,최대성,불펜투수,두산,0,한화,두산,8.7,2,0,0,0,0,0,0,2.0,2.0,0.0,0.0,6,8
606,2018-09-28,유재유,불펜투수,두산,0,한화,두산,10.6,0,1,0,1,0,0,0,0.0,2.0,1.0,1.0,3,5
607,2018-09-29,김민우,선발투수,한화,0,기아,한화,1.1,6,0,0,1,0,0,0,4.0,3.0,4.0,3.0,23,27
608,2018-09-29,임준섭,불펜투수,한화,0,기아,한화,7.1,1,0,0,0,0,0,0,2.0,0.0,0.0,0.0,3,3
609,2018-09-29,김종수,불펜투수,한화,0,기아,한화,8.4,1,0,0,0,0,0,0,0.0,0.0,0.0,0.0,4,4
610,2018-09-30,김성훈,선발투수,한화,0,기아,한화,1.1,2,0,0,0,0,0,0,0.0,1.0,1.0,0.0,7,9
611,2018-09-30,김범수,불펜투수,한화,0,기아,한화,3.1,1,1,0,0,0,0,1,2.0,0.0,0.0,0.0,6,6
612,2018-09-30,안영명,불펜투수,한화,0,기아,한화,4.7,0,2,0,0,0,0,0,0.0,0.0,1.0,1.0,3,3
613,2018-09-30,권혁,불펜투수,한화,0,기아,한화,5.1,0,2,0,0,0,0,1,0.0,0.0,1.0,1.0,3,3
614,2018-09-30,박상원,불펜투수,한화,0,기아,한화,5.4,1,0,0,0,0,0,0,2.0,0.0,1.0,1.0,6,6
615,2018-09-30,송은범,불펜투수,한화,0,기아,한화,6.1,1,2,0,1,0,0,0,1.0,0.0,2.0,2.0,8,8
616,2018-09-30,이태양,불펜투수,한화,0,기아,한화,8.9,0,2,0,0,0,0,0,0.0,0.0,0.0,0.0,3,3
617,2018-10-03,송승준,선발투수,롯데,0,한화,롯데,1.1,5,0,0,0,0,0,0,2.0,3.0,2.0,1.0,18,21
618,2018-10-03,이명우,불펜투수,롯데,0,한화,롯데,6.4,0,2,0,0,0,0,0,1.0,0.0,0.0,0.0,4,4
619,2018-10-03,윤길현,불펜투수,롯데,0,한화,롯데,6.8,0,2,0,0,0,0,1,1.0,1.0,1.0,1.0,2,3
620,2018-10-03,고효준,불펜투수,롯데,0,한화,롯데,7.2,0,0,0,1,0,0,0,0.0,1.0,3.0,3.0,2,3
621,2018-10-03,구승민,불펜투수,롯데,0,한화,롯데,7.5,0,2,0,0,0,0,0,1.0,0.0,1.0,1.0,3,3
622,2018-10-03,진명호,불펜투수,롯데,0,한화,롯데,8.8,1,0,0,0,0,0,0,1.0,0.0,0.0,0.0,3,4
623,2018-10-04,레일리,선발투수,롯데,0,한화,롯데,1.1,7,0,1,0,0,0,0,11.0,3.0,0.0,0.0,24,27
624,2018-10-04,오현택,불펜투수,롯데,0,한화,롯데,8.1,0,1,0,0,0,0,0,0.0,0.0,2.0,1.0,3,3
625,2018-10-04,구승민,불펜투수,롯데,0,한화,롯데,8.4,0,2,0,0,0,0,0,1.0,0.0,0.0,0.0,2,2
626,2018-10-04,이명우,불펜투수,롯데,0,한화,롯데,9.6,1,0,0,0,0,0,0,1.0,0.0,0.0,0.0,4,4
627,2018-10-06,김민우,선발투수,한화,0,롯데,한화,1.1,4,0,0,1,0,0,0,3.0,2.0,4.0,4.0,17,19
628,2018-10-06,임준섭,불펜투수,한화,0,롯데,한화,5.2,0,0,0,0,0,0,0,0.0,1.0,1.0,1.0,0,1
629,2018-10-06,장민재,불펜투수,한화,0,롯데,한화,5.3,1,1,0,0,0,0,0,2.0,2.0,3.0,3.0,6,8
630,2018-10-06,김범수,불펜투수,한화,0,롯데,한화,6.2,0,0,0,0,0,0,0,0.0,1.0,0.0,0.0,0,1
631,2018-10-06,박상원,불펜투수,한화,0,롯데,한화,6.3,1,1,0,0,0,0,0,2.0,1.0,0.0,0.0,6,7
632,2018-10-06,이태양,불펜투수,한화,0,롯데,한화,7.1,1,1,0,0,0,0,0,1.0,0.0,0.0,0.0,4,4
633,2018-10-09,샘슨,선발투수,한화,0,KT,한화,1.1,2,0,0,0,0,0,0,0.0,3.0,1.0,1.0,10,13
634,2018-10-09,안영명,불펜투수,한화,0,KT,한화,3.5,2,1,1,0,0,0,0,3.0,1.0,0.0,0.0,7,8
635,2018-10-09,권혁,불펜투수,한화,0,KT,한화,5.4,0,1,0,0,0,0,0,1.0,0.0,0.0,0.0,1,1
636,2018-10-09,박상원,불펜투수,한화,0,KT,한화,5.5,1,0,0,0,0,0,0,2.0,1.0,0.0,0.0,4,5
637,2018-10-09,김범수,불펜투수,한화,0,KT,한화,6.1,0,1,0,0,0,0,0,1.0,0.0,0.0,0.0,1,1
638,2018-10-09,송은범,불펜투수,한화,0,KT,한화,7.2,1,0,0,0,0,0,0,2.0,0.0,1.0,0.0,4,4
639,2018-10-09,서균,불펜투수,한화,0,KT,한화,8.6,0,0,0,0,0,0,0,0.0,0.0,1.0,1.0,1,1
640,2018-10-09,이태양,불펜투수,한화,0,KT,한화,8.7,1,0,0,0,0,0,0,2.0,0.0,3.0,3.0,6,6
641,2018-10-09,정우람,불펜투수,한화,0,KT,한화,9.4,1,0,0,0,0,0,0,3.0,0.0,0.0,0.0,3,3
642,2018-10-10,헤일,선발투수,한화,0,기아,한화,1.1,5,1,0,1,0,0,0,5.0,3.0,3.0,3.0,20,23
643,2018-10-10,송은범,불펜투수,한화,0,기아,한화,6.6,0,2,0,0,0,0,0,0.0,0.0,1.0,1.0,3,3
644,2018-10-10,권혁,불펜투수,한화,0,기아,한화,7.9,0,1,0,0,0,0,0,0.0,0.0,1.0,1.0,2,2
645,2018-10-10,이태양,불펜투수,한화,0,기아,한화,7.2,0,0,0,0,0,0,0,0.0,0.0,1.0,1.0,1,1
646,2018-10-10,김범수,불펜투수,한화,0,기아,한화,7.3,0,2,0,0,0,0,0,1.0,0.0,0.0,0.0,3,3
647,2018-10-10,김성훈,불펜투수,한화,0,기아,한화,8.6,1,0,0,0,0,0,0,1.0,0.0,0.0,0.0,3,3
648,2018-10-13,베렛,선발투수,NC,0,한화,NC,1.1,4,0,0,0,0,0,0,1.0,1.0,5.0,5.0,17,19
649,2018-10-13,강윤구,불펜투수,NC,0,한화,NC,5.2,0,2,0,1,0,0,0,1.0,1.0,5.0,5.0,7,8
650,2018-10-13,정수민,불펜투수,NC,0,한화,NC,5.1,0,2,0,0,0,0,0,1.0,2.0,0.0,0.0,2,4
651,2018-10-13,원종현,불펜투수,NC,0,한화,NC,6.5,1,2,0,0,0,0,0,1.0,0.0,0.0,0.0,4,4
652,2018-10-13,이민호,불펜투수,NC,0,한화,NC,8.9,1,0,0,0,0,0,0,0.0,0.0,0.0,0.0,4,4
653,2018-03-24,로저스,선발투수,넥센,0,넥센,한화,1.1,6,2,1,0,0,0,0,6.0,1.0,3.0,2.0,26,27
654,2018-03-24,이보근,불펜투수,넥센,0,넥센,한화,7.1,0,1,0,0,0,0,1,0.0,0.0,0.0,0.0,2,2
655,2018-03-24,김상수,불펜투수,넥센,0,넥센,한화,8.3,1,0,0,0,0,0,1,1.0,0.0,0.0,0.0,4,4
656,2018-03-24,조상우,불펜투수,넥센,0,넥센,한화,9.7,1,0,0,0,0,1,0,2.0,0.0,0.0,0.0,5,5
657,2018-03-25,최원태,선발투수,넥센,0,넥센,한화,1.1,5,0,0,1,0,0,0,4.0,3.0,3.0,3.0,21,24
658,2018-03-25,김성민,불펜투수,넥센,0,넥센,한화,6.7,1,1,0,0,0,0,0,3.0,0.0,0.0,0.0,5,5
659,2018-03-25,김선기,불펜투수,넥센,0,넥센,한화,7.3,1,2,0,0,0,0,0,2.0,0.0,1.0,1.0,6,6
660,2018-03-25,오주원,불펜투수,넥센,0,넥센,한화,9.9,1,0,0,0,0,0,0,0.0,0.0,0.0,0.0,4,4
661,2018-03-27,최금강,선발투수,NC,0,NC,한화,1.1,3,2,0,0,0,0,0,4.0,4.0,3.0,3.0,14,18
662,2018-03-27,강윤구,불펜투수,NC,0,NC,한화,4.1,0,2,1,0,0,0,0,0.0,0.0,0.0,0.0,2,2
663,2018-03-27,유원상,불펜투수,NC,0,NC,한화,5.3,1,2,0,0,0,0,1,0.0,1.0,0.0,0.0,5,6
664,2018-03-27,원종현,불펜투수,NC,0,NC,한화,7.9,1,0,0,0,0,0,1,1.0,2.0,0.0,0.0,3,5
665,2018-03-27,이민호,불펜투수,NC,0,NC,한화,8.5,0,1,0,0,0,0,0,0.0,0.0,3.0,3.0,5,5
666,2018-03-27,김진성,불펜투수,NC,0,NC,한화,8.1,0,2,0,0,0,0,1,0.0,0.0,0.0,0.0,2,2
667,2018-03-27,임창민,불펜투수,NC,0,NC,한화,9.3,1,0,0,0,0,1,0,1.0,0.0,0.0,0.0,3,3
668,2018-03-28,구창모,선발투수,NC,0,NC,한화,1.1,6,0,0,0,0,0,0,4.0,3.0,2.0,2.0,22,25
669,2018-03-28,유원상,불펜투수,NC,0,NC,한화,7.8,1,0,0,0,0,0,0,0.0,0.0,0.0,0.0,4,4
670,2018-03-28,원종현,불펜투수,NC,0,NC,한화,8.3,0,2,0,1,0,0,0,0.0,0.0,4.0,4.0,6,6
671,2018-03-28,배재환,불펜투수,NC,0,NC,한화,8.9,1,0,0,0,0,0,0,1.0,1.0,0.0,0.0,4,5
672,2018-03-28,노성호,불펜투수,NC,0,NC,한화,9.5,0,1,0,0,0,0,0,0.0,0.0,0.0,0.0,1,1
673,2018-03-29,이재학,선발투수,NC,0,NC,한화,1.1,6,0,0,0,0,0,0,2.0,1.0,1.0,1.0,22,23
674,2018-03-29,강윤구,불펜투수,NC,0,NC,한화,7.6,0,2,0,0,0,0,0,0.0,0.0,0.0,0.0,2,2
675,2018-03-29,김진성,불펜투수,NC,0,NC,한화,7.8,0,2,0,0,0,0,0,0.0,1.0,0.0,0.0,2,3
676,2018-03-29,배재환,불펜투수,NC,0,NC,한화,8.2,0,2,1,0,0,0,0,1.0,0.0,0.0,0.0,3,3
677,2018-03-29,임창민,불펜투수,NC,0,NC,한화,9.5,1,0,0,0,0,1,0,1.0,0.0,0.0,0.0,4,4
678,2018-03-30,샘슨,선발투수,한화,0,한화,SK,1.1,4,2,0,1,0,0,0,8.0,4.0,8.0,7.0,19,23
679,2018-03-30,이태양,불펜투수,한화,0,한화,SK,5.6,4,1,0,0,0,0,0,7.0,2.0,0.0,0.0,14,16
680,2018-03-31,휠러,선발투수,한화,0,한화,SK,1.1,4,2,0,1,0,0,0,3.0,5.0,7.0,7.0,17,22
681,2018-03-31,서균,불펜투수,한화,0,한화,SK,5.5,1,0,0,0,0,0,0,0.0,0.0,1.0,0.0,5,5
682,2018-03-31,박주홍,불펜투수,한화,0,한화,SK,6.1,0,1,0,0,0,0,0,0.0,2.0,0.0,0.0,1,3
683,2018-03-31,박상원,불펜투수,한화,0,한화,SK,7.4,1,0,0,0,0,0,0,2.0,0.0,0.0,0.0,4,4
684,2018-03-31,이동걸,불펜투수,한화,0,한화,SK,8.8,2,0,0,0,0,0,0,2.0,0.0,4.0,4.0,11,11
685,2018-04-01,김재영,선발투수,한화,0,한화,SK,1.1,4,1,0,1,0,0,0,2.0,2.0,5.0,5.0,21,23
686,2018-04-01,김범수,불펜투수,한화,0,한화,SK,5.6,0,2,0,0,0,0,0,0.0,1.0,2.0,2.0,4,5
687,2018-04-01,김민우,불펜투수,한화,0,한화,SK,6.2,2,2,0,0,0,0,0,2.0,3.0,5.0,5.0,12,16
688,2018-04-01,서균,불펜투수,한화,0,한화,SK,8.9,0,2,0,0,0,0,0,0.0,0.0,0.0,0.0,2,2
689,2018-04-01,정우람,불펜투수,한화,0,한화,SK,9.2,0,2,0,0,0,0,0,1.0,0.0,1.0,1.0,3,3
690,2018-04-03,배영수,선발투수,한화,0,한화,롯데,1.1,3,1,0,0,0,0,0,4.0,3.0,8.0,8.0,17,20
691,2018-04-03,송은범,불펜투수,한화,0,한화,롯데,4.3,1,1,1,0,0,0,0,1.0,2.0,2.0,0.0,8,10
692,2018-04-03,박상원,불펜투수,한화,0,한화,롯데,5.4,1,1,0,0,0,0,1,1.0,0.0,0.0,0.0,6,6
693,2018-04-03,박주홍,불펜투수,한화,0,한화,롯데,7.1,0,2,0,0,0,0,0,1.0,1.0,1.0,1.0,4,5
694,2018-04-03,서균,불펜투수,한화,0,한화,롯데,7.6,1,1,0,0,0,0,0,1.0,0.0,0.0,0.0,4,4
695,2018-04-03,이태양,불펜투수,한화,0,한화,롯데,9.1,1,0,0,0,0,0,0,3.0,0.0,0.0,0.0,3,3
696,2018-04-04,안영명,선발투수,한화,0,한화,롯데,1.1,5,0,0,0,0,0,0,3.0,2.0,3.0,3.0,21,23
697,2018-04-04,이태양,불펜투수,한화,0,한화,롯데,6.6,0,2,0,0,0,0,0,1.0,0.0,1.0,1.0,4,4
698,2018-04-04,김범수,불펜투수,한화,0,한화,롯데,6.1,0,1,1,0,0,0,0,0.0,0.0,0.0,0.0,2,2
699,2018-04-04,박상원,불펜투수,한화,0,한화,롯데,7.3,1,0,0,0,0,0,1,1.0,0.0,0.0,0.0,3,3
700,2018-04-04,서균,불펜투수,한화,0,한화,롯데,8.6,1,0,0,0,0,0,1,1.0,0.0,0.0,0.0,3,3
701,2018-04-04,정우람,불펜투수,한화,0,한화,롯데,9.9,1,0,0,0,0,1,0,2.0,2.0,2.0,1.0,4,7
702,2018-04-07,피어밴드,선발투수,KT,0,KT,한화,1.1,7,0,1,0,0,0,0,7.0,1.0,2.0,2.0,25,26
703,2018-04-07,신병률,불펜투수,KT,0,KT,한화,8.9,1,0,0,0,0,0,0,1.0,0.0,0.0,0.0,4,4
704,2018-04-07,김재윤,불펜투수,KT,0,KT,한화,9.4,1,0,0,0,0,0,0,2.0,0.0,0.0,0.0,6,6
705,2018-04-08,고영표,선발투수,KT,0,KT,한화,1.1,6,0,0,0,0,0,0,6.0,2.0,3.0,3.0,22,24
706,2018-04-08,심재민,불펜투수,KT,0,KT,한화,7.7,0,2,0,0,0,0,0,2.0,1.0,3.0,0.0,4,5
707,2018-04-08,이상화,불펜투수,KT,0,KT,한화,7.3,0,1,0,0,0,0,0,1.0,1.0,2.0,2.0,3,4
708,2018-04-08,니퍼트,불펜투수,KT,0,KT,한화,8.7,1,0,0,0,0,0,0,0.0,0.0,0.0,0.0,4,4
709,2018-04-08,엄상백,불펜투수,KT,0,KT,한화,9.2,1,2,0,1,0,0,0,2.0,1.0,3.0,3.0,6,8
710,2018-04-08,홍성용,불펜투수,KT,0,KT,한화,10.1,0,0,0,0,0,0,0,0.0,2.0,1.0,1.0,0,2
711,2018-04-08,고창성,불펜투수,KT,0,KT,한화,10.3,0,1,0,0,0,0,0,1.0,0.0,0.0,0.0,2,2
712,2018-04-10,김재영,선발투수,한화,0,한화,기아,1.1,6,0,0,0,0,0,0,0.0,1.0,3.0,3.0,24,25
713,2018-04-10,안영명,불펜투수,한화,0,한화,기아,7.8,2,0,1,0,0,0,0,1.0,0.0,0.0,0.0,6,6
714,2018-04-10,정우람,불펜투수,한화,0,한화,기아,9.5,1,0,0,0,0,1,0,3.0,0.0,0.0,0.0,3,3
715,2018-04-11,윤규진,선발투수,한화,0,한화,기아,1.1,4,1,0,0,0,0,0,6.0,3.0,4.0,4.0,19,23
716,2018-04-11,송은범,불펜투수,한화,0,한화,기아,5.6,3,0,1,0,0,0,0,2.0,0.0,0.0,0.0,8,8
717,2018-04-11,서균,불펜투수,한화,0,한화,기아,8.5,0,2,0,0,0,0,1,0.0,0.0,0.0,0.0,2,2
718,2018-04-11,정우람,불펜투수,한화,0,한화,기아,9.7,1,0,0,0,0,1,0,2.0,0.0,0.0,0.0,4,4
719,2018-04-12,샘슨,선발투수,한화,0,한화,기아,1.1,6,0,1,0,0,0,0,8.0,1.0,1.0,1.0,21,22
720,2018-04-12,이태양,불펜투수,한화,0,한화,기아,7.5,1,0,0,0,0,0,0,1.0,1.0,1.0,1.0,5,6
721,2018-04-12,김범수,불펜투수,한화,0,한화,기아,8.2,1,0,0,0,0,0,0,1.0,1.0,2.0,2.0,5,6
722,2018-04-12,박주홍,불펜투수,한화,0,한화,기아,9.8,1,0,0,0,0,0,0,1.0,0.0,0.0,0.0,3,3
723,2018-04-13,휠러,선발투수,한화,0,한화,삼성,1.1,5,0,0,1,0,0,0,5.0,1.0,3.0,3.0,24,26
724,2018-04-13,박상원,불펜투수,한화,0,한화,삼성,6.9,1,0,0,0,0,0,0,1.0,0.0,0.0,0.0,3,3
725,2018-04-13,서균,불펜투수,한화,0,한화,삼성,7.3,0,2,0,0,0,0,0,1.0,1.0,0.0,0.0,2,3
726,2018-04-13,안영명,불펜투수,한화,0,한화,삼성,7.6,1,1,0,0,0,0,0,0.0,0.0,0.0,0.0,4,4
727,2018-04-13,송은범,불펜투수,한화,0,한화,삼성,9.1,1,0,0,0,0,0,0,1.0,0.0,1.0,0.0,6,6
728,2018-04-14,배영수,선발투수,한화,0,한화,삼성,1.1,5,2,1,0,0,0,0,4.0,4.0,1.0,1.0,20,24
729,2018-04-14,박주홍,불펜투수,한화,0,한화,삼성,6.7,1,0,0,0,0,0,0,2.0,2.0,0.0,0.0,3,5
730,2018-04-14,이태양,불펜투수,한화,0,한화,삼성,7.3,1,1,0,0,0,0,0,2.0,0.0,0.0,0.0,5,5
731,2018-04-14,강승현,불펜투수,한화,0,한화,삼성,9.8,1,0,0,0,0,0,0,1.0,0.0,1.0,1.0,5,5
732,2018-04-15,김재영,선발투수,한화,0,한화,삼성,1.1,5,0,1,0,0,0,0,2.0,2.0,4.0,4.0,20,23
733,2018-04-15,안영명,불펜투수,한화,0,한화,삼성,6.6,1,0,0,0,0,0,1,0.0,0.0,0.0,0.0,4,4
734,2018-04-15,박주홍,불펜투수,한화,0,한화,삼성,7.1,0,1,0,0,0,0,0,0.0,0.0,0.0,0.0,2,2
735,2018-04-15,서균,불펜투수,한화,0,한화,삼성,7.3,1,0,0,0,0,0,1,0.0,0.0,0.0,0.0,2,2
736,2018-04-15,송은범,불펜투수,한화,0,한화,삼성,8.5,0,2,0,0,0,0,0,0.0,0.0,0.0,0.0,2,2
737,2018-04-15,정우람,불펜투수,한화,0,한화,삼성,9.7,1,0,0,0,0,1,0,0.0,0.0,0.0,0.0,4,4
738,2018-04-17,유희관,선발투수,두산,0,두산,한화,1.1,5,0,0,1,0,0,0,4.0,2.0,5.0,5.0,21,24
739,2018-04-17,김정후,불펜투수,두산,0,두산,한화,6.7,3,0,0,0,0,0,0,2.0,1.0,0.0,0.0,10,11
740,2018-04-17,이현승,불펜투수,두산,0,두산,한화,9.9,1,0,0,0,0,0,0,3.0,0.0,0.0,0.0,4,4
741,2018-04-18,유재유,선발투수,두산,0,두산,한화,1.1,2,0,0,0,0,0,0,1.0,1.0,1.0,1.0,8,9
742,2018-04-18,이영하,불펜투수,두산,0,두산,한화,3.1,3,1,0,0,0,0,0,5.0,0.0,2.0,2.0,13,13
743,2018-04-18,곽빈,불펜투수,두산,0,두산,한화,6.5,1,1,0,0,0,0,0,2.0,2.0,1.0,1.0,6,8
744,2018-04-18,이현승,불펜투수,두산,0,두산,한화,7.4,0,1,1,0,0,0,0,1.0,2.0,0.0,0.0,1,3
745,2018-04-18,박치국,불펜투수,두산,0,두산,한화,8.7,0,2,0,0,0,0,1,0.0,1.0,0.0,0.0,3,4
746,2018-04-18,함덕주,불펜투수,두산,0,두산,한화,8.2,1,1,0,0,0,1,0,3.0,0.0,0.0,0.0,6,6
747,2018-04-19,린드블럼,선발투수,두산,0,두산,한화,1.1,7,0,1,0,0,0,0,7.0,2.0,2.0,2.0,27,29
748,2018-04-19,함덕주,불펜투수,두산,0,두산,한화,8.3,2,0,0,0,0,1,0,3.0,1.0,0.0,0.0,6,7
749,2018-04-20,배영수,선발투수,한화,0,한화,넥센,1.1,4,0,0,1,0,0,0,4.0,4.0,5.0,5.0,17,21
750,2018-04-20,안영명,불펜투수,한화,0,한화,넥센,5.4,2,0,0,0,0,0,0,1.0,1.0,0.0,0.0,8,9
751,2018-04-20,이태양,불펜투수,한화,0,한화,넥센,7.4,2,0,0,0,0,0,0,1.0,0.0,1.0,1.0,9,9
752,2018-04-20,김진욱,불펜투수,한화,0,한화,넥센,9.4,1,0,0,0,0,0,0,1.0,0.0,0.0,0.0,3,3
753,2018-04-21,김재영,선발투수,한화,0,한화,넥센,1.1,5,1,0,0,0,0,0,3.0,1.0,2.0,2.0,19,20
754,2018-04-21,송은범,불펜투수,한화,0,한화,넥센,6.3,2,0,0,1,0,0,0,4.0,2.0,2.0,1.0,8,11
755,2018-04-21,박상원,불펜투수,한화,0,한화,넥센,8.5,1,0,0,0,0,0,0,1.0,1.0,0.0,0.0,5,6
756,2018-04-21,박주홍,불펜투수,한화,0,한화,넥센,9.2,0,1,0,0,0,0,0,0.0,0.0,0.0,0.0,1,1
757,2018-04-21,서균,불펜투수,한화,0,한화,넥센,9.3,0,1,0,0,0,0,0,0.0,0.0,0.0,0.0,1,1
758,2018-04-22,윤규진,선발투수,한화,0,한화,넥센,1.1,4,1,0,1,0,0,0,2.0,0.0,8.0,8.0,23,23
759,2018-04-22,김진욱,불펜투수,한화,0,한화,넥센,5.6,2,2,0,0,0,0,0,2.0,3.0,2.0,2.0,11,14
760,2018-04-22,박주홍,불펜투수,한화,0,한화,넥센,8.2,2,0,0,0,0,0,0,3.0,0.0,0.0,0.0,8,8
761,2018-04-25,헥터,선발투수,기아,0,기아,한화,1.1,7,0,0,0,0,0,0,4.0,1.0,2.0,2.0,26,27
762,2018-04-25,이민우,불펜투수,기아,0,기아,한화,8.1,1,0,0,0,0,0,0,0.0,0.0,0.0,0.0,3,3
763,2018-04-25,김세현,불펜투수,기아,0,기아,한화,9.4,1,0,0,1,0,0,0,3.0,1.0,1.0,1.0,5,6
764,2018-04-26,양현종,선발투수,기아,0,기아,한화,1.1,9,0,0,1,0,0,0,9.0,3.0,3.0,3.0,34,37
765,2018-04-27,노경은,선발투수,롯데,0,롯데,한화,1.1,6,0,0,0,0,0,0,2.0,0.0,2.0,2.0,24,24
766,2018-04-27,오현택,불펜투수,롯데,0,롯데,한화,7.7,1,0,0,0,0,0,1,3.0,0.0,0.0,0.0,3,3
767,2018-04-27,박진형,불펜투수,롯데,0,롯데,한화,8.1,1,0,1,0,0,0,0,0.0,0.0,1.0,1.0,6,6
768,2018-04-27,손승락,불펜투수,롯데,0,롯데,한화,9.7,1,0,0,0,0,1,0,1.0,0.0,0.0,0.0,5,5
769,2018-04-28,레일리,선발투수,롯데,0,롯데,한화,1.1,6,0,0,1,0,0,0,5.0,4.0,4.0,4.0,20,26
770,2018-04-28,고효준,불펜투수,롯데,0,롯데,한화,7.9,0,2,0,0,0,0,0,2.0,0.0,0.0,0.0,2,2
771,2018-04-28,진명호,불펜투수,롯데,0,롯데,한화,7.2,1,1,0,0,0,0,0,0.0,1.0,0.0,0.0,4,5
772,2018-04-28,배장호,불펜투수,롯데,0,롯데,한화,9.7,0,2,0,0,0,0,0,1.0,0.0,0.0,0.0,2,2
773,2018-04-28,이명우,불펜투수,롯데,0,롯데,한화,9.9,0,1,0,0,0,0,0,1.0,0.0,0.0,0.0,1,1
774,2018-04-29,김원중,선발투수,롯데,0,롯데,한화,1.1,4,0,0,0,0,0,0,5.0,3.0,2.0,2.0,18,21
775,2018-04-29,진명호,불펜투수,롯데,0,롯데,한화,5.4,1,1,1,0,0,0,0,1.0,1.0,0.0,0.0,4,5
776,2018-04-29,이명우,불펜투수,롯데,0,롯데,한화,6.9,0,1,0,0,0,0,1,0.0,0.0,0.0,0.0,2,2
777,2018-04-29,오현택,불펜투수,롯데,0,롯데,한화,6.2,1,2,0,0,0,0,1,0.0,0.0,1.0,1.0,7,7
778,2018-04-29,손승락,불펜투수,롯데,0,롯데,한화,8.9,1,2,0,0,0,1,0,1.0,0.0,0.0,0.0,6,6
779,2018-05-01,샘슨,선발투수,한화,0,한화,LG,1.1,6,0,1,0,0,0,0,6.0,0.0,3.0,3.0,24,24
780,2018-05-01,안영명,불펜투수,한화,0,한화,LG,7.7,1,0,0,0,0,0,1,0.0,1.0,0.0,0.0,3,4
781,2018-05-01,송은범,불펜투수,한화,0,한화,LG,8.2,0,2,0,0,0,0,0,0.0,1.0,1.0,1.0,2,4
782,2018-05-01,서균,불펜투수,한화,0,한화,LG,8.6,0,1,0,0,0,0,1,1.0,0.0,0.0,0.0,1,1
783,2018-05-01,정우람,불펜투수,한화,0,한화,LG,9.7,1,0,0,0,0,1,0,0.0,1.0,1.0,0.0,5,6
784,2018-05-02,휠러,선발투수,한화,0,한화,LG,1.1,7,0,0,0,0,0,0,6.0,0.0,3.0,3.0,26,26
785,2018-05-02,박상원,불펜투수,한화,0,한화,LG,8.9,0,2,0,0,0,0,0,0.0,0.0,0.0,0.0,3,3
786,2018-05-02,박주홍,불펜투수,한화,0,한화,LG,8.3,1,0,0,0,0,0,0,0.0,0.0,0.0,0.0,3,3
787,2018-05-02,이태양,불펜투수,한화,0,한화,LG,9.6,0,1,1,0,0,0,0,1.0,0.0,0.0,0.0,1,1
788,2018-05-03,배영수,선발투수,한화,0,한화,LG,1.1,5,0,0,0,0,0,0,4.0,1.0,1.0,1.0,19,20
789,2018-05-03,이태양,불펜투수,한화,0,한화,LG,6.3,0,1,0,0,0,0,0,0.0,0.0,2.0,2.0,3,3
790,2018-05-03,서균,불펜투수,한화,0,한화,LG,6.6,0,2,0,0,0,0,0,1.0,0.0,0.0,0.0,3,3
791,2018-05-03,안영명,불펜투수,한화,0,한화,LG,7.9,2,0,1,0,0,0,0,1.0,0.0,0.0,0.0,5,6
792,2018-05-03,송은범,불펜투수,한화,0,한화,LG,9.6,0,2,0,0,0,0,0,1.0,1.0,0.0,0.0,3,4
793,2018-05-03,정우람,불펜투수,한화,0,한화,LG,9.1,0,1,0,0,0,1,0,1.0,0.0,0.0,0.0,1,1
794,2018-05-04,보니야,선발투수,삼성,0,삼성,한화,1.1,7,0,0,0,0,0,0,2.0,4.0,3.0,3.0,25,30
795,2018-05-04,임현준,불펜투수,삼성,0,삼성,한화,8.4,0,1,0,0,0,0,0,0.0,0.0,0.0,0.0,1,1
796,2018-05-04,심창민,불펜투수,삼성,0,삼성,한화,8.5,0,1,0,0,0,0,0,0.0,1.0,2.0,1.0,2,3
797,2018-05-04,장필준,불펜투수,삼성,0,삼성,한화,8.8,1,0,0,1,0,0,0,1.0,1.0,4.0,4.0,7,8
798,2018-05-04,김승현,불펜투수,삼성,0,삼성,한화,9.7,0,1,0,0,0,0,0,0.0,0.0,0.0,0.0,2,2
799,2018-05-05,장원삼,선발투수,삼성,0,삼성,한화,1.1,7,0,1,0,0,0,0,5.0,1.0,3.0,3.0,28,29
800,2018-05-05,한기주,불펜투수,삼성,0,삼성,한화,8.3,1,0,0,0,0,0,0,2.0,0.0,0.0,0.0,3,3
801,2018-05-05,우규민,불펜투수,삼성,0,삼성,한화,9.6,1,0,0,0,0,0,0,2.0,0.0,0.0,0.0,4,4
802,2018-05-08,브리검,선발투수,넥센,0,넥센,한화,1.1,5,0,0,0,0,0,0,2.0,0.0,6.0,5.0,24,24
803,2018-05-08,이보근,불펜투수,넥센,0,넥센,한화,6.7,1,0,0,0,0,0,1,3.0,0.0,0.0,0.0,4,4
804,2018-05-08,김상수,불펜투수,넥센,0,넥센,한화,7.2,1,0,0,0,0,0,1,1.0,0.0,0.0,0.0,3,3
805,2018-05-08,오주원,불펜투수,넥센,0,넥센,한화,8.5,1,0,0,0,0,0,1,0.0,0.0,0.0,0.0,3,3
806,2018-05-08,조상우,불펜투수,넥센,0,넥센,한화,9.8,1,0,0,1,0,0,0,2.0,1.0,4.0,1.0,7,8
807,2018-05-09,신재영,선발투수,넥센,0,넥센,한화,1.1,6,0,0,1,0,0,0,1.0,1.0,2.0,2.0,23,24
808,2018-05-09,김성민,불펜투수,넥센,0,넥센,한화,7.7,1,0,0,0,0,0,0,1.0,2.0,0.0,0.0,2,5
809,2018-05-09,김동준,불펜투수,넥센,0,넥센,한화,8.3,1,0,0,0,0,0,0,1.0,0.0,2.0,2.0,5,5
810,2018-05-09,조덕길,불펜투수,넥센,0,넥센,한화,9.8,1,0,0,0,0,0,0,2.0,0.0,0.0,0.0,3,3
811,2018-05-10,로저스,선발투수,넥센,0,넥센,한화,1.1,6,0,0,1,0,0,0,5.0,3.0,3.0,2.0,25,28
812,2018-05-10,이보근,불펜투수,넥센,0,넥센,한화,7.2,1,0,0,0,0,0,0,1.0,0.0,0.0,0.0,3,3
813,2018-05-10,오주원,불펜투수,넥센,0,넥센,한화,8.5,1,0,0,0,0,0,0,1.0,0.0,0.0,0.0,3,3
814,2018-05-10,김선기,불펜투수,넥센,0,넥센,한화,9.8,1,0,0,0,0,0,0,1.0,0.0,0.0,0.0,5,5
815,2018-05-11,배영수,선발투수,한화,0,한화,NC,1.1,7,0,0,0,0,0,0,7.0,2.0,2.0,2.0,25,27
816,2018-05-11,이태양,불펜투수,한화,0,한화,NC,8.1,1,0,0,0,0,0,0,1.0,1.0,0.0,0.0,3,4
817,2018-05-11,박상원,불펜투수,한화,0,한화,NC,9.5,1,0,0,0,0,0,0,0.0,0.0,0.0,0.0,3,3
818,2018-05-11,서균,불펜투수,한화,0,한화,NC,10.8,1,0,0,0,0,0,0,0.0,1.0,0.0,0.0,3,4
819,2018-05-11,박주홍,불펜투수,한화,0,한화,NC,11.3,1,0,0,1,0,0,0,1.0,0.0,2.0,2.0,4,5
820,2018-05-13,샘슨,선발투수,한화,0,한화,NC,1.1,7,1,1,0,0,0,0,10.0,0.0,0.0,0.0,26,26
821,2018-05-13,서균,불펜투수,한화,0,한화,NC,8.9,0,1,0,0,0,0,0,0.0,0.0,0.0,0.0,1,1
822,2018-05-13,안영명,불펜투수,한화,0,한화,NC,8.1,1,1,0,0,0,0,0,0.0,0.0,0.0,0.0,5,5
823,2018-05-15,휠러,선발투수,한화,0,한화,KT,1.1,7,0,0,1,0,0,0,9.0,2.0,1.0,1.0,24,26
824,2018-05-15,송은범,불펜투수,한화,0,한화,KT,8.9,1,0,0,0,0,0,0,2.0,0.0,0.0,0.0,3,3
825,2018-05-15,안영명,불펜투수,한화,0,한화,KT,9.3,0,2,0,0,0,0,0,1.0,0.0,2.0,2.0,5,5
826,2018-05-15,박상원,불펜투수,한화,0,한화,KT,9.8,0,1,0,0,0,0,0,0.0,0.0,0.0,0.0,2,2
827,2018-05-16,김재영,선발투수,한화,0,한화,KT,1.1,4,2,0,0,0,0,0,4.0,5.0,4.0,4.0,18,23
828,2018-05-16,장민재,불펜투수,한화,0,한화,KT,5.6,1,1,1,0,0,0,0,2.0,0.0,0.0,0.0,6,6
829,2018-05-16,송은범,불펜투수,한화,0,한화,KT,7.3,1,0,0,0,0,0,1,0.0,2.0,0.0,0.0,3,5
830,2018-05-16,서균,불펜투수,한화,0,한화,KT,8.8,1,0,0,0,0,0,1,1.0,0.0,0.0,0.0,3,3
831,2018-05-16,정우람,불펜투수,한화,0,한화,KT,9.2,1,0,0,0,0,1,0,1.0,0.0,0.0,0.0,4,4
832,2018-05-17,김민우,선발투수,한화,0,한화,KT,1.1,6,0,1,0,0,0,0,3.0,1.0,2.0,2.0,24,25
833,2018-05-17,박상원,불펜투수,한화,0,한화,KT,7.8,0,0,0,0,0,0,0,0.0,0.0,1.0,1.0,2,2
834,2018-05-17,안영명,불펜투수,한화,0,한화,KT,7.1,2,0,0,0,0,0,1,3.0,0.0,0.0,0.0,8,9
835,2018-05-17,정우람,불펜투수,한화,0,한화,KT,9.1,1,0,0,0,0,1,0,0.0,0.0,0.0,0.0,3,3
836,2018-05-18,김대현,선발투수,LG,0,LG,한화,1.1,6,0,0,0,0,0,0,3.0,2.0,3.0,2.0,20,22
837,2018-05-18,최성훈,불펜투수,LG,0,LG,한화,7.5,0,2,0,0,0,0,0,0.0,1.0,0.0,0.0,2,3
838,2018-05-18,이동현,불펜투수,LG,0,LG,한화,7.8,1,1,0,0,0,0,0,1.0,0.0,0.0,0.0,4,4
839,2018-05-18,정찬헌,불펜투수,LG,0,LG,한화,9.3,1,0,0,1,0,0,0,0.0,0.0,1.0,1.0,6,6
840,2018-05-19,소사,선발투수,LG,0,LG,한화,1.1,7,0,0,1,0,0,0,5.0,2.0,2.0,2.0,25,27
841,2018-05-19,김지용,불펜투수,LG,0,LG,한화,8.1,2,0,0,0,0,0,0,1.0,0.0,0.0,0.0,6,7
842,2018-05-20,차우찬,선발투수,LG,0,LG,한화,1.1,6,0,1,0,0,0,0,5.0,4.0,1.0,1.0,20,24
843,2018-05-20,이동현,불펜투수,LG,0,LG,한화,7.7,1,0,0,0,0,0,1,0.0,1.0,0.0,0.0,4,5
844,2018-05-20,김지용,불펜투수,LG,0,LG,한화,8.3,1,0,0,0,0,0,0,0.0,0.0,1.0,1.0,4,4
845,2018-05-20,정찬헌,불펜투수,LG,0,LG,한화,9.7,1,0,0,0,0,0,0,2.0,0.0,0.0,0.0,3,3
846,2018-05-22,김재영,선발투수,한화,0,한화,두산,1.1,6,2,0,0,0,0,0,5.0,2.0,3.0,3.0,26,28
847,2018-05-22,안영명,불펜투수,한화,0,한화,두산,7.2,0,1,0,0,0,0,1,0.0,0.0,2.0,2.0,3,3
848,2018-05-22,서균,불펜투수,한화,0,한화,두산,8.5,0,0,0,0,0,0,0,0.0,1.0,1.0,1.0,0,1
849,2018-05-22,송은범,불펜투수,한화,0,한화,두산,8.6,1,0,0,0,0,0,0,1.0,0.0,1.0,1.0,4,4
850,2018-05-22,박상원,불펜투수,한화,0,한화,두산,9.1,1,2,0,0,0,0,0,1.0,2.0,0.0,0.0,6,8
851,2018-05-22,정우람,불펜투수,한화,0,한화,두산,10.9,1,1,1,0,0,0,0,0.0,0.0,0.0,0.0,5,5
852,2018-05-23,김민우,선발투수,한화,0,한화,두산,1.1,5,0,0,0,0,0,0,5.0,2.0,3.0,3.0,21,23
853,2018-05-23,장민재,불펜투수,한화,0,한화,두산,6.6,2,0,1,0,0,0,0,1.0,1.0,0.0,0.0,6,7
854,2018-05-23,김범수,불펜투수,한화,0,한화,두산,8.4,1,0,0,0,0,0,1,2.0,0.0,0.0,0.0,3,3
855,2018-05-23,정우람,불펜투수,한화,0,한화,두산,9.7,1,0,0,0,0,1,0,0.0,0.0,0.0,0.0,3,3
856,2018-05-24,배영수,선발투수,한화,0,한화,두산,1.1,6,1,0,1,0,0,0,3.0,0.0,6.0,6.0,27,28
857,2018-05-24,이태양,불펜투수,한화,0,한화,두산,7.2,2,2,0,0,0,0,0,3.0,0.0,1.0,1.0,10,10
858,2018-05-25,김광현,선발투수,SK,0,SK,한화,1.1,8,0,1,0,0,0,0,6.0,1.0,1.0,1.0,25,26
859,2018-05-25,신재웅,불펜투수,SK,0,SK,한화,9.9,1,0,0,0,0,0,0,1.0,0.0,0.0,0.0,3,3
860,2018-05-26,켈리,선발투수,SK,0,SK,한화,1.1,7,0,1,0,0,0,0,10.0,2.0,2.0,2.0,24,26
861,2018-05-26,박정배,불펜투수,SK,0,SK,한화,8.9,1,0,0,0,0,0,0,2.0,0.0,0.0,0.0,4,4
862,2018-05-26,서진용,불펜투수,SK,0,SK,한화,9.4,1,0,0,0,0,0,0,1.0,0.0,0.0,0.0,5,5
863,2018-05-27,산체스,선발투수,SK,0,SK,한화,1.1,6,0,0,0,0,0,0,3.0,1.0,3.0,3.0,25,27
864,2018-05-27,김태훈,불펜투수,SK,0,SK,한화,7.1,1,2,0,0,0,0,0,1.0,0.0,1.0,1.0,8,8
865,2018-05-27,박정배,불펜투수,SK,0,SK,한화,8.9,0,1,0,0,0,0,0,1.0,0.0,0.0,0.0,1,1
866,2018-05-27,신재웅,불펜투수,SK,0,SK,한화,9.1,1,2,0,1,0,0,0,0.0,1.0,3.0,0.0,9,10
867,2018-05-27,윤희상,불펜투수,SK,0,SK,한화,10.2,0,1,0,0,0,0,0,1.0,0.0,0.0,0.0,2,2
868,2018-05-29,김민우,선발투수,한화,0,한화,NC,1.1,6,0,1,0,0,0,0,4.0,1.0,1.0,1.0,22,23
869,2018-05-29,이태양,불펜투수,한화,0,한화,NC,7.6,1,0,0,0,0,0,1,1.0,0.0,0.0,0.0,5,5
870,2018-05-29,김범수,불펜투수,한화,0,한화,NC,8.2,0,2,0,0,0,0,0,1.0,1.0,1.0,1.0,3,4
871,2018-05-29,서균,불펜투수,한화,0,한화,NC,8.6,0,1,0,0,0,0,0,0.0,0.0,0.0,0.0,2,2
872,2018-05-29,박상원,불펜투수,한화,0,한화,NC,9.8,1,0,0,0,0,0,0,0.0,0.0,0.0,0.0,3,3
873,2018-05-30,배영수,선발투수,한화,0,한화,NC,1.1,5,0,1,0,0,0,0,4.0,0.0,4.0,4.0,21,21
874,2018-05-30,송은범,불펜투수,한화,0,한화,NC,6.4,1,0,0,0,0,0,0,1.0,0.0,0.0,0.0,4,4
875,2018-05-30,이태양,불펜투수,한화,0,한화,NC,7.8,1,0,0,0,0,0,0,1.0,0.0,0.0,0.0,3,3
876,2018-05-30,박상원,불펜투수,한화,0,한화,NC,8.2,1,0,0,0,0,0,0,1.0,0.0,0.0,0.0,4,4
877,2018-05-30,장민재,불펜투수,한화,0,한화,NC,9.6,1,0,0,0,0,0,0,1.0,0.0,0.0,0.0,4,4
878,2018-05-31,샘슨,선발투수,한화,0,한화,NC,1.1,7,0,0,1,0,0,0,10.0,2.0,5.0,4.0,28,30
879,2018-05-31,김범수,불펜투수,한화,0,한화,NC,8.4,1,0,0,0,0,0,0,1.0,1.0,0.0,0.0,3,4
880,2018-05-31,안영명,불펜투수,한화,0,한화,NC,9.8,1,0,0,0,0,0,0,0.0,1.0,0.0,0.0,4,5
881,2018-06-01,송승준,선발투수,롯데,0,롯데,한화,1.1,5,2,0,0,0,0,0,7.0,2.0,5.0,3.0,24,26
882,2018-06-01,구승민,불펜투수,롯데,0,롯데,한화,6.9,1,0,0,0,0,0,1,1.0,1.0,0.0,0.0,3,4
883,2018-06-01,진명호,불펜투수,롯데,0,롯데,한화,7.4,1,0,0,1,0,0,0,3.0,3.0,3.0,3.0,4,7
884,2018-06-01,오현택,불펜투수,롯데,0,롯데,한화,8.2,0,1,0,0,0,0,0,1.0,0.0,1.0,1.0,2,2
885,2018-06-01,조정훈,불펜투수,롯데,0,롯데,한화,9.4,0,1,0,0,0,0,0,0.0,0.0,4.0,0.0,6,6
886,2018-06-01,정태승,불펜투수,롯데,0,롯데,한화,9.1,0,2,0,0,0,0,0,1.0,0.0,0.0,0.0,1,2
887,2018-06-02,듀브론트,선발투수,롯데,0,롯데,한화,1.1,8,0,0,0,0,0,0,8.0,1.0,2.0,2.0,29,32
888,2018-06-02,윤길현,불펜투수,롯데,0,롯데,한화,9.6,1,0,0,1,0,0,0,1.0,0.0,1.0,1.0,5,5
889,2018-06-03,레일리,선발투수,롯데,0,롯데,한화,1.1,7,0,1,0,0,0,0,6.0,0.0,0.0,0.0,25,25
890,2018-06-03,오현택,불펜투수,롯데,0,롯데,한화,8.8,1,0,0,0,0,0,0,0.0,0.0,0.0,0.0,4,4
891,2018-06-03,장시환,불펜투수,롯데,0,롯데,한화,9.3,1,0,0,0,0,0,0,2.0,0.0,0.0,0.0,4,4
892,2018-06-05,소사,선발투수,LG,0,LG,한화,1.1,7,0,1,0,0,0,0,10.0,0.0,2.0,2.0,26,26
893,2018-06-05,신정락,불펜투수,LG,0,LG,한화,8.9,1,0,0,0,0,0,0,2.0,2.0,0.0,0.0,3,5
894,2018-06-05,김영준,불펜투수,LG,0,LG,한화,9.5,0,1,0,0,0,0,0,0.0,0.0,1.0,0.0,4,4
895,2018-06-05,정찬헌,불펜투수,LG,0,LG,한화,9.9,0,2,0,0,0,1,0,0.0,0.0,0.0,0.0,2,2
896,2018-06-06,손주영,선발투수,LG,0,LG,한화,1.1,5,0,0,1,0,0,0,7.0,4.0,2.0,2.0,18,22
897,2018-06-06,윤지웅,불펜투수,LG,0,LG,한화,6.5,1,1,0,0,0,0,0,0.0,0.0,0.0,0.0,6,6
898,2018-06-06,이동현,불펜투수,LG,0,LG,한화,7.2,0,0,0,0,0,0,0,0.0,0.0,1.0,1.0,1,1
899,2018-06-06,최성훈,불펜투수,LG,0,LG,한화,7.3,0,2,0,0,0,0,0,1.0,0.0,2.0,2.0,4,4
900,2018-06-06,고우석,불펜투수,LG,0,LG,한화,8.7,2,0,0,0,0,0,0,1.0,0.0,0.0,0.0,6,6
901,2018-06-07,차우찬,선발투수,LG,0,LG,한화,1.1,7,0,0,0,0,0,0,4.0,1.0,5.0,4.0,29,32
902,2018-06-07,신정락,불펜투수,LG,0,LG,한화,8.6,0,2,0,0,0,0,0,1.0,0.0,0.0,0.0,3,3
903,2018-06-07,진해수,불펜투수,LG,0,LG,한화,8.9,0,1,1,0,0,0,0,1.0,0.0,0.0,0.0,1,1
904,2018-06-07,정찬헌,불펜투수,LG,0,LG,한화,9.1,1,0,0,0,0,1,0,2.0,0.0,0.0,0.0,4,4
905,2018-06-08,김재영,선발투수,한화,0,한화,SK,1.1,5,2,1,0,0,0,0,2.0,2.0,5.0,5.0,25,27
906,2018-06-08,장민재,불펜투수,한화,0,한화,SK,6.1,0,0,0,0,0,0,0,0.0,1.0,0.0,0.0,1,2
907,2018-06-08,이태양,불펜투수,한화,0,한화,SK,6.3,2,1,0,0,0,0,1,2.0,1.0,0.0,0.0,7,8
908,2018-06-08,정우람,불펜투수,한화,0,한화,SK,9.2,1,0,0,0,0,1,0,0.0,0.0,0.0,0.0,3,3
909,2018-06-09,김민우,선발투수,한화,0,한화,SK,1.1,6,0,0,0,0,0,0,5.0,2.0,1.0,1.0,22,24
910,2018-06-09,박상원,불펜투수,한화,0,한화,SK,7.7,1,1,0,0,0,0,0,1.0,0.0,0.0,0.0,4,4
911,2018-06-09,김범수,불펜투수,한화,0,한화,SK,8.2,0,1,0,0,0,0,0,1.0,0.0,0.0,0.0,1,1
912,2018-06-09,송은범,불펜투수,한화,0,한화,SK,8.3,0,2,0,0,0,0,0,1.0,2.0,0.0,0.0,4,6
913,2018-06-09,안영명,불펜투수,한화,0,한화,SK,9.9,1,2,0,1,0,0,0,2.0,3.0,3.0,3.0,7,10
914,2018-06-10,윤규진,선발투수,한화,0,한화,SK,1.1,7,0,0,0,0,0,0,6.0,0.0,2.0,2.0,24,24
915,2018-06-10,이태양,불펜투수,한화,0,한화,SK,8.7,0,2,0,0,0,0,1,1.0,0.0,0.0,0.0,3,3
916,2018-06-10,정우람,불펜투수,한화,0,한화,SK,8.1,1,1,1,0,0,0,0,2.0,0.0,1.0,1.0,7,7
917,2018-06-12,최원태,선발투수,넥센,0,넥센,한화,1.1,6,0,0,0,0,0,0,4.0,0.0,2.0,1.0,24,24
918,2018-06-12,오주원,불펜투수,넥센,0,넥센,한화,7.7,1,0,0,0,0,0,0,1.0,0.0,0.0,0.0,3,3
919,2018-06-12,이보근,불펜투수,넥센,0,넥센,한화,8.1,0,1,0,1,0,0,0,0.0,0.0,3.0,3.0,4,4
920,2018-06-12,조덕길,불펜투수,넥센,0,넥센,한화,8.5,0,2,0,0,0,0,0,0.0,0.0,0.0,0.0,3,3
921,2018-06-12,박정준,불펜투수,넥센,0,넥센,한화,9.8,1,0,0,0,0,0,0,1.0,3.0,1.0,0.0,4,7
922,2018-06-13,브리검,선발투수,넥센,0,넥센,한화,1.1,7,0,1,0,0,0,0,6.0,3.0,1.0,1.0,20,24
923,2018-06-13,이보근,불펜투수,넥센,0,넥센,한화,8.7,0,2,0,0,0,0,0,1.0,0.0,1.0,1.0,4,4
924,2018-06-13,김상수,불펜투수,넥센,0,넥센,한화,8.2,1,1,0,0,0,1,0,2.0,0.0,0.0,0.0,5,5
925,2018-06-14,김정인,선발투수,넥센,0,넥센,한화,1.1,4,1,0,1,0,0,0,4.0,3.0,4.0,4.0,19,22
926,2018-06-14,양현,불펜투수,넥센,0,넥센,한화,5.5,1,2,0,0,0,0,0,1.0,0.0,0.0,0.0,5,5
927,2018-06-14,이승호,불펜투수,넥센,0,넥센,한화,7.1,1,0,0,0,0,0,0,2.0,0.0,2.0,2.0,5,5
928,2018-06-14,안우진,불펜투수,넥센,0,넥센,한화,8.6,2,0,0,0,0,0,0,4.0,3.0,3.0,3.0,7,10
929,2018-06-15,김민우,선발투수,한화,0,한화,두산,1.1,4,0,0,1,0,0,0,2.0,2.0,9.0,9.0,23,25
930,2018-06-15,장민재,불펜투수,한화,0,한화,두산,5.8,3,0,0,0,0,0,0,5.0,1.0,1.0,1.0,13,14
931,2018-06-15,서균,불펜투수,한화,0,한화,두산,8.4,1,0,0,0,0,0,0,0.0,0.0,0.0,0.0,3,3
932,2018-06-15,박상원,불펜투수,한화,0,한화,두산,9.7,1,0,0,0,0,0,0,2.0,0.0,3.0,3.0,8,8
933,2018-06-16,윤규진,선발투수,한화,0,한화,두산,1.1,5,0,0,1,0,0,0,7.0,2.0,2.0,2.0,19,21
934,2018-06-16,김범수,불펜투수,한화,0,한화,두산,6.4,0,2,0,0,0,0,0,0.0,0.0,2.0,2.0,5,5
935,2018-06-16,이태양,불펜투수,한화,0,한화,두산,6.9,1,0,0,0,0,0,0,1.0,0.0,1.0,1.0,5,5
936,2018-06-16,송은범,불펜투수,한화,0,한화,두산,7.5,1,1,0,0,0,0,0,0.0,2.0,0.0,0.0,5,7
937,2018-06-16,서균,불펜투수,한화,0,한화,두산,9.3,0,1,0,0,0,0,0,1.0,3.0,3.0,2.0,2,5
938,2018-06-16,안영명,불펜투수,한화,0,한화,두산,9.8,0,2,0,0,0,0,0,0.0,1.0,0.0,0.0,1,3
939,2018-06-17,샘슨,선발투수,한화,0,한화,두산,1.1,5,2,1,0,0,0,0,5.0,4.0,4.0,4.0,23,27
940,2018-06-17,이태양,불펜투수,한화,0,한화,두산,6.1,1,1,0,0,0,0,0,1.0,0.0,0.0,0.0,5,5
941,2018-06-17,송은범,불펜투수,한화,0,한화,두산,8.6,1,0,0,0,0,0,0,2.0,0.0,1.0,1.0,4,4
942,2018-06-17,송창식,불펜투수,한화,0,한화,두산,9.1,1,0,0,0,0,0,0,0.0,0.0,1.0,1.0,5,5
943,2018-06-19,휠러,선발투수,한화,0,한화,LG,1.1,5,2,0,1,0,0,0,6.0,2.0,4.0,4.0,23,26
944,2018-06-19,박상원,불펜투수,한화,0,한화,LG,6.9,0,1,0,0,0,0,0,1.0,0.0,0.0,0.0,2,2
945,2018-06-19,김범수,불펜투수,한화,0,한화,LG,7.2,0,1,0,0,0,0,0,1.0,2.0,0.0,0.0,1,3
946,2018-06-19,장민재,불펜투수,한화,0,한화,LG,7.5,1,2,0,0,0,0,0,2.0,2.0,0.0,0.0,5,8
947,2018-06-19,서균,불펜투수,한화,0,한화,LG,9.4,1,0,0,0,0,0,0,0.0,0.0,0.0,0.0,4,4
948,2018-06-20,김재영,선발투수,한화,0,한화,LG,1.1,5,1,1,0,0,0,0,4.0,1.0,7.0,7.0,24,26
949,2018-06-20,송은범,불펜투수,한화,0,한화,LG,6.9,1,2,0,0,0,0,0,0.0,0.0,0.0,0.0,6,6
950,2018-06-20,이태양,불펜투수,한화,0,한화,LG,8.6,1,0,0,0,0,0,0,2.0,0.0,0.0,0.0,4,4
951,2018-06-20,정우람,불펜투수,한화,0,한화,LG,9.1,1,0,0,0,0,0,0,0.0,0.0,0.0,0.0,3,3
952,2018-06-21,김민우,선발투수,한화,0,한화,LG,1.1,5,2,0,0,0,0,0,2.0,4.0,6.0,5.0,25,29
953,2018-06-21,김범수,불펜투수,한화,0,한화,LG,6.3,1,1,0,0,0,0,0,0.0,0.0,0.0,0.0,4,4
954,2018-06-21,서균,불펜투수,한화,0,한화,LG,8.7,1,0,0,0,0,0,0,0.0,1.0,0.0,0.0,2,3
955,2018-06-21,박상원,불펜투수,한화,0,한화,LG,9.1,0,2,0,0,0,0,0,1.0,2.0,0.0,0.0,1,3
956,2018-06-21,정우람,불펜투수,한화,0,한화,LG,9.3,0,1,1,0,0,0,0,0.0,0.0,0.0,0.0,1,1
957,2018-06-22,구창모,선발투수,NC,0,NC,한화,1.1,6,0,0,1,0,0,0,4.0,4.0,1.0,1.0,20,24
958,2018-06-22,김진성,불펜투수,NC,0,NC,한화,7.7,1,0,0,0,0,0,0,0.0,1.0,0.0,0.0,3,4
959,2018-06-22,배재환,불펜투수,NC,0,NC,한화,8.2,0,0,0,0,0,0,0,0.0,1.0,2.0,2.0,1,2
960,2018-06-22,민태호,불펜투수,NC,0,NC,한화,8.4,2,0,0,0,0,0,0,1.0,1.0,2.0,2.0,9,10
961,2018-06-23,왕웨이중,선발투수,NC,0,NC,한화,1.1,6,1,0,1,0,0,0,3.0,4.0,6.0,6.0,25,29
962,2018-06-23,장현식,불펜투수,NC,0,NC,한화,7.3,0,2,0,0,0,0,0,1.0,0.0,1.0,1.0,3,3
963,2018-06-23,윤수호,불펜투수,NC,0,NC,한화,8.6,1,0,0,0,0,0,0,1.0,1.0,1.0,1.0,5,6
964,2018-06-23,김건태,불펜투수,NC,0,NC,한화,9.3,1,0,0,0,0,0,0,1.0,0.0,0.0,0.0,4,4
965,2018-06-24,이재학,선발투수,NC,0,NC,한화,1.1,7,0,0,0,0,0,0,5.0,0.0,1.0,1.0,26,26
966,2018-06-24,원종현,불펜투수,NC,0,NC,한화,8.9,0,1,0,1,0,0,0,0.0,1.0,3.0,3.0,3,4
967,2018-06-24,이민호,불펜투수,NC,0,NC,한화,8.4,1,2,0,0,0,0,0,1.0,1.0,1.0,1.0,6,8
968,2018-06-26,김재영,선발투수,한화,0,한화,삼성,1.1,5,0,0,1,0,0,0,1.0,3.0,7.0,7.0,21,25
969,2018-06-26,송창식,불펜투수,한화,0,한화,삼성,6.8,1,0,0,0,0,0,0,0.0,1.0,4.0,4.0,5,7
970,2018-06-26,서균,불펜투수,한화,0,한화,삼성,7.6,1,0,0,0,0,0,0,0.0,1.0,2.0,2.0,4,5
971,2018-06-26,장민재,불펜투수,한화,0,한화,삼성,8.2,1,0,0,0,0,0,0,0.0,0.0,0.0,0.0,4,4
972,2018-06-26,박상원,불펜투수,한화,0,한화,삼성,9.6,1,0,0,0,0,0,0,1.0,0.0,0.0,0.0,3,3
973,2018-06-27,김민우,선발투수,한화,0,한화,삼성,1.1,7,0,1,0,0,0,0,5.0,3.0,0.0,0.0,25,28
974,2018-06-27,송은범,불펜투수,한화,0,한화,삼성,8.2,0,1,0,0,0,0,0,0.0,1.0,0.0,0.0,2,3
975,2018-06-27,이태양,불펜투수,한화,0,한화,삼성,8.5,0,2,0,0,0,0,1,1.0,0.0,0.0,0.0,3,3
976,2018-06-27,김범수,불펜투수,한화,0,한화,삼성,9.8,0,0,0,0,0,0,0,0.0,1.0,0.0,0.0,0,1
977,2018-06-27,정우람,불펜투수,한화,0,한화,삼성,9.9,1,0,0,0,0,0,0,2.0,0.0,0.0,0.0,4,4
978,2018-06-28,윤규진,선발투수,한화,0,한화,삼성,1.1,5,0,0,0,0,0,0,4.0,5.0,1.0,1.0,19,24
979,2018-06-28,박상원,불펜투수,한화,0,한화,삼성,6.7,1,0,0,0,0,0,0,1.0,0.0,0.0,0.0,4,4
980,2018-06-28,장민재,불펜투수,한화,0,한화,삼성,7.2,1,0,1,0,0,0,0,1.0,2.0,0.0,0.0,3,5
981,2018-06-28,이태양,불펜투수,한화,0,한화,삼성,8.7,1,0,0,0,0,0,0,1.0,0.0,0.0,0.0,3,3
982,2018-06-28,김범수,불펜투수,한화,0,한화,삼성,9.1,0,2,0,0,0,0,0,1.0,0.0,2.0,2.0,4,4
983,2018-06-28,송창식,불펜투수,한화,0,한화,삼성,9.5,0,1,0,0,0,0,0,0.0,0.0,0.0,0.0,1,1
984,2018-06-29,샘슨,선발투수,한화,0,한화,롯데,1.1,6,0,1,0,0,0,0,7.0,2.0,2.0,2.0,21,23
985,2018-06-29,서균,불펜투수,한화,0,한화,롯데,7.6,1,0,0,0,0,0,1,0.0,0.0,0.0,0.0,3,3
986,2018-06-29,이태양,불펜투수,한화,0,한화,롯데,8.9,1,0,0,0,0,0,1,1.0,0.0,0.0,0.0,3,3
987,2018-06-29,정우람,불펜투수,한화,0,한화,롯데,9.3,1,0,0,0,0,1,0,0.0,1.0,0.0,0.0,2,3
988,2018-06-30,휠러,선발투수,한화,0,한화,롯데,1.1,5,0,0,0,0,0,0,7.0,3.0,3.0,1.0,18,21
989,2018-06-30,장민재,불펜투수,한화,0,한화,롯데,6.4,1,0,0,0,0,0,0,1.0,0.0,0.0,0.0,3,3
990,2018-06-30,서균,불펜투수,한화,0,한화,롯데,7.7,1,0,0,0,0,0,0,0.0,0.0,0.0,0.0,3,3
991,2018-06-30,송은범,불펜투수,한화,0,한화,롯데,8.1,0,0,0,0,0,0,0,0.0,1.0,1.0,1.0,0,1
992,2018-06-30,김범수,불펜투수,한화,0,한화,롯데,8.2,0,2,0,0,0,0,0,1.0,0.0,0.0,0.0,2,2
993,2018-06-30,박상원,불펜투수,한화,0,한화,롯데,8.4,1,1,1,0,0,0,0,1.0,0.0,1.0,1.0,5,6
994,2018-07-03,양현종,선발투수,기아,0,기아,한화,1.1,7,0,1,0,0,0,0,12.0,0.0,2.0,2.0,24,24
995,2018-07-03,김세현,불펜투수,기아,0,기아,한화,8.7,1,0,0,0,0,0,0,1.0,0.0,0.0,0.0,4,4
996,2018-07-03,유승철,불펜투수,기아,0,기아,한화,9.2,1,0,0,0,0,0,0,1.0,0.0,0.0,0.0,4,4
997,2018-07-04,한승혁,선발투수,기아,0,기아,한화,1.1,5,0,0,0,0,0,0,4.0,3.0,4.0,4.0,22,26
998,2018-07-04,팻딘,불펜투수,기아,0,기아,한화,6.9,1,0,0,0,0,0,0,0.0,0.0,0.0,0.0,3,3
999,2018-07-04,김윤동,불펜투수,기아,0,기아,한화,7.3,1,1,1,0,0,0,0,3.0,2.0,0.0,0.0,4,6
1000,2018-07-04,임기준,불펜투수,기아,0,기아,한화,8.9,0,2,0,0,0,0,1,0.0,0.0,0.0,0.0,3,3
1001,2018-07-04,윤석민,불펜투수,기아,0,기아,한화,9.3,1,0,0,0,0,1,0,3.0,0.0,0.0,0.0,3,3
1002,2018-07-05,헥터,선발투수,기아,0,기아,한화,1.1,6,2,0,1,0,0,0,4.0,1.0,5.0,5.0,26,29
1003,2018-07-05,황인준,불펜투수,기아,0,기아,한화,7.3,0,1,0,0,0,0,0,0.0,0.0,2.0,2.0,3,3
1004,2018-07-05,하준영,불펜투수,기아,0,기아,한화,8.6,2,0,0,0,0,0,0,2.0,0.0,1.0,1.0,8,8
1005,2018-07-06,박종훈,선발투수,SK,0,SK,한화,1.1,7,2,1,0,0,0,0,6.0,0.0,0.0,0.0,28,28
1006,2018-07-06,김태훈,불펜투수,SK,0,SK,한화,8.2,0,1,0,0,0,0,0,1.0,0.0,0.0,0.0,1,1
1007,2018-07-06,채병용,불펜투수,SK,0,SK,한화,9.3,1,0,0,0,0,0,0,2.0,0.0,0.0,0.0,3,3
1008,2018-07-07,켈리,선발투수,SK,0,SK,한화,1.1,5,1,0,0,0,0,0,3.0,3.0,3.0,3.0,21,24
1009,2018-07-07,전유수,불펜투수,SK,0,SK,한화,6.7,0,2,0,0,0,0,0,1.0,0.0,1.0,1.0,4,4
1010,2018-07-07,박희수,불펜투수,SK,0,SK,한화,7.2,1,0,1,0,0,0,0,0.0,1.0,0.0,0.0,2,3
1011,2018-07-07,정영일,불펜투수,SK,0,SK,한화,8.5,1,0,0,0,0,0,1,1.0,0.0,0.0,0.0,4,4
1012,2018-07-07,신재웅,불펜투수,SK,0,SK,한화,9.9,1,0,0,0,0,1,0,1.0,0.0,0.0,0.0,3,3
1013,2018-07-08,문승원,선발투수,SK,0,SK,한화,1.1,6,0,0,1,0,0,0,4.0,1.0,4.0,4.0,22,23
1014,2018-07-08,김태훈,불펜투수,SK,0,SK,한화,7.6,2,0,0,0,0,0,0,2.0,0.0,0.0,0.0,7,7
1015,2018-07-08,채병용,불펜투수,SK,0,SK,한화,9.4,1,0,0,0,0,0,0,0.0,1.0,1.0,1.0,4,5
1016,2018-07-10,윤규진,선발투수,한화,0,한화,넥센,1.1,7,0,0,0,0,0,0,7.0,1.0,1.0,0.0,25,26
1017,2018-07-10,김범수,불펜투수,한화,0,한화,넥센,8.9,0,2,0,0,0,0,0,1.0,0.0,0.0,0.0,2,2
1018,2018-07-10,송은범,불펜투수,한화,0,한화,넥센,8.2,0,0,0,0,0,0,0,0.0,0.0,0.0,0.0,1,1
1019,2018-07-10,안영명,불펜투수,한화,0,한화,넥센,8.3,0,1,1,0,0,0,0,0.0,0.0,0.0,0.0,1,1
1020,2018-07-10,정우람,불펜투수,한화,0,한화,넥센,9.4,1,0,0,0,0,1,0,2.0,0.0,0.0,0.0,3,3
1021,2018-07-11,샘슨,선발투수,한화,0,한화,넥센,1.1,3,1,0,1,0,0,0,3.0,4.0,9.0,7.0,17,21
1022,2018-07-11,장민재,불펜투수,한화,0,한화,넥센,4.4,1,2,0,0,0,0,0,2.0,2.0,5.0,5.0,9,12
1023,2018-07-11,김경태,불펜투수,한화,0,한화,넥센,6.7,2,0,0,0,0,0,0,2.0,3.0,5.0,5.0,8,11
1024,2018-07-11,박상원,불펜투수,한화,0,한화,넥센,8.9,1,0,0,0,0,0,0,1.0,1.0,0.0,0.0,3,4
1025,2018-07-11,서균,불펜투수,한화,0,한화,넥센,9.4,1,0,0,0,0,0,0,1.0,2.0,3.0,3.0,5,7
1026,2018-07-12,휠러,선발투수,한화,0,한화,넥센,1.1,5,0,1,0,0,0,0,2.0,4.0,1.0,1.0,16,20
1027,2018-07-12,김재영,불펜투수,한화,0,한화,넥센,6.3,1,1,0,0,0,0,1,1.0,0.0,0.0,0.0,5,5
1028,2018-07-12,김범수,불펜투수,한화,0,한화,넥센,7.8,0,1,0,0,0,0,1,0.0,0.0,0.0,0.0,1,1
1029,2018-07-12,이태양,불펜투수,한화,0,한화,넥센,7.9,1,1,0,0,0,0,1,1.0,0.0,0.0,0.0,4,4
1030,2018-07-12,정우람,불펜투수,한화,0,한화,넥센,9.4,1,0,0,0,0,1,0,1.0,0.0,0.0,0.0,4,4
1031,2018-07-17,피어밴드,선발투수,KT,0,KT,한화,1.1,5,0,0,1,0,0,0,5.0,2.0,6.0,6.0,22,24
1032,2018-07-17,고창성,불펜투수,KT,0,KT,한화,6.7,2,0,0,0,0,0,0,1.0,1.0,0.0,0.0,6,7
1033,2018-07-17,류희운,불펜투수,KT,0,KT,한화,8.5,0,2,0,0,0,0,0,1.0,2.0,2.0,2.0,4,6
1034,2018-07-17,홍성용,불펜투수,KT,0,KT,한화,8.2,0,1,0,0,0,0,0,0.0,0.0,0.0,0.0,1,1
1035,2018-07-17,주권,불펜투수,KT,0,KT,한화,9.3,1,0,0,0,0,0,0,1.0,0.0,0.0,0.0,3,3
1036,2018-07-18,니퍼트,선발투수,KT,0,KT,한화,1.1,7,0,0,0,0,0,0,11.0,2.0,2.0,2.0,28,30
1037,2018-07-18,윤근영,불펜투수,KT,0,KT,한화,8.4,0,2,0,0,0,0,0,2.0,0.0,0.0,0.0,3,3
1038,2018-07-18,이종혁,불펜투수,KT,0,KT,한화,8.7,0,1,0,0,0,0,0,0.0,0.0,0.0,0.0,1,1
1039,2018-07-18,김재윤,불펜투수,KT,0,KT,한화,9.8,2,0,0,0,0,0,0,4.0,1.0,0.0,0.0,6,8
1040,2018-07-18,주권,불펜투수,KT,0,KT,한화,11.7,1,0,0,0,0,0,0,0.0,0.0,0.0,0.0,3,3
1041,2018-07-18,홍성용,불펜투수,KT,0,KT,한화,12.1,0,2,0,0,0,0,0,0.0,0.0,0.0,0.0,3,3
1042,2018-07-18,고창성,불펜투수,KT,0,KT,한화,12.4,0,1,1,0,0,0,0,1.0,0.0,0.0,0.0,1,1
1043,2018-07-19,고영표,선발투수,KT,0,KT,한화,1.1,6,0,0,0,0,0,0,5.0,1.0,6.0,5.0,27,28
1044,2018-07-19,윤근영,불펜투수,KT,0,KT,한화,7.2,1,0,1,0,0,0,0,2.0,0.0,1.0,1.0,7,7
1045,2018-07-19,이종혁,불펜투수,KT,0,KT,한화,8.9,0,1,0,0,0,0,1,0.0,0.0,0.0,0.0,1,1
1046,2018-07-19,홍성용,불펜투수,KT,0,KT,한화,8.1,0,2,0,0,0,0,1,0.0,0.0,0.0,0.0,1,2
1047,2018-07-19,김재윤,불펜투수,KT,0,KT,한화,9.3,1,0,0,0,0,1,0,2.0,0.0,0.0,0.0,5,5
1048,2018-07-20,아델만,선발투수,삼성,0,삼성,한화,1.1,7,0,0,1,0,0,0,7.0,2.0,1.0,1.0,24,26
1049,2018-07-20,우규민,불펜투수,삼성,0,삼성,한화,8.9,2,0,0,0,0,0,0,1.0,1.0,0.0,0.0,7,8
1050,2018-07-21,윤성환,선발투수,삼성,0,삼성,한화,1.1,6,0,0,0,0,0,0,7.0,2.0,0.0,0.0,23,25
1051,2018-07-21,최충연,불펜투수,삼성,0,삼성,한화,7.8,1,2,0,0,0,0,1,0.0,0.0,2.0,2.0,6,6
1052,2018-07-21,심창민,불펜투수,삼성,0,삼성,한화,8.5,1,1,1,0,0,0,0,3.0,1.0,1.0,1.0,6,7
1053,2018-07-22,보니야,선발투수,삼성,0,삼성,한화,1.1,6,0,0,0,0,0,0,3.0,5.0,4.0,3.0,23,28
1054,2018-07-22,박근홍,불펜투수,삼성,0,삼성,한화,7.2,1,1,0,0,0,0,0,0.0,0.0,0.0,0.0,5,5
1055,2018-07-22,권오준,불펜투수,삼성,0,삼성,한화,8.7,0,2,0,0,0,0,0,2.0,0.0,0.0,0.0,2,2
1056,2018-07-22,장필준,불펜투수,삼성,0,삼성,한화,9.9,1,0,1,0,0,0,0,0.0,0.0,0.0,0.0,3,3
1057,2018-07-24,헤일,선발투수,한화,0,한화,기아,1.1,6,0,1,0,0,0,0,1.0,0.0,0.0,0.0,19,19
1058,2018-07-24,송은범,불펜투수,한화,0,한화,기아,7.2,1,0,0,0,0,0,0,2.0,1.0,0.0,0.0,4,5
1059,2018-07-24,김범수,불펜투수,한화,0,한화,기아,8.7,1,0,0,0,0,0,0,0.0,0.0,0.0,0.0,4,4
1060,2018-07-24,이태양,불펜투수,한화,0,한화,기아,9.2,1,0,0,0,0,0,0,0.0,0.0,0.0,0.0,3,3
1061,2018-07-25,윤규진,선발투수,한화,0,한화,기아,1.1,4,2,0,1,0,0,0,1.0,3.0,7.0,6.0,20,25
1062,2018-07-25,장민재,불펜투수,한화,0,한화,기아,5.8,2,2,0,0,0,0,0,1.0,1.0,4.0,4.0,12,13
1063,2018-07-25,서균,불펜투수,한화,0,한화,기아,8.3,1,2,0,0,0,0,0,1.0,1.0,0.0,0.0,6,7
1064,2018-07-26,샘슨,선발투수,한화,0,한화,기아,1.1,7,0,1,0,0,0,0,9.0,2.0,3.0,3.0,25,27
1065,2018-07-26,송은범,불펜투수,한화,0,한화,기아,8.1,1,0,0,0,0,0,1,0.0,0.0,0.0,0.0,3,3
1066,2018-07-26,정우람,불펜투수,한화,0,한화,기아,9.4,1,0,0,0,0,1,0,1.0,0.0,0.0,0.0,3,3
1067,2018-07-27,이영하,선발투수,두산,0,두산,한화,1.1,3,2,0,1,0,0,0,4.0,3.0,7.0,7.0,17,20
1068,2018-07-27,김강률,불펜투수,두산,0,두산,한화,4.3,2,1,0,0,0,0,0,3.0,0.0,0.0,0.0,7,7
1069,2018-07-27,김승회,불펜투수,두산,0,두산,한화,7.1,0,1,0,0,0,0,0,0.0,2.0,2.0,2.0,1,3
1070,2018-07-27,박치국,불펜투수,두산,0,두산,한화,7.4,0,0,0,0,0,0,0,0.0,1.0,2.0,2.0,2,3
1071,2018-07-27,이현승,불펜투수,두산,0,두산,한화,7.7,1,0,0,0,0,0,0,0.0,0.0,1.0,1.0,4,4
1072,2018-07-27,최원준,불펜투수,두산,0,두산,한화,8.2,0,2,0,0,0,0,0,1.0,1.0,0.0,0.0,3,4
1073,2018-07-27,홍상삼,불펜투수,두산,0,두산,한화,9.6,1,0,0,0,0,0,0,1.0,1.0,4.0,4.0,6,7
1074,2018-07-28,후랭코프,선발투수,두산,0,두산,한화,1.1,6,0,1,0,0,0,0,5.0,1.0,3.0,3.0,27,28
1075,2018-07-28,김강률,불펜투수,두산,0,두산,한화,7.2,0,2,0,0,0,0,0,2.0,1.0,2.0,2.0,3,4
1076,2018-07-28,김승회,불펜투수,두산,0,두산,한화,7.6,0,0,0,0,0,0,0,0.0,0.0,0.0,0.0,2,2
1077,2018-07-28,함덕주,불펜투수,두산,0,두산,한화,7.8,1,1,0,0,0,0,1,2.0,0.0,1.0,1.0,5,5
1078,2018-07-28,박성모,불펜투수,두산,0,두산,한화,9.4,1,0,0,0,0,0,0,1.0,0.0,0.0,0.0,5,6
1079,2018-07-29,린드블럼,선발투수,두산,0,두산,한화,1.1,8,0,1,0,0,0,0,9.0,3.0,1.0,1.0,26,29
1080,2018-07-29,함덕주,불펜투수,두산,0,두산,한화,9.3,1,0,0,0,0,1,0,2.0,0.0,0.0,0.0,3,3
1081,2018-07-31,윤규진,선발투수,한화,0,한화,KT,1.1,5,0,0,0,0,0,0,6.0,4.0,4.0,4.0,20,24
1082,2018-07-31,송은범,불펜투수,한화,0,한화,KT,6.7,2,0,0,0,0,0,0,3.0,1.0,0.0,0.0,6,7
1083,2018-07-31,이태양,불펜투수,한화,0,한화,KT,8.5,1,0,0,1,0,0,0,2.0,0.0,1.0,1.0,5,5
1084,2018-07-31,안영명,불펜투수,한화,0,한화,KT,9.1,0,2,0,0,0,0,0,0.0,0.0,0.0,0.0,3,3
1085,2018-07-31,김재영,불펜투수,한화,0,한화,KT,9.4,0,1,0,0,0,0,0,1.0,0.0,0.0,0.0,1,1
1086,2018-08-01,샘슨,선발투수,한화,0,한화,KT,1.1,6,0,1,0,0,0,0,10.0,4.0,2.0,2.0,19,24
1087,2018-08-01,박상원,불펜투수,한화,0,한화,KT,7.7,0,1,0,0,0,0,1,1.0,0.0,0.0,0.0,3,3
1088,2018-08-01,송은범,불펜투수,한화,0,한화,KT,7.1,1,1,0,0,0,0,1,0.0,0.0,0.0,0.0,3,3
1089,2018-08-01,김재영,불펜투수,한화,0,한화,KT,8.4,0,0,0,0,0,0,0,0.0,1.0,0.0,0.0,0,1
1090,2018-08-01,정우람,불펜투수,한화,0,한화,KT,8.5,1,1,0,0,0,1,0,0.0,0.0,1.0,1.0,5,5
1091,2018-08-02,헤일,선발투수,한화,0,한화,KT,1.1,6,0,0,0,0,0,0,7.0,0.0,3.0,3.0,24,24
1092,2018-08-02,이태양,불펜투수,한화,0,한화,KT,7.7,2,0,0,0,0,0,0,4.0,1.0,0.0,0.0,6,7
1093,2018-08-02,안영명,불펜투수,한화,0,한화,KT,9.5,1,0,1,0,0,0,0,2.0,0.0,0.0,0.0,3,3
1094,2018-08-04,김민우,선발투수,한화,0,한화,NC,1.1,3,0,0,1,0,0,0,4.0,1.0,6.0,6.0,16,17
1095,2018-08-04,김성훈,불펜투수,한화,0,한화,NC,4.9,3,1,0,0,0,0,0,5.0,0.0,1.0,1.0,12,12
1096,2018-08-04,김범수,불펜투수,한화,0,한화,NC,7.3,1,1,0,0,0,0,0,1.0,1.0,0.0,0.0,4,5
1097,2018-08-04,박상원,불펜투수,한화,0,한화,NC,8.8,1,1,0,0,0,0,0,2.0,0.0,0.0,0.0,4,4
1098,2018-08-05,윤규진,선발투수,한화,0,한화,NC,1.1,3,1,0,0,0,0,0,5.0,0.0,5.0,5.0,18,18
1099,2018-08-05,송은범,불펜투수,한화,0,한화,NC,4.1,2,2,0,0,0,0,0,2.0,1.0,0.0,0.0,7,8
1100,2018-08-05,이태양,불펜투수,한화,0,한화,NC,7.9,0,2,0,0,0,0,0,1.0,1.0,3.0,1.0,5,7
1101,2018-08-05,안영명,불펜투수,한화,0,한화,NC,7.7,1,1,0,0,0,0,0,2.0,1.0,0.0,0.0,4,5
1102,2018-08-05,정우람,불펜투수,한화,0,한화,NC,9.3,1,0,0,1,0,0,0,1.0,1.0,2.0,2.0,4,5
1103,2018-08-07,유희관,선발투수,두산,0,두산,한화,1.1,5,1,1,0,0,0,0,4.0,4.0,4.0,4.0,21,25
1104,2018-08-07,박치국,불펜투수,두산,0,두산,한화,6.8,1,0,0,0,0,0,1,1.0,0.0,0.0,0.0,3,3
1105,2018-08-07,이현승,불펜투수,두산,0,두산,한화,7.2,0,0,0,0,0,0,0,0.0,1.0,0.0,0.0,0,1
1106,2018-08-07,김강률,불펜투수,두산,0,두산,한화,7.3,0,2,0,0,0,0,1,0.0,0.0,0.0,0.0,3,3
1107,2018-08-07,김승회,불펜투수,두산,0,두산,한화,8.6,1,0,0,0,0,0,1,0.0,1.0,0.0,0.0,3,4
1108,2018-08-07,함덕주,불펜투수,두산,0,두산,한화,9.1,1,0,0,0,0,1,0,1.0,2.0,0.0,0.0,2,4
1109,2018-08-08,후랭코프,선발투수,두산,0,두산,한화,1.1,7,0,0,1,0,0,0,2.0,2.0,6.0,5.0,28,32
1110,2018-08-08,이현승,불펜투수,두산,0,두산,한화,8.6,0,1,0,0,0,0,0,0.0,1.0,0.0,0.0,1,2
1111,2018-08-08,윤수호,불펜투수,두산,0,두산,한화,8.8,1,0,0,0,0,0,0,2.0,0.0,0.0,0.0,3,3
1112,2018-08-08,이현호,불펜투수,두산,0,두산,한화,9.2,0,2,0,0,0,0,0,1.0,1.0,2.0,2.0,3,4
1113,2018-08-09,김범수,선발투수,한화,0,한화,넥센,1.1,4,0,0,1,0,0,0,4.0,1.0,3.0,3.0,19,20
1114,2018-08-09,정재원,불펜투수,한화,0,한화,넥센,5.3,2,0,0,0,0,0,0,0.0,0.0,5.0,5.0,11,11
1115,2018-08-09,박주홍,불펜투수,한화,0,한화,넥센,7.5,3,0,0,0,0,0,0,0.0,2.0,8.0,8.0,21,23
1116,2018-08-10,김민우,선발투수,한화,0,한화,넥센,1.1,5,0,0,0,0,0,0,3.0,2.0,3.0,3.0,22,24
1117,2018-08-10,박상원,불펜투수,한화,0,한화,넥센,6.7,1,0,0,1,0,0,0,0.0,0.0,1.0,1.0,4,5
1118,2018-08-10,서균,불펜투수,한화,0,한화,넥센,7.3,0,2,0,0,0,0,0,2.0,0.0,0.0,0.0,2,2
1119,2018-08-10,안영명,불펜투수,한화,0,한화,넥센,7.5,1,0,0,0,0,0,0,2.0,0.0,3.0,3.0,6,6
1120,2018-08-10,김성훈,불펜투수,한화,0,한화,넥센,8.2,0,1,0,0,0,0,0,2.0,0.0,0.0,0.0,3,3
1121,2018-08-10,장민재,불펜투수,한화,0,한화,넥센,9.5,1,0,0,0,0,0,0,1.0,0.0,2.0,2.0,5,5
1122,2018-08-11,헤일,선발투수,한화,0,한화,KT,1.1,6,0,0,0,0,0,0,6.0,1.0,3.0,3.0,21,24
1123,2018-08-11,송은범,불펜투수,한화,0,한화,KT,7.7,1,0,0,0,0,0,0,1.0,2.0,0.0,0.0,4,6
1124,2018-08-11,이태양,불펜투수,한화,0,한화,KT,8.4,1,0,1,0,0,0,0,0.0,1.0,0.0,0.0,3,4
1125,2018-08-11,정우람,불펜투수,한화,0,한화,KT,9.8,1,0,0,0,0,1,0,2.0,0.0,0.0,0.0,3,3
1126,2018-08-12,샘슨,선발투수,한화,0,한화,KT,1.1,6,0,0,0,0,0,0,11.0,1.0,2.0,2.0,22,23
1127,2018-08-12,서균,불펜투수,한화,0,한화,KT,7.6,1,0,0,0,0,0,1,1.0,0.0,0.0,0.0,3,3
1128,2018-08-12,송은범,불펜투수,한화,0,한화,KT,8.9,1,0,0,0,0,0,1,1.0,0.0,0.0,0.0,3,3
1129,2018-08-12,정우람,불펜투수,한화,0,한화,KT,9.3,0,1,0,0,0,0,0,0.0,1.0,2.0,2.0,3,5
1130,2018-08-12,이태양,불펜투수,한화,0,한화,KT,9.8,1,2,1,0,0,0,0,2.0,0.0,0.0,0.0,5,5
1131,2018-08-14,레일리,선발투수,롯데,0,롯데,한화,1.1,6,0,1,0,0,0,0,4.0,1.0,3.0,3.0,22,23
1132,2018-08-14,오현택,불펜투수,롯데,0,롯데,한화,7.6,1,0,0,0,0,0,1,1.0,0.0,1.0,1.0,4,4
1133,2018-08-14,구승민,불펜투수,롯데,0,롯데,한화,8.1,1,0,0,0,0,0,1,0.0,0.0,0.0,0.0,4,4
1134,2018-08-14,손승락,불펜투수,롯데,0,롯데,한화,9.5,1,0,0,0,0,0,0,1.0,1.0,0.0,0.0,3,4
1135,2018-08-16,아델만,선발투수,삼성,0,삼성,한화,1.1,7,0,1,0,0,0,0,6.0,1.0,2.0,2.0,24,25
1136,2018-08-16,장필준,불펜투수,삼성,0,삼성,한화,8.8,1,0,0,0,0,0,1,1.0,0.0,0.0,0.0,3,3
1137,2018-08-16,최충연,불펜투수,삼성,0,삼성,한화,9.2,1,0,0,0,0,1,0,2.0,1.0,0.0,0.0,3,4
1138,2018-09-04,샘슨,선발투수,한화,0,한화,롯데,1.1,6,0,1,0,0,0,0,11.0,3.0,2.0,2.0,22,25
1139,2018-09-04,박상원,불펜투수,한화,0,한화,롯데,7.8,0,1,0,0,0,0,0,1.0,1.0,2.0,1.0,2,3
1140,2018-09-04,김범수,불펜투수,한화,0,한화,롯데,7.2,0,1,0,0,0,0,1,1.0,0.0,0.0,0.0,2,2
1141,2018-09-04,이태양,불펜투수,한화,0,한화,롯데,7.4,1,1,0,0,0,0,1,1.0,2.0,0.0,0.0,4,6
1142,2018-09-04,정우람,불펜투수,한화,0,한화,롯데,9.1,1,0,0,0,0,1,0,0.0,2.0,0.0,0.0,2,4
1143,2018-09-05,김재영,선발투수,한화,0,한화,롯데,1.1,2,1,0,0,0,0,0,3.0,4.0,1.0,1.0,9,13
1144,2018-09-05,안영명,불펜투수,한화,0,한화,롯데,3.5,2,2,1,0,0,0,0,2.0,2.0,1.0,1.0,11,13
1145,2018-09-05,서균,불펜투수,한화,0,한화,롯데,6.9,0,1,0,0,0,0,0,0.0,0.0,2.0,2.0,3,3
1146,2018-09-05,권혁,불펜투수,한화,0,한화,롯데,6.3,0,2,0,0,0,0,1,2.0,0.0,1.0,1.0,4,4
1147,2018-09-05,송은범,불펜투수,한화,0,한화,롯데,7.7,1,0,0,0,0,0,1,1.0,1.0,0.0,0.0,4,5
1148,2018-09-05,김범수,불펜투수,한화,0,한화,롯데,8.3,0,2,0,0,0,0,0,1.0,1.0,0.0,0.0,3,4
1149,2018-09-05,박상원,불펜투수,한화,0,한화,롯데,8.7,0,1,0,0,0,0,0,0.0,0.0,0.0,0.0,1,1
1150,2018-09-05,장민재,불펜투수,한화,0,한화,롯데,9.8,1,0,0,0,0,0,0,2.0,0.0,0.0,0.0,3,3
1151,2018-09-06,금민철,선발투수,KT,0,KT,한화,1.1,3,2,0,1,0,0,0,2.0,1.0,5.0,5.0,21,22
1152,2018-09-06,김사율,불펜투수,KT,0,KT,한화,4.5,1,0,0,0,0,0,0,1.0,1.0,2.0,0.0,5,6
1153,2018-09-06,심재민,불펜투수,KT,0,KT,한화,5.2,0,1,0,0,0,0,0,1.0,0.0,0.0,0.0,3,3
1154,2018-09-06,김태오,불펜투수,KT,0,KT,한화,6.5,2,0,0,0,0,0,0,1.0,0.0,1.0,0.0,10,10
1155,2018-09-06,배제성,불펜투수,KT,0,KT,한화,8.6,1,0,0,0,0,0,0,1.0,0.0,1.0,0.0,5,5
1156,2018-09-06,류희운,불펜투수,KT,0,KT,한화,9.2,1,0,0,0,0,0,0,2.0,0.0,0.0,0.0,5,5
1157,2018-09-07,김민,선발투수,KT,0,KT,한화,1.1,5,0,1,0,0,0,0,5.0,2.0,1.0,1.0,21,23
1158,2018-09-07,심재민,불펜투수,KT,0,KT,한화,6.6,1,0,0,0,0,0,0,2.0,0.0,0.0,0.0,3,3
1159,2018-09-07,김사율,불펜투수,KT,0,KT,한화,7.9,1,0,0,0,0,0,0,2.0,0.0,0.0,0.0,4,4
1160,2018-09-07,배제성,불펜투수,KT,0,KT,한화,8.4,1,0,0,0,0,0,0,0.0,0.0,0.0,0.0,3,3
1161,2018-09-07,홍성용,불펜투수,KT,0,KT,한화,9.7,1,0,0,0,0,0,0,1.0,1.0,3.0,3.0,6,7
1162,2018-09-08,소사,선발투수,LG,0,LG,한화,1.1,7,0,1,0,0,0,0,10.0,0.0,1.0,1.0,25,25
1163,2018-09-08,신정락,불펜투수,LG,0,LG,한화,8.8,1,0,0,0,0,0,1,1.0,0.0,0.0,0.0,3,3
1164,2018-09-08,정찬헌,불펜투수,LG,0,LG,한화,9.2,1,0,0,0,0,0,0,1.0,0.0,0.0,0.0,4,4
1165,2018-09-09,차우찬,선발투수,LG,0,LG,한화,1.1,7,0,1,0,0,0,0,6.0,2.0,2.0,1.0,25,27
1166,2018-09-09,신정락,불펜투수,LG,0,LG,한화,8.1,0,2,0,0,0,0,0,0.0,0.0,1.0,1.0,3,3
1167,2018-09-09,진해수,불펜투수,LG,0,LG,한화,8.4,0,0,0,0,0,0,0,0.0,1.0,2.0,2.0,1,2
1168,2018-09-09,정찬헌,불펜투수,LG,0,LG,한화,8.6,1,1,0,0,0,1,0,1.0,0.0,0.0,0.0,4,4
1169,2018-09-11,아델만,선발투수,삼성,0,삼성,한화,1.1,6,0,0,0,0,0,0,7.0,2.0,4.0,4.0,25,27
1170,2018-09-11,장필준,불펜투수,삼성,0,삼성,한화,7.1,1,0,0,0,0,0,0,1.0,0.0,3.0,3.0,6,6
1171,2018-09-11,심창민,불펜투수,삼성,0,삼성,한화,8.7,1,0,0,0,0,0,0,2.0,1.0,0.0,0.0,3,4
1172,2018-09-11,최충연,불펜투수,삼성,0,삼성,한화,9.2,2,0,0,0,0,0,0,2.0,1.0,0.0,0.0,6,7
1173,2018-09-11,우규민,불펜투수,삼성,0,삼성,한화,11.9,1,0,0,0,0,0,0,3.0,0.0,0.0,0.0,3,3
1174,2018-09-11,이승현,불펜투수,삼성,0,삼성,한화,12.3,1,0,0,1,0,0,0,1.0,0.0,1.0,1.0,4,4
1175,2018-09-12,윤성환,선발투수,삼성,0,삼성,한화,1.1,4,0,0,1,0,0,0,3.0,1.0,7.0,7.0,19,20
1176,2018-09-12,권오준,불펜투수,삼성,0,삼성,한화,5.3,1,0,0,0,0,0,0,1.0,0.0,0.0,0.0,3,3
1177,2018-09-12,정인욱,불펜투수,삼성,0,삼성,한화,6.6,2,0,0,0,0,0,0,2.0,1.0,0.0,0.0,6,7
1178,2018-09-12,임현준,불펜투수,삼성,0,삼성,한화,8.4,1,0,0,0,0,0,0,1.0,1.0,0.0,0.0,3,4
1179,2018-09-12,김용하,불펜투수,삼성,0,삼성,한화,9.8,1,0,0,0,0,0,0,3.0,1.0,0.0,0.0,5,6
1180,2018-09-13,장민재,선발투수,한화,0,한화,SK,1.1,5,0,0,1,0,0,0,2.0,2.0,2.0,2.0,19,21
1181,2018-09-13,김재영,불펜투수,한화,0,한화,SK,6.4,1,1,0,0,0,0,0,1.0,0.0,0.0,0.0,6,6
1182,2018-09-13,임준섭,불펜투수,한화,0,한화,SK,7.1,0,2,0,0,0,0,0,0.0,0.0,0.0,0.0,2,2
1183,2018-09-13,이태양,불펜투수,한화,0,한화,SK,8.3,2,0,0,0,0,0,0,1.0,0.0,0.0,0.0,6,6
1184,2018-09-14,김성훈,선발투수,한화,0,한화,SK,1.1,3,0,0,1,0,0,0,2.0,3.0,3.0,3.0,14,17
1185,2018-09-14,권혁,불펜투수,한화,0,한화,SK,4.9,1,1,0,0,0,0,0,3.0,0.0,0.0,0.0,4,4
1186,2018-09-14,안영명,불펜투수,한화,0,한화,SK,5.4,0,2,0,0,0,0,0,0.0,2.0,4.0,4.0,4,6
1187,2018-09-14,박주홍,불펜투수,한화,0,한화,SK,6.1,2,0,0,0,0,0,0,2.0,0.0,0.0,0.0,7,7
1188,2018-09-14,송창식,불펜투수,한화,0,한화,SK,8.8,1,0,0,0,0,0,0,0.0,0.0,0.0,0.0,3,3
1189,2018-09-14,임준섭,불펜투수,한화,0,한화,SK,9.2,0,1,0,0,0,0,0,1.0,0.0,0.0,0.0,1,1
1190,2018-09-14,박상원,불펜투수,한화,0,한화,SK,9.3,0,2,0,0,0,0,0,1.0,0.0,0.0,0.0,2,2
1191,2018-09-15,김범수,선발투수,한화,0,한화,LG,1.1,2,2,0,1,0,0,0,1.0,3.0,6.0,4.0,13,17
1192,2018-09-15,서균,불펜투수,한화,0,한화,LG,3.9,1,0,0,0,0,0,0,1.0,2.0,3.0,3.0,5,7
1193,2018-09-15,안영명,불펜투수,한화,0,한화,LG,4.7,1,1,0,0,0,0,0,1.0,0.0,3.0,2.0,7,7
1194,2018-09-15,김재영,불펜투수,한화,0,한화,LG,6.5,2,0,0,0,0,0,0,0.0,1.0,0.0,0.0,5,6
1195,2018-09-15,송창식,불펜투수,한화,0,한화,LG,8.2,2,0,0,0,0,0,0,2.0,2.0,0.0,0.0,7,9
1196,2018-09-16,헤일,선발투수,한화,0,한화,LG,1.1,6,2,1,0,0,0,0,7.0,3.0,1.0,1.0,23,26
1197,2018-09-16,송은범,불펜투수,한화,0,한화,LG,7.9,0,1,0,0,0,0,0,0.0,0.0,0.0,0.0,3,3
1198,2018-09-16,권혁,불펜투수,한화,0,한화,LG,8.3,0,2,0,0,0,0,0,0.0,0.0,0.0,0.0,1,1
1199,2018-09-16,이태양,불펜투수,한화,0,한화,LG,8.4,0,1,0,0,0,0,0,0.0,1.0,0.0,0.0,2,3
1200,2018-09-16,정우람,불펜투수,한화,0,한화,LG,9.7,1,0,0,0,0,0,0,1.0,0.0,0.0,0.0,4,4
1201,2018-09-18,왕웨이중,선발투수,NC,0,NC,한화,1.1,6,0,1,0,0,0,0,2.0,1.0,3.0,3.0,24,26
1202,2018-09-18,정수민,불펜투수,NC,0,NC,한화,7.9,2,0,0,0,0,0,0,2.0,1.0,0.0,0.0,6,7
1203,2018-09-18,김진성,불펜투수,NC,0,NC,한화,9.7,1,0,0,0,0,0,0,1.0,0.0,0.0,0.0,3,3
1204,2018-09-19,김건태,선발투수,NC,0,NC,한화,1.1,1,1,0,0,0,0,0,3.0,1.0,3.0,3.0,8,9
1205,2018-09-19,최성영,불펜투수,NC,0,NC,한화,2.1,4,2,0,0,0,0,0,4.0,0.0,1.0,1.0,19,20
1206,2018-09-19,박진우,불펜투수,NC,0,NC,한화,7.3,2,0,0,0,0,0,0,2.0,0.0,0.0,0.0,7,7
1207,2018-09-19,강윤구,불펜투수,NC,0,NC,한화,9.1,0,2,0,1,0,0,0,0.0,2.0,3.0,1.0,4,6
1208,2018-09-19,김진성,불펜투수,NC,0,NC,한화,9.7,0,1,0,0,0,0,0,1.0,0.0,0.0,0.0,1,1
1209,2018-09-20,김광현,선발투수,SK,0,SK,한화,1.1,6,2,0,1,0,0,0,6.0,0.0,5.0,3.0,26,27
1210,2018-09-20,채병용,불펜투수,SK,0,SK,한화,7.1,0,1,0,0,0,0,0,0.0,1.0,1.0,1.0,3,4
1211,2018-09-20,박민호,불펜투수,SK,0,SK,한화,8.5,1,0,0,0,0,0,0,0.0,1.0,2.0,2.0,4,5
1212,2018-09-20,이승진,불펜투수,SK,0,SK,한화,9.1,1,0,0,0,0,0,0,2.0,1.0,0.0,0.0,3,4
1213,2018-09-21,켈리,선발투수,SK,0,SK,한화,1.1,6,2,0,0,0,0,0,6.0,1.0,3.0,3.0,27,28
1214,2018-09-21,정영일,불펜투수,SK,0,SK,한화,7.2,0,1,1,0,0,0,0,0.0,0.0,0.0,0.0,2,2
1215,2018-09-21,김택형,불펜투수,SK,0,SK,한화,8.4,0,1,0,0,0,0,1,0.0,0.0,0.0,0.0,2,2
1216,2018-09-21,김태훈,불펜투수,SK,0,SK,한화,8.6,0,2,0,0,0,0,1,2.0,0.0,0.0,0.0,2,2
1217,2018-09-21,신재웅,불펜투수,SK,0,SK,한화,9.8,1,0,0,0,0,1,0,0.0,2.0,1.0,1.0,3,5
1218,2018-09-22,헤일,선발투수,한화,0,한화,기아,1.1,5,0,0,1,0,0,0,4.0,4.0,6.0,6.0,23,27
1219,2018-09-22,임준섭,불펜투수,한화,0,한화,기아,6.1,0,2,0,0,0,0,0,1.0,2.0,1.0,1.0,3,6
1220,2018-09-22,안영명,불펜투수,한화,0,한화,기아,6.7,0,1,0,0,0,0,0,0.0,0.0,1.0,1.0,2,2
1221,2018-09-22,김범수,불펜투수,한화,0,한화,기아,7.9,0,1,0,0,0,0,0,0.0,2.0,3.0,3.0,2,4
1222,2018-09-22,박상원,불펜투수,한화,0,한화,기아,7.4,0,2,0,0,0,0,0,0.0,1.0,0.0,0.0,2,3
1223,2018-09-22,김종수,불펜투수,한화,0,한화,기아,8.7,2,0,0,0,0,0,0,0.0,0.0,0.0,0.0,6,6
1224,2018-09-23,김진영,선발투수,한화,0,한화,기아,1.1,1,0,0,0,0,0,0,0.0,2.0,4.0,4.0,5,7
1225,2018-09-23,김민우,불펜투수,한화,0,한화,기아,2.8,4,1,0,0,0,0,0,4.0,2.0,1.0,1.0,16,18
1226,2018-09-23,권혁,불펜투수,한화,0,한화,기아,6.8,0,1,0,0,0,0,0,0.0,2.0,0.0,0.0,1,3
1227,2018-09-23,송은범,불펜투수,한화,0,한화,기아,6.2,1,1,1,0,0,0,0,2.0,0.0,0.0,0.0,4,4
1228,2018-09-23,이태양,불펜투수,한화,0,한화,기아,8.6,0,2,0,0,0,0,0,0.0,0.0,0.0,0.0,4,4
1229,2018-09-23,정우람,불펜투수,한화,0,한화,기아,8.1,1,1,0,0,0,1,0,2.0,1.0,1.0,1.0,5,7
1230,2018-09-25,김재영,선발투수,한화,0,한화,삼성,1.1,0,1,0,1,0,0,0,0.0,2.0,4.0,4.0,2,6
1231,2018-09-25,임준섭,불펜투수,한화,0,한화,삼성,1.7,3,2,0,0,0,0,0,2.0,2.0,2.0,2.0,11,13
1232,2018-09-25,김종수,불펜투수,한화,0,한화,삼성,5.2,2,0,0,0,0,0,0,1.0,0.0,1.0,1.0,7,8
1233,2018-09-25,김범수,불펜투수,한화,0,한화,삼성,7.1,1,0,0,0,0,0,0,0.0,2.0,0.0,0.0,3,5
1234,2018-09-25,안영명,불펜투수,한화,0,한화,삼성,8.6,1,0,0,0,0,0,0,0.0,1.0,1.0,1.0,4,5
1235,2018-09-25,김진영,불펜투수,한화,0,한화,삼성,9.2,1,0,0,0,0,0,0,0.0,0.0,0.0,0.0,5,5
1236,2018-09-26,샘슨,선발투수,한화,0,한화,삼성,1.1,3,2,0,0,0,0,0,2.0,4.0,2.0,2.0,14,18
1237,2018-09-26,권혁,불펜투수,한화,0,한화,삼성,4.1,0,2,0,0,0,0,1,0.0,0.0,0.0,0.0,3,3
1238,2018-09-26,박상원,불펜투수,한화,0,한화,삼성,5.4,1,0,0,0,0,0,1,0.0,1.0,0.0,0.0,5,6
1239,2018-09-26,김범수,불펜투수,한화,0,한화,삼성,6.1,0,1,0,0,0,0,1,1.0,0.0,0.0,0.0,1,1
1240,2018-09-26,송은범,불펜투수,한화,0,한화,삼성,6.2,1,1,1,0,0,0,0,0.0,0.0,0.0,0.0,4,4
1241,2018-09-26,이태양,불펜투수,한화,0,한화,삼성,8.6,1,0,0,0,0,0,0,2.0,0.0,0.0,0.0,3,3
1242,2018-09-26,정우람,불펜투수,한화,0,한화,삼성,9.9,1,0,0,0,0,0,0,0.0,0.0,2.0,2.0,5,5
1243,2018-09-27,장민재,선발투수,한화,0,한화,두산,1.1,5,0,0,0,0,0,0,5.0,2.0,4.0,4.0,22,24
1244,2018-09-27,권혁,불펜투수,한화,0,한화,두산,6.7,1,0,1,0,0,0,0,2.0,0.0,0.0,0.0,3,3
1245,2018-09-27,안영명,불펜투수,한화,0,한화,두산,7.1,1,0,0,0,0,0,0,1.0,0.0,1.0,1.0,4,4
1246,2018-09-27,이태양,불펜투수,한화,0,한화,두산,8.5,1,0,0,0,0,0,1,3.0,0.0,0.0,0.0,3,3
1247,2018-09-27,정우람,불펜투수,한화,0,한화,두산,9.8,1,0,0,0,0,0,0,3.0,0.0,1.0,1.0,5,5
1248,2018-09-28,헤일,선발투수,한화,0,한화,두산,1.1,6,0,0,0,0,0,0,3.0,2.0,4.0,4.0,25,27
1249,2018-09-28,김범수,불펜투수,한화,0,한화,두산,7.1,1,0,0,0,0,0,0,1.0,1.0,0.0,0.0,3,4
1250,2018-09-28,박상원,불펜투수,한화,0,한화,두산,8.5,1,0,0,0,0,0,0,1.0,2.0,0.0,0.0,2,4
1251,2018-09-28,권혁,불펜투수,한화,0,한화,두산,9.9,1,0,0,0,0,0,0,1.0,0.0,0.0,0.0,4,4
1252,2018-09-28,송은범,불펜투수,한화,0,한화,두산,10.4,1,0,1,0,0,0,0,1.0,0.0,0.0,0.0,3,3
1253,2018-09-29,임창용,선발투수,기아,0,기아,한화,1.1,6,0,1,0,0,0,0,6.0,1.0,0.0,0.0,21,22
1254,2018-09-29,팻딘,불펜투수,기아,0,기아,한화,7.5,2,0,0,0,0,0,0,2.0,1.0,3.0,3.0,8,9
1255,2018-09-29,윤석민,불펜투수,기아,0,기아,한화,9.5,1,0,0,0,0,1,0,1.0,0.0,0.0,0.0,3,3
1256,2018-09-30,한승혁,선발투수,기아,0,기아,한화,1.1,2,1,0,0,0,0,0,1.0,0.0,4.0,3.0,14,14
1257,2018-09-30,임기영,불펜투수,기아,0,기아,한화,3.6,1,2,0,0,0,0,0,1.0,2.0,0.0,0.0,5,7
1258,2018-09-30,임기준,불펜투수,기아,0,기아,한화,5.4,3,0,0,0,0,0,0,3.0,1.0,0.0,0.0,10,11
1259,2018-09-30,황인준,불펜투수,기아,0,기아,한화,8.6,1,0,1,0,0,0,0,2.0,0.0,0.0,0.0,3,3
1260,2018-09-30,김윤동,불펜투수,기아,0,기아,한화,9.9,1,0,0,0,0,1,0,0.0,0.0,0.0,0.0,3,3
1261,2018-10-03,샘슨,선발투수,한화,0,한화,롯데,1.1,5,0,0,0,0,0,0,5.0,3.0,5.0,5.0,20,23
1262,2018-10-03,서균,불펜투수,한화,0,한화,롯데,6.6,0,1,0,0,0,0,0,0.0,1.0,0.0,0.0,1,2
1263,2018-10-03,박상원,불펜투수,한화,0,한화,롯데,6.8,0,2,0,0,0,0,0,0.0,1.0,0.0,0.0,2,3
1264,2018-10-03,김범수,불펜투수,한화,0,한화,롯데,7.2,0,1,0,0,0,0,0,1.0,0.0,0.0,0.0,1,1
1265,2018-10-03,장민재,불펜투수,한화,0,한화,롯데,7.3,0,2,1,0,0,0,0,0.0,0.0,0.0,0.0,2,2
1266,2018-10-03,이태양,불펜투수,한화,0,한화,롯데,8.5,1,1,0,0,0,0,1,1.0,0.0,0.0,0.0,4,4
1267,2018-10-03,정우람,불펜투수,한화,0,한화,롯데,9.9,0,2,0,0,0,1,0,2.0,1.0,1.0,1.0,5,6
1268,2018-10-04,헤일,선발투수,한화,0,한화,롯데,1.1,5,0,0,1,0,0,0,8.0,3.0,4.0,2.0,23,26
1269,2018-10-04,장민재,불펜투수,한화,0,한화,롯데,6.9,0,1,0,0,0,0,0,0.0,0.0,0.0,0.0,2,2
1270,2018-10-04,임준섭,불펜투수,한화,0,한화,롯데,6.2,0,0,0,0,0,0,0,0.0,1.0,0.0,0.0,0,1
1271,2018-10-04,박상원,불펜투수,한화,0,한화,롯데,6.3,1,1,0,0,0,0,0,1.0,0.0,0.0,0.0,4,4
1272,2018-10-04,안영명,불펜투수,한화,0,한화,롯데,7.7,1,1,0,0,0,0,0,2.0,0.0,1.0,1.0,5,5
1273,2018-10-04,송은범,불펜투수,한화,0,한화,롯데,9.3,0,1,0,0,0,0,0,1.0,1.0,2.0,2.0,4,5
1274,2018-10-04,김성훈,불펜투수,한화,0,한화,롯데,9.8,0,2,0,0,0,0,0,0.0,0.0,0.0,0.0,1,1
1275,2018-10-06,노경은,선발투수,롯데,0,롯데,한화,1.1,5,2,1,0,0,0,0,4.0,1.0,5.0,5.0,22,23
1276,2018-10-06,이명우,불펜투수,롯데,0,롯데,한화,6.6,0,0,0,0,0,0,0,0.0,0.0,0.0,0.0,1,1
1277,2018-10-06,윤길현,불펜투수,롯데,0,롯데,한화,6.7,1,0,0,0,0,0,1,1.0,0.0,0.0,0.0,4,4
1278,2018-10-06,구승민,불펜투수,롯데,0,롯데,한화,7.2,1,1,0,0,0,0,1,0.0,0.0,0.0,0.0,4,4
1279,2018-10-06,손승락,불펜투수,롯데,0,롯데,한화,9.6,1,0,0,0,0,1,0,1.0,1.0,0.0,0.0,3,4
1280,2018-10-09,피어밴드,선발투수,KT,0,KT,한화,1.1,4,0,0,1,0,0,0,3.0,0.0,6.0,6.0,20,21
1281,2018-10-09,김사율,불펜투수,KT,0,KT,한화,5.4,2,0,0,0,0,0,0,3.0,0.0,0.0,0.0,6,6
1282,2018-10-09,홍성용,불펜투수,KT,0,KT,한화,7.1,0,2,0,0,0,0,0,0.0,1.0,2.0,2.0,2,4
1283,2018-10-09,고창성,불펜투수,KT,0,KT,한화,7.5,0,1,0,0,0,0,0,0.0,0.0,2.0,2.0,4,4
1284,2018-10-09,배제성,불펜투수,KT,0,KT,한화,8.9,2,0,0,0,0,0,0,1.0,1.0,0.0,0.0,8,9
1285,2018-10-10,한승혁,선발투수,기아,0,기아,한화,1.1,5,1,1,0,0,0,0,3.0,2.0,0.0,0.0,17,19
1286,2018-10-10,임기준,불펜투수,기아,0,기아,한화,6.2,2,2,0,0,0,0,1,2.0,2.0,0.0,0.0,7,9
1287,2018-10-10,이민우,불펜투수,기아,0,기아,한화,9.2,1,0,0,0,0,0,0,0.0,0.0,1.0,1.0,5,5
1288,2018-10-13,김민우,선발투수,한화,0,한화,NC,1.1,0,2,0,0,0,0,0,2.0,2.0,2.0,2.0,4,6
1289,2018-10-13,샘슨,불펜투수,한화,0,한화,NC,1.7,2,1,0,0,0,0,0,1.0,2.0,2.0,2.0,8,10
1290,2018-10-13,박상원,불펜투수,한화,0,한화,NC,4.8,2,0,1,0,0,0,0,2.0,0.0,1.0,1.0,8,8
1291,2018-10-13,김범수,불펜투수,한화,0,한화,NC,6.7,1,1,0,0,0,0,0,3.0,1.0,1.0,1.0,5,6
1292,2018-10-13,송은범,불펜투수,한화,0,한화,NC,7.4,1,2,0,0,0,0,0,2.0,1.0,0.0,0.0,5,6
1293,2018-10-13,정우람,불펜투수,한화,0,한화,NC,9.1,1,0,0,0,0,0,0,1.0,0.0,2.0,2.0,5,5
