"","name","namecode","id","season","nickname"
"1","가득염","가득염01",1,2010,""
"2","가르시아","가르시아01",2,2011,"가르시아_1974"
"3","가르시아","가르시아02",3,2018,"가르시아_1985"
"4","가코","가코01",4,2011,""
"5","강경학","강경학01",5,2018,""
"6","강구성","강구성01",6,2018,""
"7","강귀태","강귀태01",7,2012,""
"8","강동관","강동관01",8,2017,""
"9","강동수","강동수01",9,2015,""
"10","강동연","강동연01",10,2018,""
"11","강동우","강동우01",11,2013,""
"12","강동호","강동호01",12,2017,""
"13","강명구","강명구01",13,2014,""
"14","강민국","강민국01",14,2018,""
"15","강민호","강민호01",15,2018,""
"16","강백호","강백호01",16,2018,""
"17","강병식","강병식01",17,2012,""
"18","강병우","강병우01",18,2010,""
"19","강병의","강병의01",19,2015,""
"20","강봉규","강봉규01",20,2015,""
"21","강상원","강상원01",21,2018,""
"22","강승현","강승현01",22,2018,""
"23","강승호","강승호01",23,2018,""
"24","강영식","강영식01",24,2017,""
"25","강윤구","강윤구01",25,2018,""
"26","강장산","강장산01",26,2017,""
"27","강정호","강정호01",27,2014,""
"28","강지광","강지광01",28,2018,""
"29","강진성","강진성01",29,2018,""
"30","강철민","강철민01",30,2010,""
"31","강한울","강한울01",31,2018,""
"32","경헌호","경헌호01",32,2011,""
"33","고도현","고도현01",33,2014,""
"34","고동진","고동진01",34,2015,""
"35","고든","고든01",35,2012,""
"36","고메즈","고메즈01",36,2016,""
"37","고명성","고명성01",37,2018,""
"38","고봉재","고봉재01",38,2017,""
"39","고영민","고영민01",39,2016,""
"40","고영우","고영우01",40,2016,""
"41","고영창","고영창01",41,2018,""
"42","고영표","고영표01",42,2018,""
"43","고우석","고우석01",43,2018,""
"44","고원준","고원준01",44,2017,""
"45","고장혁","고장혁01",40,2017,""
"46","고종욱","고종욱01",46,2018,""
"47","고창성","고창성01",47,2018,""
"48","고효준","고효준01",48,2018,""
"49","곤잘레스","곤잘레스01",49,2010,""
"50","곽동훈","곽동훈01",50,2011,""
"51","곽빈","곽빈01",51,2018,""
"52","곽정철","곽정철01",52,2016,""
"53","구대성","구대성01",53,2010,""
"54","구본범","구본범01",54,2015,""
"55","구승민","구승민01",55,2018,""
"56","구자욱","구자욱01",56,2018,""
"57","구자운","구자운01",57,2010,""
"58","구자형","구자형01",58,2015,""
"59","구창모","구창모01",59,2018,""
"60","국해성","국해성01",60,2018,""
"61","권도영","권도영01",61,2010,""
"62","권영준","권영준01",62,2012,""
"63","권영진","권영진01",63,2012,""
"64","권오준","권오준01",64,2018,""
"65","권용관","권용관01",65,2016,""
"66","권정웅","권정웅01",66,2018,""
"67","권혁","권혁01",67,2018,""
"68","권희동","권희동01",68,2018,""
"69","글로버","글로버01",69,2011,""
"70","금민철","금민철01",70,2018,""
"71","김강","김강01",71,2011,""
"72","김강률","김강률01",72,2018,""
"73","김강민","김강민01",73,2018,""
"74","김강석","김강석01",74,2010,""
"75","김건국","김건국01",75,2018,""
"76","김건태","김건태01",208,2018,""
"77","김건한","김건한01",77,2016,""
"78","김경근","김경근01",78,2013,""
"79","김경모","김경모01",79,2012,""
"80","김경언","김경언01",80,2017,""
"81","김경태","김경태01",81,2018,""
"82","김광삼","김광삼01",82,2015,""
"83","김광수","김광수01",83,2017,""
"84","김광연","김광연01",84,2014,""
"85","김광현","김광현01",85,2018,""
"86","김규민","김규민01",86,2018,""
"87","김기연","김기연01",87,2018,""
"88","김기태","김기태01",88,2018,""
"89","김기표","김기표01",89,2015,""
"90","김기현","김기현01",90,2015,"김기현_1989"
"91","김기현","김기현02",91,2016,"김기현_1987"
"92","김남석","김남석01",92,2011,""
"93","김남형","김남형01",93,2012,""
"94","김다원","김다원01",94,2016,""
"95","김대륙","김대륙01",95,2017,""
"96","김대우","김대우01",96,2018,"김대우_1988"
"97","김대우","김대우02",97,2018,"김대우_1984"
"98","김대유","김대유01",98,2017,""
"99","김대현","김대현01",99,2018,""
"100","김도영","김도영01",100,2017,""
"101","김도현","김도현01",101,2014,""
"102","김동건","김동건01",102,2013,""
"103","김동길","김동길01",103,2011,""
"104","김동명","김동명01",104,2016,""
"105","김동엽","김동엽01",105,2018,""
"106","김동영","김동영01",106,2010,""
"107","김동욱","김동욱01",104,2018,""
"108","김동주","김동주01",108,2013,""
"109","김동준","김동준01",109,2018,""
"110","김동한","김동한01",110,2018,""
"111","김동호","김동호01",111,2017,""
"112","김만수","김만수01",112,2017,""
"113","김명성","김명성01",113,2015,""
"114","김명신","김명신01",114,2017,""
"115","김명찬","김명찬01",115,2017,""
"116","김문호","김문호01",116,2018,""
"117","김민","김민01",117,2018,""
"118","김민규","김민규01",118,2018,""
"119","김민성","김민성01",119,2018,""
"120","김민수","김민수01",120,2017,"김민수_1998"
"121","김민수","김민수02",121,2018,"김민수_1992"
"122","김민수","김민수03",122,2018,"김민수_1991"
"123","김민식","김민식01",123,2018,""
"124","김민우","김민우01",124,2016,"김민우_1979"
"125","김민우","김민우02",125,2018,"김민우_1995"
"126","김민준","김민준01",126,2017,""
"127","김민하","김민하01",127,2018,""
"128","김민혁","김민혁01",128,2018,""
"129","김범수","김범수01",129,2018,""
"130","김병현","김병현01",130,2015,""
"131","김사연","김사연01",131,2017,""
"132","김사율","김사율01",132,2018,""
"133","김사훈","김사훈01",133,2018,""
"134","김상수","김상수01",134,2018,"김상수_1988"
"135","김상수","김상수02",135,2018,"김상수_1990"
"136","김상현","김상현01",136,2016,""
"137","김상호","김상호01",137,2017,""
"138","김상훈","김상훈01",138,2014,""
"139","김석환","김석환01",139,2018,""
"140","김선규","김선규01",140,2016,""
"141","김선기","김선기01",141,2018,""
"142","김선민","김선민01",142,2016,""
"143","김선빈","김선빈01",143,2018,""
"144","김선우","김선우01",144,2014,""
"145","김성계","김성계01",145,2012,""
"146","김성민","김성민01",146,2018,""
"147","김성배","김성배01",147,2017,""
"148","김성욱","김성욱01",148,2018,""
"149","김성윤","김성윤01",149,2018,""
"150","김성재","김성재01",150,2016,""
"151","김성태","김성태01",151,2011,""
"152","김성현","김성현01",152,2011,"김성현_1989"
"153","김성현","김성현02",153,2018,"김성현_1987"
"154","김성호","김성호01",154,2012,""
"155","김성훈","김성훈01",155,2018,"김성훈_1993"
"156","김성훈","김성훈02",156,2018,"김성훈_1998"
"157","김세현","김세현01",165,2018,""
"158","김수경","김수경01",158,2012,""
"159","김수완","김수완01",159,2015,""
"160","김승현","김승현01",160,2018,""
"161","김승회","김승회01",161,2018,""
"162","김시현","김시현01",162,2018,""
"163","김연훈","김연훈01",163,2017,""
"164","김영관","김영관01",164,2015,""
"165","김영민","김영민01",165,2015,""
"166","김영준","김영준01",166,2018,""
"167","김영환","김영환01",167,2018,""
"168","김영훈","김영훈01",168,2012,""
"169","김용섭","김용섭01",169,2011,""
"170","김용의","김용의01",170,2018,""
"171","김용주","김용주01",171,2018,""
"172","김용하","김용하01",172,2018,""
"173","김용호","김용호01",173,2011,""
"174","김웅빈","김웅빈01",174,2017,""
"175","김원석","김원석01",175,2017,""
"176","김원섭","김원섭01",176,2016,""
"177","김원중","김원중01",177,2018,""
"178","김원형","김원형01",178,2010,""
"179","김유신","김유신01",179,2018,""
"180","김유영","김유영01",180,2017,""
"181","김윤동","김윤동01",181,2018,""
"182","김윤환","김윤환01",182,2016,""
"183","김응민","김응민01",183,2018,""
"184","김인태","김인태01",184,2018,""
"185","김인환","김인환01",185,2018,""
"186","김일경","김일경01",186,2012,""
"187","김일엽","김일엽01",187,2013,""
"188","김재균","김재균01",188,2018,""
"189","김재민","김재민01",189,2014,""
"190","김재성","김재성01",190,2015,""
"191","김재영","김재영01",191,2018,""
"192","김재우","김재우01",192,2010,""
"193","김재유","김재유01",193,2017,""
"194","김재윤","김재윤01",194,2018,""
"195","김재율","김재율01",92,2018,""
"196","김재현","김재현01",196,2010,"김재현_1975"
"197","김재현","김재현02",197,2010,"김재현_1979"
"198","김재현","김재현03",198,2018,"김재현_1987"
"199","김재현","김재현04",199,2018,"김재현_1993"
"200","김재현","김재현05",200,2018,"김재현_1991"
"201","김재호","김재호01",201,2018,""
"202","김재환","김재환01",202,2018,""
"203","김정남","김정남01",203,2011,""
"204","김정빈","김정빈01",204,2017,""
"205","김정인","김정인01",205,2018,""
"206","김정혁","김정혁01",206,2017,""
"207","김정후","김정후01",207,2018,""
"208","김정훈","김정훈01",208,2016,""
"209","김종덕","김종덕01",209,2018,""
"210","김종민","김종민01",210,2018,""
"211","김종수","김종수01",211,2018,""
"212","김종찬","김종찬01",212,2013,""
"213","김종호","김종호01",213,2017,""
"214","김종훈","김종훈01",214,2017,""
"215","김주성","김주성01",215,2017,""
"216","김주찬","김주찬01",216,2018,""
"217","김주한","김주한01",217,2018,""
"218","김주현","김주현01",218,2017,"김주현_1993"
"219","김주현","김주현02",219,2017,"김주현_1988"
"220","김주형","김주형01",220,2018,""
"221","김준","김준01",221,2015,""
"222","김준완","김준완01",222,2017,""
"223","김준태","김준태01",223,2016,""
"224","김준호","김준호01",224,2011,""
"225","김지성","김지성01",164,2018,""
"226","김지수","김지수01",226,2016,"김지수_1996"
"227","김지수","김지수02",227,2018,"김지수_1986"
"228","김지열","김지열01",131,2018,""
"229","김지용","김지용01",229,2018,""
"230","김지훈","김지훈01",230,2014,""
"231","김진곤","김진곤01",231,2018,""
"232","김진성","김진성01",232,2018,""
"233","김진영","김진영01",233,2018,""
"234","김진우","김진우01",234,2017,""
"235","김진욱","김진욱01",235,2018,""
"236","김진형","김진형01",236,2015,""
"237","김찬형","김찬형01",237,2018,""
"238","김찬호","김찬호01",238,2017,""
"239","김창혁","김창혁01",239,2018,""
"240","김창훈","김창훈01",240,2013,""
"241","김철호","김철호01",241,2018,""
"242","김태군","김태군01",242,2017,""
"243","김태균","김태균01",243,2018,""
"244","김태연","김태연01",244,2018,""
"245","김태영","김태영01",245,2015,""
"246","김태오","김태오01",246,2018,""
"247","김태완","김태완01",247,2016,"김태완_1981"
"248","김태완","김태완02",248,2018,"김태완_1984"
"249","김태우","김태우01",249,2017,""
"250","김태진","김태진01",250,2018,""
"251","김태형","김태형01",251,2018,""
"252","김태훈","김태훈01",252,2011,"김태훈_1987"
"253","김태훈","김태훈02",253,2015,"김태훈_1996"
"254","김태훈","김태훈03",254,2018,"김태훈_1990"
"255","김택형","김택형01",255,2018,""
"256","김하성","김하성01",256,2018,""
"257","김학성","김학성01",257,2016,""
"258","김해수","김해수01",258,2017,""
"259","김헌곤","김헌곤01",259,2018,""
"260","김혁민","김혁민01",260,2014,""
"261","김현수","김현수01",261,2018,""
"262","김현우","김현우01",262,2017,""
"263","김형준","김형준01",263,2018,""
"264","김형철","김형철01",264,2010,""
"265","김혜성","김혜성01",265,2018,""
"266","김호령","김호령01",266,2017,""
"267","김호재","김호재01",267,2018,""
"268","김홍빈","김홍빈01",268,2017,""
"269","김회성","김회성01",269,2018,""
"270","김효남","김효남01",270,2013,""
"271","김희석","김희석01",271,2014,""
"272","나경민","나경민01",272,2018,""
"273","나바로","나바로01",273,2015,""
"274","나성범","나성범01",274,2018,""
"275","나성용","나성용01",275,2017,""
"276","나승현","나승현01",276,2010,""
"277","나원탁","나원탁01",277,2018,""
"278","나이트","나이트01",278,2014,""
"279","나종덕","나종덕01",279,2018,""
"280","나주환","나주환01",280,2018,""
"281","나지완","나지완01",281,2018,""
"282","남경호","남경호01",282,2015,""
"283","남윤성","남윤성01",283,2018,""
"284","남재현","남재현01",284,2017,""
"285","남태혁","남태혁01",285,2018,""
"286","노경은","노경은01",286,2018,""
"287","노관현","노관현01",287,2017,""
"288","노성호","노성호01",288,2018,""
"289","노수광","노수광01",289,2018,""
"290","노진용","노진용01",290,2014,""
"291","노진혁","노진혁01",291,2018,""
"292","니코스키","니코스키01",292,2010,""
"293","니퍼트","니퍼트01",293,2018,""
"294","다이아몬드","다이아몬드01",294,2017,""
"295","대니돈","대니돈01",295,2017,""
"296","댄블랙","댄블랙01",296,2015,""
"297","더마트레","더마트레01",297,2010,""
"298","데폴라","데폴라01",298,2011,""
"299","도태훈","도태훈01",299,2018,""
"300","듀브론트","듀브론트01",300,2018,""
"301","라라","라라01",301,2016,""
"302","라미레즈","라미레즈01",302,2012,""
"303","라이트","라이트01",303,2010,""
"304","러프","러프01",304,2018,""
"305","레나도","레나도01",305,2017,""
"306","레딩","레딩01",306,2010,""
"307","레온","레온01",307,2016,""
"308","레이예스","레이예스01",308,2014,""
"309","레일리","레일리01",309,2018,""
"310","로니","로니01",310,2017,""
"311","로드리게스","로드리게스01",311,2013,""
"312","로맥","로맥01",312,2018,""
"313","로메로","로메로01",313,2015,""
"314","로사리오","로사리오01",314,2017,""
"315","로위","로위01",315,2016,""
"316","로저스","로저스01",316,2018,""
"317","로치","로치01",317,2017,""
"318","로티노","로티노01",318,2014,""
"319","로페즈","로페즈01",319,2012,""
"320","로하스","로하스01",320,2018,""
"321","루츠","루츠01",321,2015,""
"322","루카스","루카스01",322,2015,""
"323","류승현","류승현01",323,2018,""
"324","류은재","류은재01",324,2011,""
"325","류재인","류재인01",325,2018,""
"326","류제국","류제국01",326,2017,""
"327","류지혁","류지혁01",327,2018,""
"328","류택현","류택현01",328,2014,""
"329","류현진","류현진01",329,2012,""
"330","류희운","류희운01",330,2018,""
"331","리오단","리오단01",331,2014,""
"332","리즈","리즈01",332,2013,""
"333","린드블럼","린드블럼01",333,2018,""
"334","마낙길","마낙길01",334,2015,""
"335","마르테","마르테01",335,2016,""
"336","마리몬","마리몬01",336,2016,""
"337","마리오","마리오01",337,2012,""
"338","마야","마야01",338,2015,""
"339","마에스트리","마에스트리01",339,2016,""
"340","마일영","마일영01",340,2015,""
"341","마정길","마정길01",341,2017,""
"342","마틴","마틴01",342,2014,""
"343","매그레인","매그레인01",343,2011,""
"344","매티스","매티스01",344,2011,""
"345","맥그레거","맥그레거01",345,2016,""
"346","맥스웰","맥스웰01",346,2016,""
"347","맨쉽","맨쉽01",347,2017,""
"348","명재철","명재철01",348,2013,""
"349","모건","모건01",349,2015,""
"350","모넬","모넬01",350,2017,""
"351","모상기","모상기01",351,2015,""
"352","모창민","모창민01",352,2018,""
"353","문경찬","문경찬01",353,2018,""
"354","문광은","문광은01",354,2018,""
"355","문규현","문규현01",355,2018,""
"356","문동욱","문동욱01",356,2014,""
"357","문상철","문상철01",357,2016,""
"358","문선엽","문선엽01",358,2017,""
"359","문선재","문선재01",359,2018,""
"360","문성주","문성주01",360,2018,""
"361","문성현","문성현01",361,2018,""
"362","문수호","문수호01",362,2015,""
"363","문승원","문승원01",363,2018,""
"364","문우람","문우람01",364,2015,""
"365","문재현","문재현01",365,2015,""
"366","민경수","민경수01",366,2010,""
"367","민병헌","민병헌01",367,2018,""
"368","민성기","민성기01",368,2016,""
"369","민태호","민태호01",368,2018,""
"370","바티스타","바티스타01",370,2013,""
"371","박건우","박건우01",371,2018,"박건우_1990"
"372","박경수","박경수01",372,2018,""
"373","박경완","박경완01",373,2013,""
"374","박경태","박경태01",374,2018,""
"375","박계범","박계범01",375,2016,""
"376","박계현","박계현01",376,2015,""
"377","박광열","박광열01",377,2018,""
"378","박근홍","박근홍01",425,2018,""
"379","박기남","박기남01",379,2015,""
"380","박기혁","박기혁01",380,2018,""
"381","박노민","박노민01",381,2016,""
"382","박건우","박건우02",382,2012,"박건우_1985"
"383","박동원","박동원01",383,2018,""
"384","박명환","박명환01",384,2015,""
"385","박민규","박민규01",385,2016,""
"386","박민석","박민석01",386,2016,""
"387","박민우","박민우01",387,2018,""
"388","박민호","박민호01",388,2018,""
"389","박병호","박병호01",389,2018,""
"390","박상규","박상규01",390,2013,""
"391","박상언","박상언01",391,2017,""
"392","박상원","박상원01",392,2018,""
"393","박상혁","박상혁01",393,2016,""
"394","박상현","박상현01",394,2010,""
"395","박석민","박석민01",395,2018,""
"396","박성모","박성모01",396,2018,""
"397","박성민","박성민01",397,2016,""
"398","박성준","박성준01",398,2016,""
"399","박성한","박성한01",399,2018,""
"400","박성호","박성호01",400,2015,""
"401","박성훈","박성훈01",401,2014,""
"402","박세웅","박세웅01",402,2016,"박세웅_1993"
"403","박세웅","박세웅02",403,2018,"박세웅_1995"
"404","박세진","박세진01",404,2018,""
"405","박세혁","박세혁01",405,2018,""
"406","박승욱","박승욱01",406,2018,""
"407","박승주","박승주01",407,2017,""
"408","박시영","박시영01",408,2018,""
"409","박신지","박신지01",409,2018,""
"410","박용근","박용근01",410,2016,""
"411","박용택","박용택01",411,2018,""
"412","박유연","박유연01",412,2017,""
"413","박윤","박윤01",413,2017,""
"414","박으뜸","박으뜸01",414,2013,""
"415","박인성","박인성01",415,2013,""
"416","박재상","박재상01",416,2016,""
"417","박재욱","박재욱01",417,2016,""
"418","박재홍","박재홍01",418,2012,""
"419","박정권","박정권01",419,2018,""
"420","박정배","박정배01",420,2018,""
"421","박정수","박정수01",421,2018,""
"422","박정음","박정음01",422,2018,""
"423","박정준","박정준01",423,2018,""
"424","박정진","박정진01",424,2017,""
"425","박정태","박정태01",425,2011,""
"426","박정환","박정환01",426,2011,""
"427","박종기","박종기01",427,2015,""
"428","박종윤","박종윤01",428,2016,"박종윤_1982"
"429","박종윤","박종윤02",429,2017,"박종윤_1993"
"430","박종훈","박종훈01",430,2018,""
"431","박주현","박주현01",431,2017,""
"432","박주홍","박주홍01",432,2018,""
"433","박준서","박준서01",433,2015,""
"434","박준수","박준수01",434,2012,""
"435","박준영","박준영01",435,2016,""
"436","박준태","박준태01",436,2018,""
"437","박준표","박준표01",437,2018,""
"438","박준혁","박준혁01",438,2018,""
"439","박지규","박지규01",439,2018,""
"440","박지훈","박지훈01",440,2017,""
"441","박진만","박진만01",441,2015,""
"442","박진우","박진우01",442,2018,""
"443","박진원","박진원01",443,2011,""
"444","박진태","박진태01",444,2017,""
"445","박진형","박진형01",445,2018,""
"446","박진환","박진환01",446,2011,""
"447","박찬도","박찬도01",447,2018,""
"448","박찬호","박찬호01",448,2016,""
"449","박철우","박철우01",449,2015,""
"450","박치국","박치국01",450,2018,""
"451","박한길","박한길01",451,2016,""
"452","박한이","박한이01",452,2018,""
"453","박해민","박해민01",453,2018,""
"454","박헌도","박헌도01",454,2018,""
"455","박헌욱","박헌욱01",455,2018,""
"456","박현준","박현준01",456,2011,""
"457","박희수","박희수01",457,2018,""
"458","반슬라이","반슬라이01",458,2018,""
"459","발디리스","발디리스01",459,2016,""
"460","배민관","배민관01",460,2018,""
"461","배병옥","배병옥01",461,2016,""
"462","배스","배스01",462,2012,""
"463","배영섭","배영섭01",463,2018,""
"464","배영수","배영수01",464,2018,""
"465","배우열","배우열01",465,2018,""
"466","배장호","배장호01",466,2018,""
"467","배재준","배재준01",467,2018,""
"468","배재환","배재환01",468,2018,""
"469","배정대","배정대01",469,2018,""
"470","배제성","배제성01",470,2018,""
"471","배힘찬","배힘찬01",471,2017,""
"472","백민기","백민기01",472,2018,""
"473","백상원","백상원01",473,2018,""
"474","백승룡","백승룡01",474,2013,""
"475","백승민","백승민01",475,2018,""
"476","백승현","백승현01",476,2018,""
"477","백용환","백용환01",477,2018,""
"478","백인식","백인식01",478,2018,""
"479","백정현","백정현01",479,2018,""
"480","백창수","백창수01",480,2018,""
"481","밴덴헐크","밴덴헐크01",481,2014,""
"482","밴와트","밴와트01",482,2016,""
"483","밴헤켄","밴헤켄01",483,2017,""
"484","버나디나","버나디나01",484,2018,""
"485","번사이드","번사이드01",485,2010,""
"486","번즈","번즈01",486,2018,""
"487","베렛","베렛01",487,2018,""
"488","벨레스터","벨레스터01",488,2016,""
"489","변용선","변용선01",489,2012,""
"490","변진수","변진수01",490,2018,""
"491","보니야","보니야01",491,2018,""
"492","보우덴","보우덴01",492,2017,""
"493","볼스테드","볼스테드01",493,2014,""
"494","봉민호","봉민호01",494,2018,""
"495","봉중근","봉중근01",495,2016,""
"496","부시","부시01",496,2012,""
"497","부에노","부에노01",497,2010,""
"498","부첵","부첵01",498,2011,""
"499","브라운","브라운01",499,2015,""
"500","브리검","브리검01",500,2018,""
"501","블랙","블랙01",501,2015,""
"502","비야누에바","비야누에바01",502,2017,""
"503","빌로우","빌로우01",503,2013,""
"504","사도스키","사도스키01",504,2012,""
"505","산체스","산체스01",505,2018,""
"506","샌즈","샌즈01",506,2018,""
"507","샘슨","샘슨01",507,2018,""
"508","서건창","서건창01",508,2018,""
"509","서균","서균01",509,2018,""
"510","서동욱","서동욱01",510,2018,""
"511","서동환","서동환01",511,2014,""
"512","서상우","서상우01",512,2018,""
"513","서성종","서성종01",513,2010,""
"514","서승화","서승화01",514,2010,""
"515","서예일","서예일01",515,2017,""
"516","서용주","서용주01",516,2013,""
"517","서의태","서의태01",517,2018,""
"518","서재응","서재응01",518,2015,""
"519","서진용","서진용01",519,2018,""
"520","서캠프","서캠프01",520,2016,""
"521","성동현","성동현01",521,2018,""
"522","성영훈","성영훈01",522,2017,""
"523","성의준","성의준01",523,2017,""
"524","세든","세든01",524,2016,""
"525","션헨","션헨01",525,2012,""
"526","소사","소사01",526,2018,""
"527","손동욱","손동욱01",527,2017,""
"528","손민한","손민한01",528,2015,""
"529","손승락","손승락01",529,2018,""
"530","손시헌","손시헌01",530,2018,""
"531","손아섭","손아섭01",531,2018,""
"532","손영민","손영민01",532,2017,""
"533","손용석","손용석01",533,2016,""
"534","손인호","손인호01",534,2012,""
"535","손정욱","손정욱01",535,2015,""
"536","손주영","손주영01",536,2018,""
"537","손주인","손주인01",537,2018,""
"538","손지환","손지환01",538,2010,""
"539","손형준","손형준01",539,2012,""
"540","송광민","송광민01",540,2018,""
"541","송민섭","송민섭01",541,2018,""
"542","송산","송산01",542,2012,""
"543","송성문","송성문01",543,2018,""
"544","송승준","송승준01",544,2018,""
"545","송신영","송신영01",545,2017,""
"546","송윤준","송윤준01",546,2013,""
"547","송은범","송은범01",547,2018,""
"548","송주호","송주호01",548,2016,""
"549","송준석","송준석01",549,2018,""
"550","송지만","송지만01",550,2013,""
"551","송창식","송창식01",551,2018,""
"552","송창현","송창현01",552,2016,""
"553","스나이더","스나이더01",553,2015,""
"554","스와잭","스와잭01",554,2015,""
"555","스캇","스캇01",555,2014,""
"556","스크럭스","스크럭스01",556,2018,""
"557","스튜어트","스튜어트01",557,2016,""
"558","스틴슨","스틴슨01",558,2015,""
"559","시스코","시스코01",559,2015,""
"560","신경현","신경현01",560,2012,""
"561","신동훈","신동훈01",561,2014,""
"562","신명철","신명철01",562,2015,""
"563","신범수","신범수01",563,2018,""
"564","신병률","신병률01",564,2018,""
"565","신본기","신본기01",565,2018,""
"566","신성현","신성현01",566,2018,""
"567","신승현","신승현01",567,2017,""
"568","신용운","신용운01",568,2016,""
"569","신윤호","신윤호01",569,2014,""
"570","신재영","신재영01",570,2018,""
"571","신재웅","신재웅01",571,2018,""
"572","신정락","신정락01",572,2018,""
"573","신정익","신정익01",573,2013,""
"574","신종길","신종길01",574,2017,""
"575","신주영","신주영01",575,2012,""
"576","신진호","신진호01",576,2018,""
"577","신창호","신창호01",577,2015,""
"578","신해수","신해수01",578,2010,""
"579","신현철","신현철01",579,2016,""
"580","심광호","심광호01",580,2012,""
"581","심규범","심규범01",581,2018,""
"582","심동섭","심동섭01",582,2018,""
"583","심수창","심수창01",583,2018,""
"584","심우준","심우준01",584,2018,""
"585","심재민","심재민01",585,2018,""
"586","심창민","심창민01",586,2018,""
"587","아담","아담01",587,2013,""
"588","아델만","아델만01",588,2018,""
"589","아두치","아두치01",589,2016,""
"590","안경현","안경현01",590,2010,""
"591","안규영","안규영01",591,2017,""
"592","안규현","안규현01",592,2017,""
"593","안동현","안동현01",593,2011,""
"594","안상빈","안상빈01",594,2016,""
"595","안상현","안상현01",595,2018,""
"596","안성무","안성무01",596,2018,""
"597","안승민","안승민01",597,2013,""
"598","안영명","안영명01",598,2018,""
"599","안영진","안영진01",599,2012,""
"600","안우진","안우진01",600,2018,""
"601","안익훈","안익훈01",601,2018,""
"602","안정광","안정광01",602,2015,""
"603","안주형","안주형01",603,2018,""
"604","안중열","안중열01",604,2018,""
"605","안지만","안지만01",605,2016,""
"606","안치영","안치영01",606,2017,""
"607","안치용","안치용01",607,2013,""
"608","안치홍","안치홍01",608,2018,""
"609","안태영","안태영01",609,2014,""
"610","알드리지","알드리지01",610,2011,""
"611","애디튼","애디튼01",611,2017,""
"612","앤서니","앤서니01",612,2013,""
"613","앨버스","앨버스01",613,2014,""
"614","양석환","양석환01",614,2018,""
"615","양성우","양성우01",615,2018,""
"616","양승진","양승진01",616,2012,""
"617","양영동","양영동01",617,2013,""
"618","양원혁","양원혁01",618,2018,""
"619","양의지","양의지01",619,2018,""
"620","양종민","양종민01",620,2018,""
"621","양준혁","양준혁01",621,2010,""
"622","양창섭","양창섭01",622,2018,""
"623","양현","양현01",623,2018,""
"624","양현종","양현종01",624,2018,""
"625","양훈","양훈01",625,2017,""
"626","어센시오","어센시오01",626,2014,""
"627","어윈","어윈01",627,2015,""
"628","엄상백","엄상백01",628,2018,""
"629","엄정욱","엄정욱01",629,2014,""
"630","엄태용","엄태용01",630,2014,""
"631","에릭","에릭01",631,2014,""
"632","에반","에반01",632,2015,""
"633","에반스","에반스01",633,2017,""
"634","여건욱","여건욱01",634,2018,""
"635","연경흠","연경흠01",635,2013,""
"636","예진원","예진원01",636,2018,""
"637","오간도","오간도01",637,2017,""
"638","오넬리","오넬리01",638,2011,""
"639","오두철","오두철01",639,2014,""
"640","오상민","오상민01",640,2011,""
"641","오선진","오선진01",641,2018,""
"642","오설리반","오설리반01",642,2017,""
"643","오성민","오성민01",643,2011,""
"644","오승택","오승택01",644,2017,""
"645","오승환","오승환01",645,2013,""
"646","오영수","오영수01",646,2018,""
"647","오윤","오윤01",647,2014,""
"648","오윤석","오윤석01",648,2018,""
"649","오윤성","오윤성01",649,2017,""
"650","오장훈","오장훈01",650,2015,""
"651","오재영","오재영01",651,2016,""
"652","오재원","오재원01",652,2018,""
"653","오재일","오재일01",653,2018,""
"654","오재필","오재필01",654,2013,""
"655","오정복","오정복01",655,2018,""
"656","오주원","오주원01",651,2018,""
"657","오준혁","오준혁01",657,2018,""
"658","오준형","오준형01",658,2013,""
"659","오지환","오지환01",659,2018,""
"660","오카모토","오카모토01",660,2010,""
"661","오태곤","오태곤01",644,2018,""
"662","오현근","오현근01",662,2016,""
"663","오현택","오현택01",663,2018,""
"664","옥스프링","옥스프링01",664,2015,""
"665","올슨","올슨01",665,2013,""
"666","왈론드","왈론드01",666,2010,""
"667","왕웨이중","왕웨이중01",667,2018,""
"668","용덕한","용덕한01",668,2016,""
"669","우규민","우규민01",669,2018,""
"670","우동균","우동균01",670,2017,""
"671","울프","울프01",671,2014,""
"672","워스","워스01",672,2017,""
"673","원용묵","원용묵01",673,2013,""
"674","원종현","원종현01",674,2018,""
"675","웨버","웨버01",675,2014,""
"676","웹스터","웹스터01",676,2016,""
"677","윌슨","윌슨01",677,2018,""
"678","유강남","유강남01",678,2018,""
"679","유경국","유경국01",679,2016,""
"680","유동훈","유동훈01",680,2013,""
"681","유먼","유먼01",681,2015,""
"682","유민상","유민상01",682,2018,""
"683","유서준","유서준01",683,2016,""
"684","유선정","유선정01",684,2015,""
"685","유승철","유승철01",685,2018,""
"686","유영준","유영준01",686,2017,""
"687","유원상","유원상01",687,2018,""
"688","유재신","유재신01",688,2018,""
"689","유재웅","유재웅01",689,2012,""
"690","유재유","유재유01",690,2018,""
"691","유재혁","유재혁01",691,2013,""
"692","유재훈","유재훈01",692,2016,""
"693","유창식","유창식01",693,2016,""
"694","유창준","유창준01",694,2014,""
"695","유한준","유한준01",695,2018,""
"696","유희관","유희관01",696,2018,""
"697","윤강민","윤강민01",697,2018,""
"698","윤경영","윤경영01",698,2010,""
"699","윤규진","윤규진01",699,2018,""
"700","윤근영","윤근영01",700,2018,""
"701","윤기호","윤기호01",701,2015,""
"702","윤길현","윤길현01",702,2018,""
"703","윤대영","윤대영01",703,2018,""
"704","윤도경","윤도경01",704,2015,""
"705","윤명준","윤명준01",705,2016,""
"706","윤병호","윤병호01",706,2018,""
"707","윤석민","윤석민01",707,2018,"윤석민_1985"
"708","윤석민","윤석민02",708,2018,"윤석민_1986"
"709","윤석주","윤석주01",709,2015,""
"710","윤성빈","윤성빈01",710,2018,""
"711","윤성환","윤성환01",711,2018,""
"712","윤수강","윤수강01",712,2018,""
"713","윤수호","윤수호01",713,2018,""
"714","윤여운","윤여운01",714,2015,""
"715","윤영삼","윤영삼01",715,2018,""
"716","윤영수","윤영수01",716,2015,""
"717","윤완주","윤완주01",717,2016,""
"718","윤요섭","윤요섭01",718,2017,""
"719","윤정우","윤정우01",719,2018,""
"720","윤중환","윤중환01",720,2015,""
"721","윤지웅","윤지웅01",721,2018,""
"722","윤진호","윤진호01",722,2018,""
"723","윤형배","윤형배01",723,2014,""
"724","윤효섭","윤효섭01",724,2010,""
"725","윤희상","윤희상01",725,2018,""
"726","이건욱","이건욱01",726,2017,""
"727","이경우","이경우01",727,2016,""
"728","이규대","이규대01",728,2011,""
"729","이대수","이대수01",729,2018,""
"730","이대진","이대진01",730,2012,""
"731","이대형","이대형01",731,2018,""
"732","이대호","이대호01",732,2018,""
"733","이대환","이대환01",733,2015,""
"734","이도윤","이도윤01",734,2018,""
"735","이도형","이도형01",735,2010,""
"736","이동걸","이동걸01",736,2018,""
"737","이동학","이동학01",737,2010,""
"738","이동현","이동현01",738,2010,"이동현_1979"
"739","이동현","이동현02",739,2018,"이동현_1983"
"740","이동훈","이동훈01",740,2018,""
"741","이두환","이두환01",741,2010,""
"742","이명기","이명기01",742,2018,""
"743","이명우","이명우01",743,2018,""
"744","이명환","이명환01",744,2013,""
"745","이민우","이민우01",745,2018,""
"746","이민재","이민재01",746,2015,""
"747","이민호","이민호01",747,2018,""
"748","이범준","이범준01",748,2011,""
"749","이범호","이범호01",749,2018,""
"750","이병규","이병규01",750,2016,"큰이병규"
"751","이병규","이병규02",751,2018,"작은이병규"
"752","이병휘","이병휘01",752,2018,""
"753","이보근","이보근01",753,2018,""
"754","이브랜드","이브랜드01",754,2013,""
"755","이상민","이상민01",755,2018,""
"756","이상백","이상백01",756,2014,""
"757","이상열","이상열01",757,2014,""
"758","이상호","이상호01",758,2018,""
"759","이상화","이상화01",759,2018,""
"760","이상훈","이상훈01",760,2016,""
"761","이성곤","이성곤01",761,2018,""
"762","이성규","이성규01",762,2017,""
"763","이성민","이성민01",763,2016,""
"764","이성열","이성열01",764,2018,""
"765","이성우","이성우01",765,2018,""
"766","이성진","이성진01",766,2012,""
"767","이성호","이성호01",767,2010,""
"768","이수민","이수민01",768,2017,""
"769","이숭용","이숭용01",769,2011,""
"770","이승엽","이승엽01",770,2017,""
"771","이승우","이승우01",771,2012,""
"772","이승재","이승재01",772,2014,""
"773","이승주","이승주01",773,2011,""
"774","이승진","이승진01",774,2018,""
"775","이승현","이승현01",775,2018,""
"776","이승호","이승호01",776,2015,"이승호_1981"
"777","이승화","이승화01",777,2014,""
"778","이시찬","이시찬01",848,2015,""
"779","이양기","이양기01",779,2017,""
"780","이여상","이여상01",780,2016,""
"781","이영수","이영수01",781,2010,""
"782","이영우","이영우01",782,2010,""
"783","이영욱","이영욱01",783,2013,"이영욱_1980"
"784","이영욱","이영욱02",784,2018,"이영욱_1985"
"785","이영재","이영재01",785,2016,""
"786","이영준","이영준01",786,2018,""
"787","이영하","이영하01",787,2018,""
"788","이용규","이용규01",788,2018,""
"789","이용찬","이용찬01",789,2018,""
"790","이용호","이용호01",790,2017,""
"791","이용훈","이용훈01",791,2012,""
"792","이우민","이우민01",777,2017,""
"793","이우석","이우석01",793,2018,""
"794","이우선","이우선01",794,2014,""
"795","이우성","이우성01",795,2018,""
"796","이우찬","이우찬01",785,2018,""
"797","이원석","이원석01",797,2018,""
"798","이원재","이원재01",798,2018,""
"799","이원준","이원준01",799,2018,""
"800","이윤재","이윤재01",800,2018,""
"801","이윤학","이윤학01",801,2015,""
"802","이은총","이은총01",802,2015,""
"803","이인구","이인구01",803,2013,""
"804","이인복","이인복01",804,2015,""
"805","이인행","이인행01",805,2018,""
"806","이인혁","이인혁01",806,2018,""
"807","이재곤","이재곤01",807,2015,""
"808","이재근","이재근01",808,2017,""
"809","이재영","이재영01",809,2015,""
"810","이재우","이재우01",810,2016,""
"811","이재원","이재원01",811,2018,""
"812","이재율","이재율01",812,2018,""
"813","이재학","이재학01",813,2018,""
"814","이정담","이정담01",814,2016,""
"815","이정민","이정민01",815,2017,""
"816","이정식","이정식01",816,2016,""
"817","이정호","이정호01",817,2014,"이정호_1992"
"818","이정후","이정후01",818,2018,""
"819","이정훈","이정훈01",819,2012,"이정훈_1991"
"820","이정훈","이정훈02",820,2016,"이정훈_1977"
"821","이정훈","이정훈03",821,2017,"이정훈_1994"
"822","이종범","이종범01",822,2011,""
"823","이종석","이종석01",823,2015,""
"824","이종욱","이종욱01",824,2018,""
"825","이종혁","이종혁01",825,2018,""
"826","이종환","이종환01",826,2017,""
"827","이준수","이준수01",827,2018,""
"828","이준영","이준영01",828,2016,""
"829","이준형","이준형01",829,2016,""
"830","이준호","이준호01",830,2013,""
"831","이지모","이지모01",831,2013,""
"832","이지영","이지영01",832,2018,""
"833","이지찬","이지찬01",833,2015,""
"834","이진석","이진석01",834,2016,""
"835","이진영","이진영01",835,2017,"이진영_1997"
"836","이진영","이진영02",836,2018,"이진영_1980"
"837","이창섭","이창섭01",837,2015,""
"838","이창열","이창열01",838,2017,""
"839","이창욱","이창욱01",839,2015,""
"840","이창재","이창재01",840,2016,""
"841","이창진","이창진01",841,2018,""
"842","이천웅","이천웅01",842,2018,""
"843","이충호","이충호01",843,2017,""
"844","이태양","이태양01",844,2016,"이태양_1993"
"845","이태양","이태양02",845,2018,"이태양_1990"
"846","이태원","이태원01",846,2014,""
"847","이택근","이택근01",847,2018,""
"848","이학준","이학준01",848,2014,""
"849","이한진","이한진01",849,2015,""
"850","이해창","이해창01",850,2018,""
"851","이현곤","이현곤01",851,2014,""
"852","이현동","이현동01",852,2017,""
"853","이현석","이현석01",853,2016,""
"854","이현승","이현승01",854,2018,""
"855","이현호","이현호01",855,2018,""
"856","이형범","이형범01",856,2018,""
"857","이형종","이형종01",857,2018,""
"858","이혜천","이혜천01",858,2015,""
"859","이호신","이호신01",859,2017,""
"860","이호준","이호준01",860,2017,""
"861","이홍구","이홍구01",861,2017,""
"862","이흥련","이흥련01",862,2018,""
"863","이희근","이희근01",863,2014,""
"864","이희성","이희성01",864,2012,""
"865","임경완","임경완01",865,2015,""
"866","임경훈","임경훈01",866,2013,""
"867","임기영","임기영01",867,2018,""
"868","임기준","임기준01",868,2018,""
"869","임대한","임대한01",869,2017,""
"870","임도현","임도현01",870,2013,""
"871","임병욱","임병욱01",871,2018,""
"872","임서준","임서준01",872,2016,""
"873","임석진","임석진01",873,2016,""
"874","임성헌","임성헌01",874,2010,""
"875","임세업","임세업01",875,2013,""
"876","임익준","임익준01",876,2017,""
"877","임재철","임재철01",877,2015,""
"878","임정우","임정우01",878,2018,""
"879","임정호","임정호01",879,2017,""
"880","임종혁","임종혁01",880,2014,""
"881","임준섭","임준섭01",881,2018,""
"882","임준혁","임준혁01",882,2018,""
"883","임지섭","임지섭01",883,2018,""
"884","임진우","임진우01",884,2017,""
"885","임찬규","임찬규01",885,2018,""
"886","임창민","임창민01",886,2018,""
"887","임창용","임창용01",887,2018,""
"888","임치영","임치영01",888,2017,""
"889","임태준","임태준01",889,2014,""
"890","임태훈","임태훈01",890,2014,""
"891","임한용","임한용01",891,2011,""
"892","임현준","임현준01",892,2018,""
"893","임훈","임훈01",893,2018,""
"894","장민석","장민석01",894,2017,""
"895","장민익","장민익01",895,2018,""
"896","장민재","장민재01",897,2018,""
"897","장민제","장민제01",897,2011,""
"898","장성우","장성우01",898,2018,""
"899","장성호","장성호01",899,2015,""
"900","장승현","장승현01",900,2018,""
"901","장시윤","장시윤01",901,2018,""
"902","장시환","장시환01",915,2018,""
"903","장영석","장영석01",903,2018,""
"904","장운호","장운호01",904,2016,""
"905","장원삼","장원삼01",905,2018,""
"906","장원준","장원준01",906,2018,""
"907","장종덕","장종덕01",907,2010,""
"908","장준원","장준원01",908,2017,""
"909","장지훈","장지훈01",909,2018,""
"910","장진용","장진용01",910,2016,""
"911","장진혁","장진혁01",911,2018,""
"912","장태성","장태성01",912,2010,""
"913","장필준","장필준01",913,2018,""
"914","장현식","장현식01",914,2018,""
"915","장효훈","장효훈01",915,2012,""
"916","저마노","저마노01",916,2015,""
"917","전근표","전근표01",917,2010,""
"918","전민수","전민수01",918,2018,""
"919","전민재","전민재01",919,2018,""
"920","전병두","전병두01",920,2016,""
"921","전병우","전병우01",921,2018,""
"922","전상현","전상현01",922,2018,""
"923","전용훈","전용훈01",923,2017,""
"924","전유수","전유수01",924,2018,""
"925","전인환","전인환01",925,2018,""
"926","전준우","전준우01",926,2018,""
"927","전준호","전준호01",927,2011,""
"928","전우엽","전우엽01",928,2010,""
"929","전현태","전현태01",929,2015,""
"930","정경운","정경운01",930,2018,""
"931","정광운","정광운01",931,2015,""
"932","정규창","정규창01",932,2013,""
"933","정근우","정근우01",933,2018,""
"934","정대현","정대현01",934,2016,"정대현_1978"
"935","정대현","정대현02",935,2017,"정대현_1991"
"936","정대훈","정대훈01",936,2016,""
"937","정동윤","정동윤01",937,2018,""
"938","정동현","정동현01",938,2017,""
"939","정민혁","정민혁01",939,2013,""
"940","정범모","정범모01",940,2018,""
"941","정범수","정범수01",941,2011,""
"942","정병곤","정병곤01",942,2018,""
"943","정보명","정보명01",943,2013,""
"944","정상교","정상교01",944,2012,""
"945","정상호","정상호01",945,2018,""
"946","정성곤","정성곤01",946,2018,""
"947","정성종","정성종01",947,2018,""
"948","정성훈","정성훈01",948,2018,""
"949","정수민","정수민01",949,2018,""
"950","정수빈","정수빈01",950,2018,""
"951","정수성","정수성01",951,2013,""
"952","정영일","정영일01",952,2018,""
"953","정용운","정용운01",953,2018,""
"954","정용준","정용준01",954,2016,""
"955","정우람","정우람01",955,2018,""
"956","정원석","정원석01",956,2012,""
"957","정은원","정은원01",957,2018,""
"958","정의윤","정의윤01",958,2018,""
"959","정인욱","정인욱01",959,2018,""
"960","정재복","정재복01",960,2012,""
"961","정재원","정재원01",961,2018,""
"962","정재훈","정재훈01",962,2016,""
"963","정주현","정주현01",963,2018,""
"964","정주후","정주후01",964,2017,""
"965","정진","정진01",965,2013,""
"966","정진기","정진기01",966,2018,""
"967","정진철","정진철01",967,2016,""
"968","정진호","정진호01",968,2018,""
"969","정찬헌","정찬헌01",969,2018,""
"970","정태승","정태승01",970,2018,""
"971","정현","정현01",971,2018,""
"972","정현석","정현석01",972,2017,""
"973","정현욱","정현욱01",973,2016,""
"974","정형식","정형식01",974,2014,""
"975","정회찬","정회찬01",975,2016,""
"976","정훈","정훈01",976,2018,""
"977","정희상","정희상01",977,2010,""
"978","제춘모","제춘모01",978,2014,""
"979","조규수","조규수01",979,2010,""
"980","조근종","조근종01",980,2017,""
"981","조덕길","조덕길01",981,2018,""
"982","조동찬","조동찬01",982,2018,""
"983","조동화","조동화01",983,2016,""
"984","조무근","조무근01",984,2018,""
"985","조상우","조상우01",985,2018,""
"986","조성모","조성모01",986,2016,""
"987","조성우","조성우01",987,2014,""
"988","조성환","조성환01",988,2014,""
"989","조성훈","조성훈01",989,2018,""
"990","조수행","조수행01",990,2018,""
"991","조쉬벨","조쉬벨01",991,2014,""
"992","조승수","조승수01",992,2017,""
"993","조영민","조영민01",993,2011,""
"994","조영우","조영우01",994,2015,""
"995","조영훈","조영훈01",995,2017,""
"996","조용호","조용호01",996,2018,""
"997","조원빈","조원빈01",997,2018,""
"998","조윤준","조윤준01",998,2017,""
"999","조인성","조인성01",999,2017,""
"1000","조재호","조재호01",1000,2012,""
"1001","조정원","조정원01",1001,2015,""
"1002","조정훈","조정훈01",1002,2018,""
"1003","조중근","조중근01",1003,2015,""
"1004","조지훈","조지훈01",1004,2014,""
"1005","조태수","조태수01",1005,2012,""
"1006","조평호","조평호01",1006,2017,""
"1007","조한욱","조한욱01",1007,2016,""
"1008","조현근","조현근01",1008,2016,""
"1009","조현우","조현우01",1009,2015,""
"1010","조홍석","조홍석01",1010,2018,""
"1011","주권","주권01",1011,2018,""
"1012","주키치","주키치01",1012,2013,""
"1013","주현상","주현상01",1013,2016,""
"1014","주효상","주효상01",1014,2018,""
"1015","지석훈","지석훈01",1015,2018,""
"1016","지성준","지성준01",1016,2018,""
"1017","지승민","지승민01",1017,2010,""
"1018","지재옥","지재옥01",1018,2016,""
"1019","지크","지크01",1019,2016,""
"1020","진갑용","진갑용01",1020,2015,""
"1021","진명호","진명호01",1021,2018,""
"1022","진야곱","진야곱01",1022,2016,""
"1023","진해수","진해수01",1023,2018,""
"1024","차우찬","차우찬01",1024,2018,""
"1025","차일목","차일목01",1025,2017,""
"1026","차재용","차재용01",1026,2017,""
"1027","차정민","차정민01",1027,2011,""
"1028","차화준","차화준01",1028,2013,""
"1029","찰리","찰리01",1029,2015,""
"1030","채기영","채기영01",1030,2015,""
"1031","채병용","채병용01",1031,2018,""
"1032","채상병","채상병01",1032,2012,""
"1033","채상현","채상현01",1033,2017,""
"1034","채선관","채선관01",1034,2016,""
"1035","채은성","채은성01",1035,2018,""
"1036","채종범","채종범01",1036,2010,""
"1037","채태인","채태인01",1037,2018,""
"1038","초이스","초이스01",1038,2018,""
"1039","최건","최건01",1039,2018,""
"1040","최경철","최경철01",1040,2017,""
"1041","최금강","최금강01",1041,2018,""
"1042","최대성","최대성01",1042,2018,""
"1043","최동수","최동수01",1043,2013,""
"1044","최동환","최동환01",1044,2018,""
"1045","최민구","최민구01",1045,2015,""
"1046","최민준","최민준01",1046,2018,""
"1047","최민창","최민창01",1047,2017,""
"1048","최병연","최병연01",1048,2017,""
"1049","최병욱","최병욱01",1049,2014,""
"1050","최선호","최선호01",1050,2016,""
"1051","최성민","최성민01",1051,2011,""
"1052","최성영","최성영01",1052,2018,""
"1053","최성훈","최성훈01",1053,2018,""
"1054","최승준","최승준01",1054,2018,""
"1055","최승환","최승환01",1055,2013,""
"1056","최영진","최영진01",1056,2018,""
"1057","최영필","최영필01",1057,2017,""
"1058","최영환","최영환01",1058,2015,""
"1059","최용규","최용규01",1059,2015,""
"1060","최용제","최용제01",1060,2016,""
"1061","최우석","최우석01",1061,2012,""
"1062","최원재","최원재01",1062,2017,""
"1063","최원제","최원제01",1063,2018,""
"1064","최원준","최원준01",1064,2018,"최원준_1997"
"1065","최원준","최원준02",1065,2018,"최원준_1994"
"1066","최원태","최원태01",1066,2018,""
"1067","최윤석","최윤석01",1067,2018,""
"1068","최인영","최인영01",1068,2011,""
"1069","최재원","최재원01",1069,2017,""
"1070","최재훈","최재훈01",1070,2018,""
"1071","최정","최정01",1071,2018,""
"1072","최정민","최정민01",1072,2018,""
"1073","최정용","최정용01",1073,2017,""
"1074","최주환","최주환01",1074,2018,""
"1075","최준석","최준석01",1075,2018,""
"1076","최지광","최지광01",1076,2018,""
"1077","최진행","최진행01",1077,2018,""
"1078","최진호","최진호01",1078,2011,""
"1079","최채흥","최채흥01",1079,2018,""
"1080","최충연","최충연01",1080,2018,""
"1081","최항","최항01",1081,2018,""
"1082","최향남","최향남01",1082,2013,""
"1083","최현정","최현정01",1083,2014,""
"1084","최현진","최현진01",1084,2011,""
"1085","최형우","최형우01",1085,2018,""
"1086","최훈락","최훈락01",1086,2013,""
"1087","최희섭","최희섭01",1087,2015,""
"1088","추승우","추승우01",1088,2014,""
"1089","카도쿠라","카도쿠라01",1089,2011,""
"1090","카리대","카리대01",1090,2013,""
"1091","카스티요","카스티요01",1091,2016,""
"1092","카페얀","카페얀01",1092,2010,""
"1093","칸투","칸투01",1093,2014,""
"1094","켈리","켈리01",1094,2018,""
"1095","코리","코리01",1095,2011,""
"1096","코엘로","코엘로01",1096,2016,""
"1097","코프랜드","코프랜드01",1097,2016,""
"1098","콜론","콜론01",1098,2010,""
"1099","크루세타","크루세타01",1099,2010,""
"1100","클락","클락01",1100,2010,""
"1101","클레이","클레이01",1101,2014,""
"1102","클로이드","클로이드01",1102,2015,""
"1103","타투스코","타투스코01",1103,2014,""
"1104","탈보트","탈보트01",1104,2015,""
"1105","테임즈","테임즈01",1105,2016,""
"1106","토마스","토마스01",1106,2014,""
"1107","트레비스","트레비스01",1107,2011,""
"1108","티포드","티포드01",1108,2014,""
"1109","파레디스","파레디스01",1109,2018,""
"1110","팻딘","팻딘01",1110,2018,""
"1111","페르난도","페르난도01",1111,2011,""
"1112","페트릭","페트릭01",1112,2017,""
"1113","폭스","폭스01",1113,2015,""
"1114","프록터","프록터01",1114,2012,""
"1115","플란데","플란데01",1115,2016,""
"1116","피가로","피가로01",1116,2015,""
"1117","피노","피노01",1117,2016,""
"1118","피어밴드","피어밴드01",1118,2018,""
"1119","피에","피에01",1119,2014,""
"1120","필","필01",1120,2016,""
"1121","하영민","하영민01",1121,2018,""
"1122","하주석","하주석01",1122,2018,""
"1123","하준영","하준영01",1123,2018,""
"1124","하준호","하준호01",1124,2018,""
"1125","하지호","하지호01",1125,2010,""
"1126","한기주","한기주01",1126,2018,""
"1127","한나한","한나한01",1127,2015,""
"1128","한동민","한동민01",1128,2018,""
"1129","한동희","한동희01",1129,2018,""
"1130","한상훈","한상훈01",1130,2015,""
"1131","한성구","한성구01",1131,2012,""
"1132","한승택","한승택01",1132,2018,""
"1133","한승혁","한승혁01",1133,2018,""
"1134","한윤섭","한윤섭01",1134,2012,""
"1135","한주성","한주성01",1135,2018,""
"1136","한현희","한현희01",1136,2018,""
"1137","한희","한희01",1137,2012,""
"1138","함덕주","함덕주01",1138,2018,""
"1139","해커","해커01",1139,2018,""
"1140","핸킨스","핸킨스01",1140,2013,""
"1141","허건엽","허건엽01",1141,2017,""
"1142","허경민","허경민01",1142,2018,""
"1143","허도환","허도환01",1143,2018,""
"1144","허승민","허승민01",1144,2010,""
"1145","허웅","허웅01",1145,2015,""
"1146","허유강","허유강01",1146,2015,""
"1147","허일","허일01",1147,2018,""
"1148","허정협","허정협01",1148,2018,""
"1149","허준","허준01",1149,2014,""
"1150","허준혁","허준혁01",1150,2015,"허준혁_1985"
"1151","허준혁","허준혁02",1151,2018,"허준혁_1990"
"1152","허프","허프01",1152,2017,""
"1153","험버","험버01",1153,2015,""
"1154","헤일","헤일01",1154,2018,""
"1155","헥터","헥터01",1155,2018,""
"1156","현도훈","현도훈01",1156,2018,""
"1157","현재윤","현재윤01",1157,2014,""
"1158","호잉","호잉01",1158,2018,""
"1159","홀튼","홀튼01",1159,2014,""
"1160","홍건희","홍건희01",1160,2018,""
"1161","홍명찬","홍명찬01",1161,2015,""
"1162","홍상삼","홍상삼01",1162,2018,""
"1163","홍성갑","홍성갑01",1163,2018,""
"1164","홍성무","홍성무01",1164,2017,""
"1165","홍성민","홍성민01",1165,2018,""
"1166","홍성용","홍성용01",1166,2018,""
"1167","홍성흔","홍성흔01",1167,2016,""
"1168","홍세완","홍세완01",1168,2010,""
"1169","홍영현","홍영현01",1169,2016,""
"1170","홍재호","홍재호01",1170,2018,""
"1171","홍창기","홍창기01",1171,2018,""
"1172","홍현빈","홍현빈01",1172,2018,""
"1173","황경태","황경태01",1173,2018,""
"1174","황대인","황대인01",1174,2016,""
"1175","황덕균","황덕균01",1175,2017,""
"1176","황동채","황동채01",1176,2015,""
"1177","황목치승","황목치승01",1177,2017,""
"1178","황선도","황선도01",1178,2016,""
"1179","황선일","황선일01",1179,2015,""
"1180","황수범","황수범01",1180,2018,""
"1181","황수현","황수현01",1181,2015,""
"1182","황영국","황영국01",1182,2014,""
"1183","황윤호","황윤호01",1183,2018,""
"1184","황인준","황인준01",1184,2018,""
"1185","황재규","황재규01",1185,2016,""
"1186","황재균","황재균01",1186,2018,""
"1187","황정립","황정립01",1187,2013,""
"1188","황진수","황진수01",1188,2018,""
"1189","후랭코프","후랭코프01",1189,2018,""
"1190","휠러","휠러01",1190,2018,""
"1191","히메네스","히메네스01",1191,2017,""
"1192","이승호","이승호02",1192,2011,"이승호_1976"
"1193","이승호","이승호03",1193,2018,"이승호_1999"
"1194","이정호","이정호02",656,2010,"이정호_1982"
