선수명,ID,season_2010,season_2011,season_2012,season_2013,season_2014,season_2015,season_2016,season_2017,season_2018,season_2019,season_2020
가뇽,50640,소속팀없음,소속팀없음,소속팀없음,소속팀없음,소속팀없음,소속팀없음,소속팀없음,소속팀없음,소속팀없음,소속팀없음,기아
가득염,92501,SK,소속팀없음,소속팀없음,소속팀없음,소속팀없음,소속팀없음,소속팀없음,소속팀없음,소속팀없음,소속팀없음,소속팀없음
가르시아,78595,롯데,한화,소속팀없음,소속팀없음,소속팀없음,소속팀없음,소속팀없음,소속팀없음,소속팀없음,소속팀없음,소속팀없음
가르시아,68103,소속팀없음,소속팀없음,소속팀없음,소속팀없음,소속팀없음,소속팀없음,소속팀없음,소속팀없음,LG,소속팀없음,소속팀없음
가코,61435,소속팀없음,삼성,소속팀없음,소속팀없음,소속팀없음,소속팀없음,소속팀없음,소속팀없음,소속팀없음,소속팀없음,소속팀없음
강경학,61700,소속팀없음,한화,소속팀없음,소속팀없음,한화,한화,한화,한화,한화,한화,한화
강구성,62917,소속팀없음,소속팀없음,소속팀없음,NC,소속팀없음,NC,NC,NC,NC,소속팀없음,소속팀없음
강귀태,72312,키움,키움,키움,소속팀없음,소속팀없음,소속팀없음,소속팀없음,소속팀없음,소속팀없음,소속팀없음,소속팀없음
강태율,65514,소속팀없음,소속팀없음,소속팀없음,소속팀없음,소속팀없음,소속팀없음,롯데,롯데,소속팀없음,소속팀없음,롯데
강동연,61295,소속팀없음,소속팀없음,소속팀없음,두산,두산,소속팀없음,두산,소속팀없음,두산,두산,NC
강동우,98420,한화,한화,한화,한화,소속팀없음,소속팀없음,소속팀없음,소속팀없음,소속팀없음,소속팀없음,소속팀없음
강동호,67591,소속팀없음,소속팀없음,소속팀없음,소속팀없음,소속팀없음,소속팀없음,소속팀없음,롯데,소속팀없음,소속팀없음,롯데
강로한,65515,소속팀없음,소속팀없음,소속팀없음,소속팀없음,소속팀없음,롯데,소속팀없음,소속팀없음,소속팀없음,롯데,롯데
강명구,73409,삼성,삼성,삼성,삼성,삼성,소속팀없음,소속팀없음,소속팀없음,소속팀없음,소속팀없음,소속팀없음
강민국,64906,소속팀없음,소속팀없음,소속팀없음,소속팀없음,NC,NC,NC,소속팀없음,NC,KT,KT
강민호,74540,롯데,롯데,롯데,롯데,롯데,롯데,롯데,롯데,삼성,삼성,삼성
강백호,68050,소속팀없음,소속팀없음,소속팀없음,소속팀없음,소속팀없음,소속팀없음,소속팀없음,소속팀없음,KT,KT,KT
강병식,72325,키움,키움,키움,소속팀없음,소속팀없음,소속팀없음,소속팀없음,소속팀없음,소속팀없음,소속팀없음,소속팀없음
강병우,75143,키움,소속팀없음,소속팀없음,소속팀없음,소속팀없음,소속팀없음,소속팀없음,소속팀없음,소속팀없음,소속팀없음,소속팀없음
강병의,61108,소속팀없음,소속팀없음,소속팀없음,소속팀없음,소속팀없음,LG,소속팀없음,소속팀없음,소속팀없음,소속팀없음,소속팀없음
강봉규,70224,삼성,삼성,삼성,삼성,소속팀없음,삼성,소속팀없음,소속팀없음,소속팀없음,소속팀없음,소속팀없음
강상원,66710,소속팀없음,소속팀없음,소속팀없음,소속팀없음,소속팀없음,소속팀없음,소속팀없음,한화,한화,소속팀없음,소속팀없음
강승현,78552,소속팀없음,소속팀없음,소속팀없음,롯데,롯데,소속팀없음,롯데,한화,한화,소속팀없음,소속팀없음
강승호,63123,소속팀없음,소속팀없음,소속팀없음,소속팀없음,소속팀없음,소속팀없음,LG,LG,LG-SK,SK,소속팀없음
강영식,70615,롯데,롯데,롯데,롯데,롯데,롯데,롯데,롯데,소속팀없음,소속팀없음,소속팀없음
강윤구,79358,키움,키움,키움,키움,키움,소속팀없음,키움,NC,NC,NC,NC
강이준,67604,소속팀없음,소속팀없음,소속팀없음,소속팀없음,소속팀없음,소속팀없음,소속팀없음,소속팀없음,소속팀없음,기아,소속팀없음
강장산,64907,소속팀없음,소속팀없음,소속팀없음,소속팀없음,소속팀없음,NC,NC,NC-KT,소속팀없음,소속팀없음,소속팀없음
강재민,50705,소속팀없음,소속팀없음,소속팀없음,소속팀없음,소속팀없음,소속팀없음,소속팀없음,소속팀없음,소속팀없음,소속팀없음,한화
강정현,69158,소속팀없음,소속팀없음,소속팀없음,소속팀없음,소속팀없음,소속팀없음,소속팀없음,소속팀없음,소속팀없음,LG,소속팀없음
강정호,76325,키움,키움,키움,키움,키움,소속팀없음,소속팀없음,소속팀없음,소속팀없음,소속팀없음,소속팀없음
강종필,89478,소속팀없음,소속팀없음,소속팀없음,소속팀없음,소속팀없음,소속팀없음,소속팀없음,소속팀없음,소속팀없음,소속팀없음,소속팀없음
강지광,79130,소속팀없음,소속팀없음,소속팀없음,소속팀없음,키움,키움,키움,키움,SK,SK,소속팀없음
강진성,62925,소속팀없음,소속팀없음,소속팀없음,NC,소속팀없음,소속팀없음,소속팀없음,NC,NC,NC,NC
강철민,72627,LG,소속팀없음,소속팀없음,소속팀없음,소속팀없음,소속팀없음,소속팀없음,소속팀없음,소속팀없음,소속팀없음,소속팀없음
강필선,99333,소속팀없음,소속팀없음,소속팀없음,소속팀없음,소속팀없음,소속팀없음,소속팀없음,소속팀없음,소속팀없음,소속팀없음,소속팀없음
강한울,64610,소속팀없음,소속팀없음,소속팀없음,소속팀없음,기아,기아,기아,삼성,삼성,소속팀없음,소속팀없음
강현우,50066,소속팀없음,소속팀없음,소속팀없음,소속팀없음,소속팀없음,소속팀없음,소속팀없음,소속팀없음,소속팀없음,소속팀없음,KT
경헌호,70121,LG,LG,소속팀없음,소속팀없음,소속팀없음,소속팀없음,소속팀없음,소속팀없음,소속팀없음,소속팀없음,소속팀없음
고도현,63563,소속팀없음,소속팀없음,소속팀없음,롯데,롯데,소속팀없음,소속팀없음,소속팀없음,소속팀없음,소속팀없음,소속팀없음
고동진,74745,소속팀없음,한화,한화,한화,한화,한화,소속팀없음,소속팀없음,소속팀없음,소속팀없음,소속팀없음
고든,61855,소속팀없음,SK,삼성,소속팀없음,소속팀없음,소속팀없음,소속팀없음,소속팀없음,소속팀없음,소속팀없음,소속팀없음
고메즈,66805,소속팀없음,소속팀없음,소속팀없음,소속팀없음,소속팀없음,소속팀없음,SK,소속팀없음,소속팀없음,소속팀없음,소속팀없음
고명성,68069,소속팀없음,소속팀없음,소속팀없음,소속팀없음,소속팀없음,소속팀없음,소속팀없음,소속팀없음,KT,KT,소속팀없음
고봉재,66201,소속팀없음,소속팀없음,소속팀없음,소속팀없음,소속팀없음,소속팀없음,두산,두산,소속팀없음,소속팀없음,소속팀없음
고승민,69517,소속팀없음,소속팀없음,소속팀없음,소속팀없음,소속팀없음,소속팀없음,소속팀없음,소속팀없음,소속팀없음,롯데,소속팀없음
고영민,72214,두산,두산,두산,두산,두산,두산,두산,소속팀없음,소속팀없음,소속팀없음,소속팀없음
고영창,63628,소속팀없음,소속팀없음,소속팀없음,소속팀없음,소속팀없음,소속팀없음,소속팀없음,소속팀없음,기아,기아,기아
고영표,64001,소속팀없음,소속팀없음,소속팀없음,소속팀없음,소속팀없음,KT,KT,KT,KT,소속팀없음,소속팀없음
고우석,73629,소속팀없음,기아,기아,소속팀없음,소속팀없음,소속팀없음,소속팀없음,소속팀없음,소속팀없음,소속팀없음,소속팀없음
고우석,67119,소속팀없음,소속팀없음,소속팀없음,소속팀없음,소속팀없음,소속팀없음,소속팀없음,LG,LG,LG,LG
고원준,79349,키움,롯데,롯데,롯데,소속팀없음,소속팀없음,롯데-두산,두산,소속팀없음,소속팀없음,소속팀없음
고장혁,63636,소속팀없음,소속팀없음,소속팀없음,기아,기아,기아,기아,기아,소속팀없음,기아,기아
고종욱,61353,소속팀없음,키움,소속팀없음,소속팀없음,키움,키움,키움,키움,키움,SK,SK
고창성,78248,두산,두산,두산,NC,NC,NC,소속팀없음,소속팀없음,KT,소속팀없음,소속팀없음
고효준,72523,SK,SK,소속팀없음,소속팀없음,SK,SK,SK-기아,기아,롯데,롯데,롯데
곤잘레스,60154,LG,소속팀없음,소속팀없음,소속팀없음,소속팀없음,소속팀없음,소속팀없음,소속팀없음,소속팀없음,소속팀없음,소속팀없음
공민규,68407,소속팀없음,소속팀없음,소속팀없음,소속팀없음,소속팀없음,소속팀없음,소속팀없음,소속팀없음,소속팀없음,삼성,소속팀없음
공필성,90581,소속팀없음,소속팀없음,소속팀없음,소속팀없음,소속팀없음,소속팀없음,소속팀없음,소속팀없음,소속팀없음,소속팀없음,소속팀없음
곽동훈,75424,소속팀없음,삼성,소속팀없음,소속팀없음,소속팀없음,소속팀없음,소속팀없음,소속팀없음,소속팀없음,소속팀없음,소속팀없음
곽빈,68220,소속팀없음,소속팀없음,소속팀없음,소속팀없음,소속팀없음,소속팀없음,소속팀없음,소속팀없음,두산,소속팀없음,소속팀없음
곽정철,75668,기아,기아,소속팀없음,소속팀없음,소속팀없음,소속팀없음,기아,소속팀없음,소속팀없음,소속팀없음,소속팀없음
구대성,93715,한화,소속팀없음,소속팀없음,소속팀없음,소속팀없음,소속팀없음,소속팀없음,소속팀없음,소속팀없음,소속팀없음,소속팀없음
구본범,79748,소속팀없음,소속팀없음,소속팀없음,소속팀없음,한화,한화,소속팀없음,소속팀없음,소속팀없음,소속팀없음,소속팀없음
구본혁,69100,소속팀없음,소속팀없음,소속팀없음,소속팀없음,소속팀없음,소속팀없음,소속팀없음,소속팀없음,소속팀없음,LG,LG
구승민,63543,소속팀없음,소속팀없음,소속팀없음,소속팀없음,롯데,롯데,소속팀없음,소속팀없음,롯데,롯데,롯데
구자욱,62404,소속팀없음,소속팀없음,소속팀없음,소속팀없음,소속팀없음,삼성,삼성,삼성,삼성,삼성,삼성
구자운,99245,삼성,소속팀없음,소속팀없음,소속팀없음,소속팀없음,소속팀없음,소속팀없음,소속팀없음,소속팀없음,소속팀없음,소속팀없음
구자형,64354,소속팀없음,소속팀없음,소속팀없음,소속팀없음,소속팀없음,키움,소속팀없음,소속팀없음,소속팀없음,소속팀없음,소속팀없음
구창모,65933,소속팀없음,소속팀없음,소속팀없음,소속팀없음,소속팀없음,소속팀없음,NC,NC,NC,NC,NC
구톰슨,79650,소속팀없음,소속팀없음,소속팀없음,소속팀없음,소속팀없음,소속팀없음,소속팀없음,소속팀없음,소속팀없음,소속팀없음,소속팀없음
국해성,79290,소속팀없음,소속팀없음,두산,소속팀없음,소속팀없음,두산,두산,두산,두산,두산,두산
권도영,73363,키움,소속팀없음,소속팀없음,소속팀없음,소속팀없음,소속팀없음,소속팀없음,소속팀없음,소속팀없음,소속팀없음,소속팀없음
권민석,68204,소속팀없음,소속팀없음,소속팀없음,소속팀없음,소속팀없음,소속팀없음,소속팀없음,소속팀없음,소속팀없음,소속팀없음,두산
권영준,79565,소속팀없음,소속팀없음,롯데,소속팀없음,소속팀없음,소속팀없음,소속팀없음,소속팀없음,소속팀없음,소속팀없음,소속팀없음
권영진,78863,소속팀없음,소속팀없음,SK,소속팀없음,소속팀없음,소속팀없음,소속팀없음,소속팀없음,소속팀없음,소속팀없음,소속팀없음
권오준,99445,삼성,삼성,삼성,소속팀없음,삼성,삼성,삼성,삼성,삼성,삼성,삼성
권용관,95158,LG-SK,SK,SK,LG,LG,한화,한화,소속팀없음,소속팀없음,소속팀없음,소속팀없음
권정웅,65412,소속팀없음,소속팀없음,소속팀없음,소속팀없음,소속팀없음,소속팀없음,삼성,삼성,삼성,소속팀없음,소속팀없음
권혁,72447,삼성,삼성,삼성,삼성,삼성,한화,한화,한화,한화,두산,두산
권휘,50203,소속팀없음,소속팀없음,소속팀없음,소속팀없음,소속팀없음,소속팀없음,소속팀없음,소속팀없음,소속팀없음,소속팀없음,두산
권희동,63963,소속팀없음,소속팀없음,소속팀없음,NC,NC,소속팀없음,NC,NC,NC,NC,NC
글로버,79858,SK,SK,소속팀없음,소속팀없음,소속팀없음,소속팀없음,소속팀없음,소속팀없음,소속팀없음,소속팀없음,소속팀없음
금민철,75258,키움,키움,소속팀없음,소속팀없음,키움,키움,키움,키움,KT,KT,KT
김강,77733,한화,한화,소속팀없음,소속팀없음,소속팀없음,소속팀없음,소속팀없음,소속팀없음,소속팀없음,소속팀없음,소속팀없음
김강래,63797,소속팀없음,소속팀없음,소속팀없음,소속팀없음,소속팀없음,소속팀없음,소속팀없음,소속팀없음,소속팀없음,소속팀없음,소속팀없음
김강률,77263,소속팀없음,두산,두산,두산,두산,두산,두산,두산,두산,소속팀없음,두산
김강민,71837,SK,SK,SK,SK,SK,SK,SK,SK,SK,SK,SK
김강석,79704,한화,소속팀없음,소속팀없음,소속팀없음,소속팀없음,소속팀없음,소속팀없음,소속팀없음,소속팀없음,소속팀없음,소속팀없음
김강익,86992,소속팀없음,소속팀없음,소속팀없음,소속팀없음,소속팀없음,소속팀없음,소속팀없음,소속팀없음,소속팀없음,소속팀없음,소속팀없음
김건국,76225,소속팀없음,소속팀없음,소속팀없음,소속팀없음,소속팀없음,소속팀없음,소속팀없음,소속팀없음,롯데,롯데,롯데
김건태,60339,소속팀없음,소속팀없음,소속팀없음,소속팀없음,소속팀없음,소속팀없음,소속팀없음,키움,NC,NC,NC
김건필,78440,소속팀없음,소속팀없음,소속팀없음,소속팀없음,소속팀없음,소속팀없음,소속팀없음,소속팀없음,소속팀없음,소속팀없음,소속팀없음
김건한,71851,기아,기아,기아-삼성,삼성,삼성,삼성,삼성,소속팀없음,소속팀없음,소속팀없음,소속팀없음
김경모,78409,소속팀없음,소속팀없음,삼성,소속팀없음,소속팀없음,소속팀없음,소속팀없음,소속팀없음,소속팀없음,소속팀없음,소속팀없음
김경언,71610,한화,한화,한화,한화,한화,한화,한화,한화,소속팀없음,소속팀없음,소속팀없음
김경태,60757,소속팀없음,한화,한화,한화,소속팀없음,소속팀없음,한화,한화,한화,한화,소속팀없음
김경호,64260,소속팀없음,소속팀없음,소속팀없음,소속팀없음,소속팀없음,소속팀없음,소속팀없음,소속팀없음,소속팀없음,두산,SK
김광삼,99152,LG,LG,LG,소속팀없음,소속팀없음,LG,소속팀없음,소속팀없음,소속팀없음,소속팀없음,소속팀없음
김광수,70142,LG,LG-한화,한화,한화,한화,기아,기아,기아,소속팀없음,소속팀없음,소속팀없음
김광연,63601,소속팀없음,소속팀없음,소속팀없음,기아,기아,소속팀없음,소속팀없음,소속팀없음,소속팀없음,소속팀없음,소속팀없음
김광현,77829,SK,SK,SK,SK,SK,SK,SK,소속팀없음,SK,SK,소속팀없음
김규민,62356,소속팀없음,소속팀없음,소속팀없음,소속팀없음,소속팀없음,소속팀없음,소속팀없음,키움,키움,키움,키움
김규성,66614,소속팀없음,소속팀없음,소속팀없음,소속팀없음,소속팀없음,소속팀없음,소속팀없음,소속팀없음,소속팀없음,소속팀없음,기아
김기연,66112,소속팀없음,소속팀없음,소속팀없음,소속팀없음,소속팀없음,소속팀없음,소속팀없음,소속팀없음,LG,소속팀없음,소속팀없음
김기태,76461,소속팀없음,소속팀없음,삼성,삼성,삼성,삼성,삼성,소속팀없음,삼성,소속팀없음,소속팀없음
김기표,76119,LG,LG,LG,LG,LG,KT,소속팀없음,소속팀없음,소속팀없음,소속팀없음,소속팀없음
김기현,62919,소속팀없음,소속팀없음,소속팀없음,소속팀없음,한화,한화,소속팀없음,소속팀없음,소속팀없음,소속팀없음,소속팀없음
김기현,77869,소속팀없음,소속팀없음,소속팀없음,소속팀없음,소속팀없음,SK,SK,소속팀없음,소속팀없음,소속팀없음,소속팀없음
김기환,65462,소속팀없음,소속팀없음,소속팀없음,소속팀없음,소속팀없음,소속팀없음,소속팀없음,소속팀없음,소속팀없음,소속팀없음,NC
김기훈,69620,소속팀없음,소속팀없음,소속팀없음,소속팀없음,소속팀없음,소속팀없음,소속팀없음,소속팀없음,소속팀없음,기아,기아
김남형,77314,소속팀없음,소속팀없음,키움,소속팀없음,소속팀없음,소속팀없음,소속팀없음,소속팀없음,소속팀없음,소속팀없음,소속팀없음
김다원,78765,한화-기아,기아,소속팀없음,소속팀없음,기아,기아,기아,소속팀없음,소속팀없음,소속팀없음,소속팀없음
김대륙,65513,소속팀없음,소속팀없음,소속팀없음,소속팀없음,소속팀없음,롯데,롯데,롯데,소속팀없음,소속팀없음,소속팀없음
김대우,61365,소속팀없음,키움,소속팀없음,소속팀없음,키움,키움,삼성,삼성,삼성,삼성,롯데
김대우,78536,롯데,소속팀없음,롯데,롯데,롯데,롯데,롯데,롯데,롯데,소속팀없음,삼성
김대유,60337,소속팀없음,소속팀없음,소속팀없음,소속팀없음,SK,소속팀없음,소속팀없음,SK,소속팀없음,KT,LG
김대한,69238,소속팀없음,소속팀없음,소속팀없음,소속팀없음,소속팀없음,소속팀없음,소속팀없음,소속팀없음,소속팀없음,두산,소속팀없음
김대현,66145,소속팀없음,소속팀없음,소속팀없음,소속팀없음,소속팀없음,소속팀없음,LG,LG,LG,LG,LG
김도영,66098,소속팀없음,소속팀없음,소속팀없음,소속팀없음,소속팀없음,소속팀없음,소속팀없음,KT,소속팀없음,소속팀없음,소속팀없음
김도현,61360,소속팀없음,키움,SK,SK,SK,소속팀없음,소속팀없음,소속팀없음,소속팀없음,소속팀없음,소속팀없음
김도환,50116,소속팀없음,소속팀없음,소속팀없음,소속팀없음,소속팀없음,소속팀없음,소속팀없음,소속팀없음,소속팀없음,소속팀없음,삼성
김도환,69442,소속팀없음,소속팀없음,소속팀없음,소속팀없음,소속팀없음,소속팀없음,소속팀없음,소속팀없음,소속팀없음,삼성,LG
김동건,71806,소속팀없음,소속팀없음,소속팀없음,NC,소속팀없음,소속팀없음,소속팀없음,소속팀없음,소속팀없음,소속팀없음,소속팀없음
김동길,60296,두산,두산,소속팀없음,소속팀없음,소속팀없음,소속팀없음,소속팀없음,소속팀없음,소속팀없음,소속팀없음,소속팀없음
김동엽,66838,소속팀없음,소속팀없음,소속팀없음,소속팀없음,소속팀없음,소속팀없음,SK,SK,SK,삼성,삼성
김동영,75739,한화,소속팀없음,소속팀없음,소속팀없음,소속팀없음,소속팀없음,소속팀없음,소속팀없음,소속팀없음,소속팀없음,소속팀없음
김동욱,77462,소속팀없음,소속팀없음,삼성,삼성,소속팀없음,KT,KT,KT,KT,소속팀없음,소속팀없음
김동욱,50393,소속팀없음,소속팀없음,소속팀없음,소속팀없음,소속팀없음,소속팀없음,소속팀없음,소속팀없음,소속팀없음,소속팀없음,소속팀없음
김동은,50395,소속팀없음,소속팀없음,소속팀없음,소속팀없음,소속팀없음,소속팀없음,소속팀없음,소속팀없음,소속팀없음,소속팀없음,소속팀없음
김동은,60496,소속팀없음,소속팀없음,소속팀없음,소속팀없음,소속팀없음,KT,KT,소속팀없음,소속팀없음,소속팀없음,소속팀없음
김동주,98218,두산,두산,두산,두산,소속팀없음,소속팀없음,소속팀없음,소속팀없음,소속팀없음,소속팀없음,소속팀없음
김태훈,62360,소속팀없음,소속팀없음,소속팀없음,소속팀없음,키움,키움,소속팀없음,소속팀없음,키움,키움,키움
김동한,61204,소속팀없음,소속팀없음,두산,두산,소속팀없음,소속팀없음,두산-롯데,롯데,롯데,롯데,롯데
김동혁,50360,소속팀없음,소속팀없음,소속팀없음,소속팀없음,소속팀없음,소속팀없음,소속팀없음,소속팀없음,소속팀없음,소속팀없음,키움
김동호,79791,소속팀없음,소속팀없음,소속팀없음,소속팀없음,소속팀없음,소속팀없음,삼성,삼성,소속팀없음,소속팀없음,소속팀없음
김만수,65044,소속팀없음,소속팀없음,소속팀없음,소속팀없음,소속팀없음,소속팀없음,KT,KT,소속팀없음,소속팀없음,소속팀없음
김명성,61527,소속팀없음,롯데,소속팀없음,두산,두산,두산,소속팀없음,소속팀없음,소속팀없음,소속팀없음,소속팀없음
김명신,67246,소속팀없음,소속팀없음,소속팀없음,소속팀없음,소속팀없음,소속팀없음,소속팀없음,두산,소속팀없음,소속팀없음,두산
김명찬,65696,소속팀없음,소속팀없음,소속팀없음,소속팀없음,소속팀없음,기아,기아,기아,소속팀없음,소속팀없음,기아
김문호,76509,소속팀없음,롯데,롯데,롯데,롯데,롯데,롯데,롯데,롯데,롯데,한화
김민,68043,소속팀없음,소속팀없음,소속팀없음,소속팀없음,소속팀없음,소속팀없음,소속팀없음,소속팀없음,KT,KT,KT
김민겸,60055,소속팀없음,소속팀없음,소속팀없음,소속팀없음,소속팀없음,소속팀없음,소속팀없음,소속팀없음,소속팀없음,소속팀없음,소속팀없음
김민국,94821,소속팀없음,소속팀없음,소속팀없음,소속팀없음,소속팀없음,소속팀없음,소속팀없음,소속팀없음,소속팀없음,소속팀없음,소속팀없음
김민규,68200,소속팀없음,소속팀없음,소속팀없음,소속팀없음,소속팀없음,소속팀없음,소속팀없음,소속팀없음,두산,두산,두산
김민기,50573,소속팀없음,소속팀없음,소속팀없음,소속팀없음,소속팀없음,소속팀없음,소속팀없음,소속팀없음,소속팀없음,소속팀없음,소속팀없음
김민범,93367,소속팀없음,소속팀없음,소속팀없음,소속팀없음,소속팀없음,소속팀없음,소속팀없음,소속팀없음,소속팀없음,소속팀없음,소속팀없음
김민성,77564,롯데-키움,키움,키움,키움,키움,키움,키움,키움,키움,LG,LG
김민수,65048,소속팀없음,소속팀없음,소속팀없음,소속팀없음,소속팀없음,KT,KT,소속팀없음,KT,KT,KT
김민수,67504,소속팀없음,소속팀없음,소속팀없음,소속팀없음,소속팀없음,소속팀없음,소속팀없음,롯데,소속팀없음,롯데,롯데
김민수,64793,소속팀없음,소속팀없음,소속팀없음,소속팀없음,한화,소속팀없음,소속팀없음,삼성,삼성,삼성,삼성
김민식,62864,소속팀없음,소속팀없음,소속팀없음,소속팀없음,소속팀없음,SK,SK,SK-기아,기아,기아,기아
김민우,65764,소속팀없음,소속팀없음,소속팀없음,소속팀없음,소속팀없음,한화,한화,한화,한화,한화,한화
김민우,72303,키움,키움,키움,키움,기아,기아,기아,소속팀없음,소속팀없음,소속팀없음,소속팀없음
김민준,63339,소속팀없음,소속팀없음,소속팀없음,소속팀없음,소속팀없음,키움,키움,키움,소속팀없음,소속팀없음,소속팀없음
김민하,61554,소속팀없음,롯데,소속팀없음,소속팀없음,롯데,롯데,롯데,소속팀없음,한화,한화,한화
김민혁,64004,소속팀없음,소속팀없음,소속팀없음,소속팀없음,소속팀없음,KT,KT,소속팀없음,소속팀없음,KT,KT
김민혁,65269,소속팀없음,소속팀없음,소속팀없음,소속팀없음,소속팀없음,소속팀없음,소속팀없음,두산,두산,소속팀없음,소속팀없음
김범수,65769,소속팀없음,소속팀없음,소속팀없음,소속팀없음,소속팀없음,한화,한화,한화,한화,한화,한화
김병현,67768,소속팀없음,소속팀없음,키움,키움,기아,기아,소속팀없음,소속팀없음,소속팀없음,소속팀없음,소속팀없음
김병휘,50304,소속팀없음,소속팀없음,소속팀없음,소속팀없음,소속팀없음,소속팀없음,소속팀없음,소속팀없음,소속팀없음,소속팀없음,키움
김병희,64014,소속팀없음,소속팀없음,소속팀없음,소속팀없음,소속팀없음,소속팀없음,소속팀없음,소속팀없음,소속팀없음,KT,KT
김사율,99563,롯데,롯데,롯데,롯데,롯데,KT,KT,KT,KT,소속팀없음,소속팀없음
김사훈,61591,소속팀없음,소속팀없음,롯데,롯데,롯데,소속팀없음,롯데,롯데,롯데,롯데,소속팀없음
김상수,79402,삼성,삼성,삼성,삼성,삼성,삼성,삼성,삼성,삼성,삼성,삼성
김상수,76430,키움,키움,키움,키움,소속팀없음,키움,키움,키움,키움,키움,키움
김상현,70646,기아,기아,기아,기아-SK,SK,KT,KT,소속팀없음,소속팀없음,소속팀없음,소속팀없음
김상호,62559,소속팀없음,소속팀없음,롯데,롯데,소속팀없음,소속팀없음,롯데,롯데,소속팀없음,소속팀없음,소속팀없음
김상훈,70612,기아,기아,기아,기아,기아,소속팀없음,소속팀없음,소속팀없음,소속팀없음,소속팀없음,소속팀없음
김석환,67610,소속팀없음,소속팀없음,소속팀없음,소속팀없음,소속팀없음,소속팀없음,소속팀없음,소속팀없음,기아,소속팀없음,소속팀없음
김선규,75852,SK-LG,LG,LG,LG,LG,LG,NC,소속팀없음,소속팀없음,소속팀없음,소속팀없음
김선기,66018,소속팀없음,소속팀없음,소속팀없음,소속팀없음,소속팀없음,소속팀없음,소속팀없음,소속팀없음,키움,키움,키움
김선빈,78603,기아,기아,기아,기아,기아,소속팀없음,기아,기아,기아,기아,기아
김선우,78232,두산,두산,두산,두산,LG,소속팀없음,소속팀없음,소속팀없음,소속팀없음,소속팀없음,소속팀없음
김성계,74651,소속팀없음,소속팀없음,기아,소속팀없음,소속팀없음,소속팀없음,소속팀없음,소속팀없음,소속팀없음,소속팀없음,소속팀없음
김성민,69860,소속팀없음,소속팀없음,소속팀없음,소속팀없음,소속팀없음,소속팀없음,소속팀없음,SK,소속팀없음,SK,키움
김성민,50848,소속팀없음,소속팀없음,소속팀없음,소속팀없음,소속팀없음,소속팀없음,소속팀없음,소속팀없음,소속팀없음,소속팀없음,SK
김성민,50294,소속팀없음,소속팀없음,소속팀없음,소속팀없음,소속팀없음,소속팀없음,소속팀없음,소속팀없음,소속팀없음,소속팀없음,두산
김성민,67828,소속팀없음,소속팀없음,소속팀없음,소속팀없음,소속팀없음,소속팀없음,소속팀없음,키움,키움,키움,SK
김성배,73226,두산,두산,롯데,롯데,롯데,롯데,롯데-두산,두산,소속팀없음,소속팀없음,소속팀없음
김성욱,62934,소속팀없음,소속팀없음,소속팀없음,NC,NC,NC,NC,NC,NC,NC,NC
김성윤,67449,소속팀없음,소속팀없음,소속팀없음,소속팀없음,소속팀없음,소속팀없음,소속팀없음,삼성,삼성,소속팀없음,소속팀없음
김성재,66565,소속팀없음,소속팀없음,소속팀없음,소속팀없음,소속팀없음,소속팀없음,롯데,소속팀없음,소속팀없음,소속팀없음,소속팀없음
김성태,70345,키움,키움,소속팀없음,소속팀없음,소속팀없음,소속팀없음,소속팀없음,소속팀없음,소속팀없음,소속팀없음,소속팀없음
김성표,63435,소속팀없음,소속팀없음,소속팀없음,소속팀없음,소속팀없음,소속팀없음,소속팀없음,소속팀없음,소속팀없음,소속팀없음,삼성
김성현,76802,소속팀없음,SK,SK,SK,SK,SK,SK,SK,SK,SK,SK
김성현,78353,키움,키움-LG,소속팀없음,소속팀없음,소속팀없음,소속팀없음,소속팀없음,소속팀없음,소속팀없음,소속팀없음,소속팀없음
김성호,62591,소속팀없음,소속팀없음,롯데,소속팀없음,소속팀없음,소속팀없음,소속팀없음,소속팀없음,소속팀없음,소속팀없음,소속팀없음
김성훈,69098,소속팀없음,소속팀없음,소속팀없음,소속팀없음,소속팀없음,소속팀없음,소속팀없음,소속팀없음,소속팀없음,소속팀없음,KT
김성훈,67762,소속팀없음,소속팀없음,소속팀없음,소속팀없음,소속팀없음,소속팀없음,소속팀없음,소속팀없음,한화,한화,소속팀없음
김성훈,66462,소속팀없음,소속팀없음,소속팀없음,소속팀없음,소속팀없음,소속팀없음,소속팀없음,삼성,삼성,삼성,KT
김세현,76350,소속팀없음,키움,키움,키움,키움,키움,키움,기아-키움,기아,기아,SK
김수경,98330,키움,키움,키움,소속팀없음,소속팀없음,소속팀없음,소속팀없음,소속팀없음,소속팀없음,소속팀없음,소속팀없음
김수완,78550,롯데,롯데,롯데,롯데,두산,두산,소속팀없음,소속팀없음,소속팀없음,소속팀없음,소속팀없음
김수환,68346,소속팀없음,소속팀없음,소속팀없음,소속팀없음,소속팀없음,소속팀없음,소속팀없음,소속팀없음,소속팀없음,소속팀없음,키움
김승범,68616,소속팀없음,소속팀없음,소속팀없음,소속팀없음,소속팀없음,소속팀없음,소속팀없음,소속팀없음,소속팀없음,기아,기아
김승현,66492,소속팀없음,소속팀없음,소속팀없음,소속팀없음,소속팀없음,소속팀없음,삼성,삼성,삼성,삼성,소속팀없음
김승회,73248,두산,두산,두산,롯데,롯데,롯데,SK,두산,두산,두산,소속팀없음
김시현,67467,소속팀없음,소속팀없음,소속팀없음,소속팀없음,소속팀없음,소속팀없음,소속팀없음,삼성,삼성,삼성,소속팀없음
김연훈,77609,SK,SK,소속팀없음,소속팀없음,소속팀없음,SK,KT,KT,소속팀없음,소속팀없음,소속팀없음
김영규,68900,소속팀없음,소속팀없음,소속팀없음,소속팀없음,소속팀없음,소속팀없음,소속팀없음,소속팀없음,소속팀없음,NC,NC
김영준,68130,소속팀없음,소속팀없음,소속팀없음,소속팀없음,소속팀없음,소속팀없음,소속팀없음,소속팀없음,LG,소속팀없음,소속팀없음
김영환,63448,소속팀없음,소속팀없음,소속팀없음,소속팀없음,소속팀없음,KT,KT,소속팀없음,KT,KT,KT
김영훈,62407,소속팀없음,소속팀없음,삼성,소속팀없음,소속팀없음,소속팀없음,소속팀없음,소속팀없음,소속팀없음,소속팀없음,소속팀없음
김용섭,76868,소속팀없음,SK,소속팀없음,소속팀없음,소속팀없음,소속팀없음,소속팀없음,소속팀없음,소속팀없음,소속팀없음,소속팀없음
김용의,78217,소속팀없음,소속팀없음,LG,LG,LG,LG,LG,LG,LG,LG,LG
김용주,60764,한화,소속팀없음,소속팀없음,한화,소속팀없음,한화,한화,소속팀없음,KT,소속팀없음,소속팀없음
김용하,68453,소속팀없음,소속팀없음,소속팀없음,소속팀없음,소속팀없음,소속팀없음,소속팀없음,소속팀없음,삼성,소속팀없음,소속팀없음
김용호,61710,소속팀없음,한화,소속팀없음,소속팀없음,소속팀없음,소속팀없음,소속팀없음,소속팀없음,소속팀없음,소속팀없음,소속팀없음
김웅빈,65898,소속팀없음,소속팀없음,소속팀없음,소속팀없음,소속팀없음,소속팀없음,키움,키움,소속팀없음,키움,키움
김원석,62768,소속팀없음,소속팀없음,소속팀없음,소속팀없음,소속팀없음,소속팀없음,한화,한화,소속팀없음,소속팀없음,소속팀없음
김원섭,71207,기아,기아,기아,기아,기아,기아,기아,소속팀없음,소속팀없음,소속팀없음,소속팀없음
김원중,62528,소속팀없음,소속팀없음,소속팀없음,소속팀없음,소속팀없음,롯데,롯데,롯데,롯데,롯데,롯데
김원형,91848,SK,소속팀없음,소속팀없음,소속팀없음,소속팀없음,소속팀없음,소속팀없음,소속팀없음,소속팀없음,소속팀없음,소속팀없음
김유신,68659,소속팀없음,소속팀없음,소속팀없음,소속팀없음,소속팀없음,소속팀없음,소속팀없음,소속팀없음,기아,소속팀없음,소속팀없음
김유영,64596,소속팀없음,소속팀없음,소속팀없음,소속팀없음,롯데,소속팀없음,롯데,롯데,소속팀없음,소속팀없음,롯데
김윤동,62648,소속팀없음,소속팀없음,소속팀없음,기아,소속팀없음,소속팀없음,기아,기아,기아,기아,소속팀없음
김윤수,68403,소속팀없음,소속팀없음,소속팀없음,소속팀없음,소속팀없음,소속팀없음,소속팀없음,소속팀없음,소속팀없음,삼성,삼성
김윤식,50157,소속팀없음,소속팀없음,소속팀없음,소속팀없음,소속팀없음,소속팀없음,소속팀없음,소속팀없음,소속팀없음,소속팀없음,LG
김윤환,64396,소속팀없음,소속팀없음,소속팀없음,소속팀없음,소속팀없음,소속팀없음,키움,소속팀없음,소속팀없음,소속팀없음,소속팀없음
김은성,65304,소속팀없음,소속팀없음,소속팀없음,소속팀없음,소속팀없음,소속팀없음,소속팀없음,소속팀없음,소속팀없음,키움,키움
김응민,60288,소속팀없음,소속팀없음,소속팀없음,소속팀없음,두산,두산,소속팀없음,소속팀없음,삼성,삼성,삼성
김이환,69745,소속팀없음,소속팀없음,소속팀없음,소속팀없음,소속팀없음,소속팀없음,소속팀없음,소속팀없음,소속팀없음,한화,한화
김인태,63257,소속팀없음,소속팀없음,소속팀없음,소속팀없음,소속팀없음,소속팀없음,두산,두산,두산,두산,두산
김인환,66715,소속팀없음,소속팀없음,소속팀없음,소속팀없음,소속팀없음,소속팀없음,소속팀없음,소속팀없음,한화,한화,소속팀없음
김일경,97300,키움,키움,LG,소속팀없음,소속팀없음,소속팀없음,소속팀없음,소속팀없음,소속팀없음,소속팀없음,소속팀없음
김일엽,78543,롯데,롯데,롯데,한화,소속팀없음,소속팀없음,소속팀없음,소속팀없음,소속팀없음,소속팀없음,소속팀없음
김재균,68908,소속팀없음,소속팀없음,소속팀없음,소속팀없음,소속팀없음,소속팀없음,소속팀없음,소속팀없음,NC,소속팀없음,소속팀없음
김재민,63125,소속팀없음,소속팀없음,소속팀없음,LG,LG,소속팀없음,소속팀없음,소속팀없음,소속팀없음,소속팀없음,소속팀없음
김재성,65132,소속팀없음,소속팀없음,소속팀없음,소속팀없음,소속팀없음,LG,소속팀없음,소속팀없음,소속팀없음,LG,소속팀없음
김재영,66741,소속팀없음,소속팀없음,소속팀없음,소속팀없음,소속팀없음,소속팀없음,한화,한화,한화,한화,소속팀없음
김재우,60759,한화,소속팀없음,소속팀없음,소속팀없음,소속팀없음,소속팀없음,소속팀없음,소속팀없음,소속팀없음,소속팀없음,소속팀없음
김재웅,67391,소속팀없음,소속팀없음,소속팀없음,소속팀없음,소속팀없음,소속팀없음,소속팀없음,소속팀없음,소속팀없음,소속팀없음,키움
김재유,65506,소속팀없음,소속팀없음,소속팀없음,소속팀없음,소속팀없음,롯데,롯데,롯데,소속팀없음,소속팀없음,롯데
김재윤,65062,소속팀없음,소속팀없음,소속팀없음,소속팀없음,소속팀없음,KT,KT,KT,KT,KT,KT
김재율,61114,소속팀없음,LG,LG,소속팀없음,소속팀없음,LG,소속팀없음,LG,LG,LG,소속팀없음
김재현,94107,SK,소속팀없음,소속팀없음,소속팀없음,소속팀없음,소속팀없음,소속팀없음,소속팀없음,소속팀없음,소속팀없음,소속팀없음
김재현,98776,한화,소속팀없음,소속팀없음,소속팀없음,소속팀없음,소속팀없음,소속팀없음,소속팀없음,소속팀없음,소속팀없음,소속팀없음
김재현,64499,소속팀없음,소속팀없음,소속팀없음,소속팀없음,삼성,삼성,삼성,소속팀없음,삼성,삼성,삼성
김재현,76869,소속팀없음,소속팀없음,SK,SK,SK,SK,SK,SK,SK,SK,SK
김재현,62332,소속팀없음,소속팀없음,소속팀없음,소속팀없음,소속팀없음,키움,키움,키움,키움,소속팀없음,키움
김재호,74206,두산,두산,두산,두산,두산,두산,두산,두산,두산,두산,두산
김재환,78224,소속팀없음,두산,두산,소속팀없음,두산,두산,두산,두산,두산,두산,두산
김정남,79868,소속팀없음,SK,소속팀없음,소속팀없음,소속팀없음,소속팀없음,소속팀없음,소속팀없음,소속팀없음,소속팀없음,소속팀없음
김정빈,63894,소속팀없음,소속팀없음,소속팀없음,소속팀없음,소속팀없음,소속팀없음,소속팀없음,SK,소속팀없음,소속팀없음,SK
김정우,68830,소속팀없음,소속팀없음,소속팀없음,소속팀없음,소속팀없음,소속팀없음,소속팀없음,소속팀없음,소속팀없음,SK,소속팀없음
김정인,65392,소속팀없음,소속팀없음,소속팀없음,소속팀없음,소속팀없음,키움,키움,키움,키움,소속팀없음,소속팀없음
김정혁,61463,소속팀없음,삼성,소속팀없음,소속팀없음,삼성,삼성,삼성,삼성,소속팀없음,소속팀없음,소속팀없음
김정현,72548,소속팀없음,소속팀없음,소속팀없음,소속팀없음,소속팀없음,소속팀없음,소속팀없음,소속팀없음,소속팀없음,소속팀없음,소속팀없음
김정후,61962,소속팀없음,소속팀없음,소속팀없음,SK,소속팀없음,소속팀없음,소속팀없음,소속팀없음,두산,LG,키움
김정훈,60860,키움,SK,키움,SK,SK,키움,키움,소속팀없음,소속팀없음,소속팀없음,소속팀없음
김종덕,66392,소속팀없음,소속팀없음,소속팀없음,소속팀없음,소속팀없음,소속팀없음,소속팀없음,소속팀없음,키움,소속팀없음,소속팀없음
김종민,79364,소속팀없음,소속팀없음,소속팀없음,소속팀없음,소속팀없음,KT,KT,NC,NC,한화,소속팀없음
김종수,63765,소속팀없음,소속팀없음,소속팀없음,소속팀없음,소속팀없음,소속팀없음,소속팀없음,소속팀없음,한화,한화,한화
김종찬,60032,소속팀없음,소속팀없음,소속팀없음,NC,소속팀없음,소속팀없음,소속팀없음,소속팀없음,소속팀없음,소속팀없음,소속팀없음
김종호,77454,소속팀없음,삼성,삼성,NC,NC,NC,NC,NC,소속팀없음,소속팀없음,소속팀없음
김종훈,62696,소속팀없음,소속팀없음,기아,소속팀없음,소속팀없음,소속팀없음,소속팀없음,기아,소속팀없음,소속팀없음,소속팀없음
김주성,66162,소속팀없음,소속팀없음,소속팀없음,소속팀없음,소속팀없음,소속팀없음,소속팀없음,LG,소속팀없음,소속팀없음,소속팀없음
김주온,65411,소속팀없음,소속팀없음,소속팀없음,소속팀없음,소속팀없음,소속팀없음,소속팀없음,소속팀없음,소속팀없음,소속팀없음,SK
김주찬,70410,롯데,롯데,롯데,기아,기아,기아,기아,기아,기아,기아,기아
김주한,66859,소속팀없음,소속팀없음,소속팀없음,소속팀없음,소속팀없음,소속팀없음,SK,SK,SK,SK,SK
김주현,66749,소속팀없음,소속팀없음,소속팀없음,소속팀없음,소속팀없음,소속팀없음,한화,한화,소속팀없음,소속팀없음,소속팀없음
김주현,77669,소속팀없음,소속팀없음,소속팀없음,소속팀없음,롯데,롯데,롯데,롯데,소속팀없음,소속팀없음,소속팀없음
김주형,74605,소속팀없음,기아,기아,기아,기아,기아,기아,기아,기아,소속팀없음,소속팀없음
김주형,69306,소속팀없음,소속팀없음,소속팀없음,소속팀없음,소속팀없음,소속팀없음,소속팀없음,소속팀없음,소속팀없음,키움,키움
김준,78823,소속팀없음,소속팀없음,SK,SK,기아,기아,소속팀없음,소속팀없음,소속팀없음,소속팀없음,소속팀없음
김준무,76667,소속팀없음,소속팀없음,소속팀없음,소속팀없음,소속팀없음,소속팀없음,소속팀없음,소속팀없음,소속팀없음,소속팀없음,소속팀없음
김준연,69394,소속팀없음,소속팀없음,소속팀없음,소속팀없음,소속팀없음,소속팀없음,소속팀없음,소속팀없음,소속팀없음,소속팀없음,소속팀없음
김준완,63920,소속팀없음,소속팀없음,소속팀없음,NC,NC,NC,NC,NC,소속팀없음,NC,NC
김준용,64569,소속팀없음,소속팀없음,소속팀없음,소속팀없음,소속팀없음,소속팀없음,소속팀없음,소속팀없음,소속팀없음,소속팀없음,소속팀없음
김준우,69404,소속팀없음,소속팀없음,소속팀없음,소속팀없음,소속팀없음,소속팀없음,소속팀없음,소속팀없음,소속팀없음,소속팀없음,소속팀없음
김준태,62558,소속팀없음,소속팀없음,소속팀없음,롯데,소속팀없음,롯데,롯데,소속팀없음,소속팀없음,롯데,롯데
김준현,66943,소속팀없음,소속팀없음,소속팀없음,소속팀없음,소속팀없음,소속팀없음,소속팀없음,소속팀없음,소속팀없음,소속팀없음,소속팀없음
김준호,77156,LG,한화,소속팀없음,소속팀없음,소속팀없음,소속팀없음,소속팀없음,소속팀없음,소속팀없음,소속팀없음,소속팀없음
김준환,95914,소속팀없음,소속팀없음,소속팀없음,소속팀없음,소속팀없음,소속팀없음,소속팀없음,소속팀없음,소속팀없음,소속팀없음,소속팀없음
김지성,62007,소속팀없음,소속팀없음,소속팀없음,소속팀없음,소속팀없음,소속팀없음,LG,기아,기아,소속팀없음,소속팀없음
김지수,65503,소속팀없음,소속팀없음,소속팀없음,소속팀없음,소속팀없음,소속팀없음,롯데,소속팀없음,소속팀없음,소속팀없음,한화
김지수,79300,키움,소속팀없음,소속팀없음,키움,키움,키움,키움,키움,키움,키움,소속팀없음
김지열,78753,소속팀없음,소속팀없음,소속팀없음,소속팀없음,소속팀없음,KT,KT,KT,KT,소속팀없음,소속팀없음
김지용,60181,LG,소속팀없음,소속팀없음,소속팀없음,소속팀없음,LG,LG,LG,LG,소속팀없음,소속팀없음
김지찬,50458,소속팀없음,소속팀없음,소속팀없음,소속팀없음,소속팀없음,소속팀없음,소속팀없음,소속팀없음,소속팀없음,소속팀없음,삼성
김지훈,64640,소속팀없음,소속팀없음,소속팀없음,소속팀없음,기아,소속팀없음,소속팀없음,소속팀없음,소속팀없음,소속팀없음,소속팀없음
김진곤,63088,소속팀없음,소속팀없음,소속팀없음,소속팀없음,소속팀없음,KT,KT,KT,KT,KT,소속팀없음
김진성,75867,소속팀없음,소속팀없음,소속팀없음,NC,NC,NC,NC,NC,NC,NC,NC
김진영,67737,소속팀없음,소속팀없음,소속팀없음,소속팀없음,소속팀없음,소속팀없음,소속팀없음,한화,한화,한화,한화
김진우,72641,소속팀없음,기아,기아,기아,기아,기아,기아,기아,소속팀없음,소속팀없음,소속팀없음
김진욱,68701,소속팀없음,소속팀없음,소속팀없음,소속팀없음,소속팀없음,소속팀없음,소속팀없음,소속팀없음,한화,한화,한화
김진형,79234,소속팀없음,소속팀없음,소속팀없음,소속팀없음,두산,두산,소속팀없음,소속팀없음,소속팀없음,NC,소속팀없음
김진호,67954,소속팀없음,소속팀없음,소속팀없음,소속팀없음,소속팀없음,소속팀없음,소속팀없음,소속팀없음,소속팀없음,소속팀없음,NC
김찬형,66917,소속팀없음,소속팀없음,소속팀없음,소속팀없음,소속팀없음,소속팀없음,소속팀없음,NC,NC,NC,NC
김찬호,66801,소속팀없음,소속팀없음,소속팀없음,소속팀없음,소속팀없음,소속팀없음,소속팀없음,SK,소속팀없음,소속팀없음,SK
김창평,69825,소속팀없음,소속팀없음,소속팀없음,소속팀없음,소속팀없음,소속팀없음,소속팀없음,소속팀없음,소속팀없음,SK,SK
김창혁,60184,소속팀없음,소속팀없음,소속팀없음,소속팀없음,소속팀없음,소속팀없음,소속팀없음,소속팀없음,한화,한화,소속팀없음
김창훈,74728,두산,두산,두산,두산,소속팀없음,소속팀없음,소속팀없음,소속팀없음,소속팀없음,소속팀없음,소속팀없음
김철호,68906,소속팀없음,소속팀없음,소속팀없음,소속팀없음,소속팀없음,소속팀없음,소속팀없음,소속팀없음,NC,NC,소속팀없음
김태군,78122,LG,LG,LG,NC,NC,NC,NC,NC,소속팀없음,NC,NC
김태균,71752,소속팀없음,소속팀없음,한화,한화,한화,한화,한화,한화,한화,한화,한화
김태근,69207,소속팀없음,소속팀없음,소속팀없음,소속팀없음,소속팀없음,소속팀없음,소속팀없음,소속팀없음,소속팀없음,두산,소속팀없음
김태연,66704,소속팀없음,소속팀없음,소속팀없음,소속팀없음,소속팀없음,소속팀없음,소속팀없음,한화,한화,한화,소속팀없음
김태영,71255,소속팀없음,두산,두산,두산,기아,기아,소속팀없음,소속팀없음,소속팀없음,소속팀없음,소속팀없음
김태오,66064,소속팀없음,소속팀없음,소속팀없음,소속팀없음,소속팀없음,소속팀없음,소속팀없음,소속팀없음,KT,KT,소속팀없음
김태완,76746,한화,소속팀없음,소속팀없음,한화,한화,한화,한화,키움,키움,소속팀없음,소속팀없음
김태완,74158,LG,LG,LG,삼성,삼성,삼성,삼성,소속팀없음,소속팀없음,소속팀없음,소속팀없음
김태우,50816,소속팀없음,소속팀없음,소속팀없음,소속팀없음,소속팀없음,소속팀없음,소속팀없음,소속팀없음,소속팀없음,소속팀없음,소속팀없음
김태우,50115,소속팀없음,소속팀없음,소속팀없음,소속팀없음,소속팀없음,소속팀없음,소속팀없음,소속팀없음,소속팀없음,소속팀없음,소속팀없음
김태우,62927,소속팀없음,소속팀없음,소속팀없음,NC,NC,소속팀없음,소속팀없음,NC,소속팀없음,소속팀없음,소속팀없음
김태진,64984,소속팀없음,소속팀없음,소속팀없음,소속팀없음,소속팀없음,NC,NC,소속팀없음,NC,NC,NC
김태형,62918,소속팀없음,소속팀없음,소속팀없음,소속팀없음,소속팀없음,소속팀없음,소속팀없음,소속팀없음,소속팀없음,소속팀없음,소속팀없음
김태형,67122,소속팀없음,소속팀없음,소속팀없음,소속팀없음,소속팀없음,소속팀없음,소속팀없음,소속팀없음,LG,소속팀없음,소속팀없음
김태훈,65040,소속팀없음,소속팀없음,소속팀없음,소속팀없음,소속팀없음,KT,소속팀없음,소속팀없음,소속팀없음,소속팀없음,KT
김태훈,60630,소속팀없음,기아,소속팀없음,소속팀없음,소속팀없음,소속팀없음,소속팀없음,소속팀없음,소속팀없음,소속팀없음,소속팀없음
김태훈,79847,SK,SK,SK,소속팀없음,소속팀없음,SK,SK,SK,SK,SK,SK
김택형,65343,소속팀없음,소속팀없음,소속팀없음,소속팀없음,소속팀없음,키움,키움,소속팀없음,SK,SK,SK
김필중,99302,소속팀없음,소속팀없음,소속팀없음,소속팀없음,소속팀없음,소속팀없음,소속팀없음,소속팀없음,소속팀없음,소속팀없음,소속팀없음
김하성,64300,소속팀없음,소속팀없음,소속팀없음,소속팀없음,키움,키움,키움,키움,키움,키움,키움
김학성,64960,소속팀없음,소속팀없음,소속팀없음,소속팀없음,소속팀없음,소속팀없음,NC,소속팀없음,소속팀없음,소속팀없음,소속팀없음
김해수,65345,소속팀없음,소속팀없음,소속팀없음,소속팀없음,소속팀없음,소속팀없음,소속팀없음,키움,소속팀없음,소속팀없음,소속팀없음
김헌곤,61404,소속팀없음,삼성,삼성,삼성,삼성,소속팀없음,소속팀없음,삼성,삼성,삼성,삼성
김혁민,77748,한화,한화,한화,한화,한화,소속팀없음,소속팀없음,소속팀없음,소속팀없음,소속팀없음,소속팀없음
김현민,69702,소속팀없음,소속팀없음,소속팀없음,소속팀없음,소속팀없음,소속팀없음,소속팀없음,소속팀없음,소속팀없음,소속팀없음,한화
김현수,69516,소속팀없음,소속팀없음,소속팀없음,소속팀없음,소속팀없음,소속팀없음,소속팀없음,소속팀없음,소속팀없음,롯데,기아
김현수,76290,두산,두산,두산,두산,두산,두산,소속팀없음,소속팀없음,LG,LG,LG
김현우,60457,삼성,소속팀없음,소속팀없음,삼성,삼성,삼성,삼성,삼성,소속팀없음,소속팀없음,소속팀없음
김현준,66630,소속팀없음,소속팀없음,소속팀없음,소속팀없음,소속팀없음,소속팀없음,소속팀없음,소속팀없음,소속팀없음,소속팀없음,기아
김형준,68912,소속팀없음,소속팀없음,소속팀없음,소속팀없음,소속팀없음,소속팀없음,소속팀없음,소속팀없음,NC,NC,NC
김형철,73827,기아,소속팀없음,소속팀없음,소속팀없음,소속팀없음,소속팀없음,소속팀없음,소속팀없음,소속팀없음,소속팀없음,소속팀없음
김혜성,67304,소속팀없음,소속팀없음,소속팀없음,소속팀없음,소속팀없음,소속팀없음,소속팀없음,키움,키움,키움,키움
김호령,65653,소속팀없음,소속팀없음,소속팀없음,소속팀없음,소속팀없음,기아,기아,기아,소속팀없음,소속팀없음,기아
김호은,66113,소속팀없음,소속팀없음,소속팀없음,소속팀없음,소속팀없음,소속팀없음,소속팀없음,소속팀없음,소속팀없음,소속팀없음,LG
김호재,64407,소속팀없음,소속팀없음,소속팀없음,소속팀없음,소속팀없음,소속팀없음,소속팀없음,소속팀없음,삼성,삼성,삼성
김호준,65522,소속팀없음,소속팀없음,소속팀없음,소속팀없음,소속팀없음,소속팀없음,소속팀없음,소속팀없음,소속팀없음,소속팀없음,롯데
김호준,68269,소속팀없음,소속팀없음,소속팀없음,소속팀없음,소속팀없음,소속팀없음,소속팀없음,소속팀없음,소속팀없음,소속팀없음,두산
김홍빈,66309,소속팀없음,소속팀없음,소속팀없음,소속팀없음,소속팀없음,소속팀없음,소속팀없음,키움,소속팀없음,소속팀없음,소속팀없음
김회성,79705,한화,한화,소속팀없음,소속팀없음,한화,한화,한화,한화,한화,한화,한화
김효남,76454,삼성,삼성,삼성,LG,소속팀없음,소속팀없음,소속팀없음,소속팀없음,소속팀없음,소속팀없음,소속팀없음
김희석,64492,소속팀없음,소속팀없음,소속팀없음,소속팀없음,삼성,소속팀없음,소속팀없음,소속팀없음,소속팀없음,소속팀없음,소속팀없음
나경민,66508,소속팀없음,소속팀없음,소속팀없음,소속팀없음,소속팀없음,소속팀없음,롯데,롯데,롯데,롯데,소속팀없음
나바로,64440,소속팀없음,소속팀없음,소속팀없음,소속팀없음,삼성,삼성,소속팀없음,소속팀없음,소속팀없음,소속팀없음,소속팀없음
나성범,62947,소속팀없음,소속팀없음,소속팀없음,NC,NC,NC,NC,NC,NC,NC,NC
나성용,61742,소속팀없음,한화,소속팀없음,소속팀없음,소속팀없음,LG,삼성,삼성,소속팀없음,소속팀없음,소속팀없음
나승현,76529,롯데,소속팀없음,소속팀없음,소속팀없음,소속팀없음,소속팀없음,소속팀없음,소속팀없음,소속팀없음,소속팀없음,소속팀없음
나원탁,67454,소속팀없음,소속팀없음,소속팀없음,소속팀없음,소속팀없음,소속팀없음,소속팀없음,삼성,롯데,소속팀없음,소속팀없음
나이트,79430,삼성,키움,키움,키움,키움,소속팀없음,소속팀없음,소속팀없음,소속팀없음,소속팀없음,소속팀없음
나균안,67539,소속팀없음,소속팀없음,소속팀없음,소속팀없음,소속팀없음,소속팀없음,소속팀없음,롯데,롯데,롯데,롯데
나주환,73209,SK,소속팀없음,소속팀없음,SK,SK,SK,SK,SK,SK,SK,기아
나지완,78629,기아,기아,기아,기아,기아,기아,기아,기아,기아,기아,기아
남경호,65264,소속팀없음,소속팀없음,소속팀없음,소속팀없음,소속팀없음,두산,소속팀없음,소속팀없음,소속팀없음,소속팀없음,소속팀없음
남윤성,67840,소속팀없음,소속팀없음,소속팀없음,소속팀없음,소속팀없음,소속팀없음,소속팀없음,소속팀없음,SK,소속팀없음,소속팀없음
남재현,66660,소속팀없음,소속팀없음,소속팀없음,소속팀없음,소속팀없음,소속팀없음,소속팀없음,기아,소속팀없음,소속팀없음,기아
남태혁,66052,소속팀없음,소속팀없음,소속팀없음,소속팀없음,소속팀없음,소속팀없음,KT,KT,KT,SK,SK
노경은,73211,두산,두산,두산,두산,두산,두산,두산-롯데,롯데,롯데,소속팀없음,롯데
노관현,66804,소속팀없음,소속팀없음,소속팀없음,소속팀없음,소속팀없음,소속팀없음,소속팀없음,기아,소속팀없음,소속팀없음,소속팀없음
노성호,62920,소속팀없음,소속팀없음,소속팀없음,NC,NC,NC,소속팀없음,소속팀없음,NC,NC,삼성
노수광,63704,소속팀없음,소속팀없음,소속팀없음,소속팀없음,한화,기아,기아,기아-SK,SK,SK,SK-한화
노시환,69737,소속팀없음,소속팀없음,소속팀없음,소속팀없음,소속팀없음,소속팀없음,소속팀없음,소속팀없음,소속팀없음,한화,한화
노진용,78149,소속팀없음,소속팀없음,소속팀없음,소속팀없음,삼성,소속팀없음,소속팀없음,소속팀없음,소속팀없음,소속팀없음,소속팀없음
노진혁,62931,소속팀없음,소속팀없음,소속팀없음,NC,NC,NC,소속팀없음,NC,NC,NC,NC
노태형,64704,소속팀없음,소속팀없음,소속팀없음,소속팀없음,소속팀없음,소속팀없음,소속팀없음,소속팀없음,소속팀없음,소속팀없음,한화
니코스키,79859,키움,소속팀없음,소속팀없음,소속팀없음,소속팀없음,소속팀없음,소속팀없음,소속팀없음,소속팀없음,소속팀없음,소속팀없음
니퍼트,61240,소속팀없음,두산,두산,두산,두산,두산,두산,두산,KT,소속팀없음,소속팀없음
다이아몬드,67815,소속팀없음,소속팀없음,소속팀없음,소속팀없음,소속팀없음,소속팀없음,소속팀없음,SK,소속팀없음,소속팀없음,소속팀없음
다익손,69861,소속팀없음,소속팀없음,소속팀없음,소속팀없음,소속팀없음,소속팀없음,소속팀없음,소속팀없음,소속팀없음,SK-롯데,소속팀없음
대니돈,66306,소속팀없음,소속팀없음,소속팀없음,소속팀없음,소속팀없음,소속팀없음,키움,키움,소속팀없음,소속팀없음,소속팀없음
댄블랙,65052,소속팀없음,소속팀없음,소속팀없음,소속팀없음,소속팀없음,KT,소속팀없음,소속팀없음,소속팀없음,소속팀없음,소속팀없음
더마트레,60139,LG,소속팀없음,소속팀없음,소속팀없음,소속팀없음,소속팀없음,소속팀없음,소속팀없음,소속팀없음,소속팀없음,소속팀없음
데스파이네,50040,소속팀없음,소속팀없음,소속팀없음,소속팀없음,소속팀없음,소속팀없음,소속팀없음,소속팀없음,소속팀없음,소속팀없음,KT
데폴라,60729,한화,한화,소속팀없음,소속팀없음,소속팀없음,소속팀없음,소속팀없음,소속팀없음,소속팀없음,소속팀없음,소속팀없음
도태훈,66965,소속팀없음,소속팀없음,소속팀없음,소속팀없음,소속팀없음,소속팀없음,NC,NC,NC,소속팀없음,소속팀없음
듀브론트,68526,소속팀없음,소속팀없음,소속팀없음,소속팀없음,소속팀없음,소속팀없음,소속팀없음,소속팀없음,롯데,소속팀없음,소속팀없음
라라,66825,소속팀없음,소속팀없음,소속팀없음,소속팀없음,소속팀없음,소속팀없음,SK,소속팀없음,소속팀없음,소속팀없음,소속팀없음
라모스,50165,소속팀없음,소속팀없음,소속팀없음,소속팀없음,소속팀없음,소속팀없음,소속팀없음,소속팀없음,소속팀없음,소속팀없음,LG
라미레즈,62699,소속팀없음,소속팀없음,기아,소속팀없음,소속팀없음,소속팀없음,소속팀없음,소속팀없음,소속팀없음,소속팀없음,소속팀없음
라이블리,69439,소속팀없음,소속팀없음,소속팀없음,소속팀없음,소속팀없음,소속팀없음,소속팀없음,소속팀없음,소속팀없음,삼성,삼성
라이트,50912,소속팀없음,소속팀없음,소속팀없음,소속팀없음,소속팀없음,소속팀없음,소속팀없음,소속팀없음,소속팀없음,소속팀없음,NC
라이트,60649,기아,소속팀없음,소속팀없음,소속팀없음,소속팀없음,소속팀없음,소속팀없음,소속팀없음,소속팀없음,소속팀없음,소속팀없음
러셀,50350,소속팀없음,소속팀없음,소속팀없음,소속팀없음,소속팀없음,소속팀없음,소속팀없음,소속팀없음,소속팀없음,소속팀없음,키움
러프,67450,소속팀없음,소속팀없음,소속팀없음,소속팀없음,소속팀없음,소속팀없음,소속팀없음,삼성,삼성,삼성,소속팀없음
레나도,67423,소속팀없음,소속팀없음,소속팀없음,소속팀없음,소속팀없음,소속팀없음,소속팀없음,삼성,소속팀없음,소속팀없음,소속팀없음
레딩,60430,삼성,소속팀없음,소속팀없음,소속팀없음,소속팀없음,소속팀없음,소속팀없음,소속팀없음,소속팀없음,소속팀없음,소속팀없음
레온,66446,소속팀없음,소속팀없음,소속팀없음,소속팀없음,소속팀없음,소속팀없음,삼성,소속팀없음,소속팀없음,소속팀없음,소속팀없음
레이예스,63857,소속팀없음,소속팀없음,소속팀없음,SK,SK,소속팀없음,소속팀없음,소속팀없음,소속팀없음,소속팀없음,소속팀없음
레일리,65546,소속팀없음,소속팀없음,소속팀없음,소속팀없음,소속팀없음,롯데,롯데,롯데,롯데,롯데,소속팀없음
로니,67134,소속팀없음,소속팀없음,소속팀없음,소속팀없음,소속팀없음,소속팀없음,소속팀없음,LG,소속팀없음,소속팀없음,소속팀없음
로드리게스,63462,소속팀없음,소속팀없음,소속팀없음,삼성,소속팀없음,소속팀없음,소속팀없음,소속팀없음,소속팀없음,소속팀없음,소속팀없음
로맥,67872,소속팀없음,소속팀없음,소속팀없음,소속팀없음,소속팀없음,소속팀없음,소속팀없음,SK,SK,SK,SK
로메로,65233,소속팀없음,소속팀없음,소속팀없음,소속팀없음,소속팀없음,두산,소속팀없음,소속팀없음,소속팀없음,소속팀없음,소속팀없음
로사리오,66740,소속팀없음,소속팀없음,소속팀없음,소속팀없음,소속팀없음,소속팀없음,한화,한화,소속팀없음,소속팀없음,소속팀없음
로위,66050,소속팀없음,소속팀없음,소속팀없음,소속팀없음,소속팀없음,소속팀없음,KT,소속팀없음,소속팀없음,소속팀없음,소속팀없음
로저스,65742,소속팀없음,소속팀없음,소속팀없음,소속팀없음,소속팀없음,한화,한화,소속팀없음,키움,소속팀없음,소속팀없음
로치,67033,소속팀없음,소속팀없음,소속팀없음,소속팀없음,소속팀없음,소속팀없음,소속팀없음,KT,소속팀없음,소속팀없음,소속팀없음
로티노,64302,소속팀없음,소속팀없음,소속팀없음,소속팀없음,키움,소속팀없음,소속팀없음,소속팀없음,소속팀없음,소속팀없음,소속팀없음
로페즈,79644,기아,기아,SK,소속팀없음,소속팀없음,소속팀없음,소속팀없음,소속팀없음,소속팀없음,소속팀없음,소속팀없음
로하스,67025,소속팀없음,소속팀없음,소속팀없음,소속팀없음,소속팀없음,소속팀없음,소속팀없음,KT,KT,KT,KT
루츠,65203,소속팀없음,소속팀없음,소속팀없음,소속팀없음,소속팀없음,두산,소속팀없음,소속팀없음,소속팀없음,소속팀없음,소속팀없음
루친스키,69940,소속팀없음,소속팀없음,소속팀없음,소속팀없음,소속팀없음,소속팀없음,소속팀없음,소속팀없음,소속팀없음,NC,NC
루카스,65137,소속팀없음,소속팀없음,소속팀없음,소속팀없음,소속팀없음,LG,소속팀없음,소속팀없음,소속팀없음,소속팀없음,소속팀없음
류승현,66615,소속팀없음,소속팀없음,소속팀없음,소속팀없음,소속팀없음,소속팀없음,소속팀없음,소속팀없음,기아,기아,소속팀없음
류은재,76656,소속팀없음,기아,소속팀없음,소속팀없음,소속팀없음,소속팀없음,소속팀없음,소속팀없음,소속팀없음,소속팀없음,소속팀없음
류재인,65908,소속팀없음,소속팀없음,소속팀없음,소속팀없음,소속팀없음,소속팀없음,소속팀없음,NC,NC,소속팀없음,소속팀없음
류제국,63111,소속팀없음,소속팀없음,소속팀없음,LG,LG,LG,LG,LG,소속팀없음,LG,소속팀없음
류지혁,62234,소속팀없음,소속팀없음,두산,소속팀없음,소속팀없음,두산,두산,두산,두산,두산,두산-기아
류택현,94228,LG,소속팀없음,LG,LG,LG,소속팀없음,소속팀없음,소속팀없음,소속팀없음,소속팀없음,소속팀없음
류현진,76715,한화,한화,한화,소속팀없음,소속팀없음,소속팀없음,소속팀없음,소속팀없음,소속팀없음,소속팀없음,소속팀없음
류형우,64164,소속팀없음,소속팀없음,소속팀없음,소속팀없음,소속팀없음,소속팀없음,소속팀없음,소속팀없음,소속팀없음,LG,소속팀없음
류희운,64029,소속팀없음,소속팀없음,소속팀없음,소속팀없음,소속팀없음,소속팀없음,KT,KT,KT,KT,KT
리오단,64157,소속팀없음,소속팀없음,소속팀없음,소속팀없음,LG,소속팀없음,소속팀없음,소속팀없음,소속팀없음,소속팀없음,소속팀없음
리즈,61158,소속팀없음,LG,LG,LG,소속팀없음,소속팀없음,소속팀없음,소속팀없음,소속팀없음,소속팀없음,소속팀없음
린드블럼,65543,소속팀없음,소속팀없음,소속팀없음,소속팀없음,소속팀없음,롯데,롯데,롯데,두산,두산,소속팀없음
마낙길,62967,소속팀없음,소속팀없음,소속팀없음,NC,NC,NC,소속팀없음,소속팀없음,소속팀없음,소속팀없음,소속팀없음
마르테,65005,소속팀없음,소속팀없음,소속팀없음,소속팀없음,소속팀없음,KT,KT,소속팀없음,소속팀없음,소속팀없음,소속팀없음
마리몬,66049,소속팀없음,소속팀없음,소속팀없음,소속팀없음,소속팀없음,소속팀없음,KT,소속팀없음,소속팀없음,소속팀없음,소속팀없음
마리오,62859,소속팀없음,소속팀없음,SK,소속팀없음,소속팀없음,소속팀없음,소속팀없음,소속팀없음,소속팀없음,소속팀없음,소속팀없음
마야,64219,소속팀없음,소속팀없음,소속팀없음,소속팀없음,두산,두산,소속팀없음,소속팀없음,소속팀없음,소속팀없음,소속팀없음
마에스트리,66748,소속팀없음,소속팀없음,소속팀없음,소속팀없음,소속팀없음,소속팀없음,한화,소속팀없음,소속팀없음,소속팀없음,소속팀없음
마일영,70329,한화,한화,한화,한화,한화,한화,소속팀없음,소속팀없음,소속팀없음,소속팀없음,소속팀없음
마정길,72749,키움,키움,소속팀없음,키움,키움,키움,키움,키움,소속팀없음,소속팀없음,소속팀없음
마차도,50506,소속팀없음,소속팀없음,소속팀없음,소속팀없음,소속팀없음,소속팀없음,소속팀없음,소속팀없음,소속팀없음,소속팀없음,롯데
마틴,64430,소속팀없음,소속팀없음,소속팀없음,소속팀없음,삼성,소속팀없음,소속팀없음,소속팀없음,소속팀없음,소속팀없음,소속팀없음
매그레인,61854,소속팀없음,SK,소속팀없음,소속팀없음,소속팀없음,소속팀없음,소속팀없음,소속팀없음,소속팀없음,소속팀없음,소속팀없음
매티스,61444,소속팀없음,삼성,소속팀없음,소속팀없음,소속팀없음,소속팀없음,소속팀없음,소속팀없음,소속팀없음,소속팀없음,소속팀없음
맥과이어,69413,소속팀없음,소속팀없음,소속팀없음,소속팀없음,소속팀없음,소속팀없음,소속팀없음,소속팀없음,소속팀없음,삼성,소속팀없음
맥그레거,66324,소속팀없음,소속팀없음,소속팀없음,소속팀없음,소속팀없음,소속팀없음,키움,소속팀없음,소속팀없음,소속팀없음,소속팀없음
맥스웰,66523,소속팀없음,소속팀없음,소속팀없음,소속팀없음,소속팀없음,소속팀없음,롯데,소속팀없음,소속팀없음,소속팀없음,소속팀없음
맨쉽,67948,소속팀없음,소속팀없음,소속팀없음,소속팀없음,소속팀없음,소속팀없음,소속팀없음,NC,소속팀없음,소속팀없음,소속팀없음
명재철,61495,소속팀없음,삼성,소속팀없음,한화,소속팀없음,소속팀없음,소속팀없음,소속팀없음,소속팀없음,소속팀없음,소속팀없음
모건,65733,소속팀없음,소속팀없음,소속팀없음,소속팀없음,소속팀없음,한화,소속팀없음,소속팀없음,소속팀없음,소속팀없음,소속팀없음
모넬,67024,소속팀없음,소속팀없음,소속팀없음,소속팀없음,소속팀없음,소속팀없음,소속팀없음,KT,소속팀없음,소속팀없음,소속팀없음
모상기,76469,소속팀없음,삼성,삼성,삼성,소속팀없음,KT,소속팀없음,소속팀없음,소속팀없음,소속팀없음,소속팀없음
모창민,78813,SK,소속팀없음,SK,NC,NC,NC,NC,NC,NC,NC,NC
모터,50300,소속팀없음,소속팀없음,소속팀없음,소속팀없음,소속팀없음,소속팀없음,소속팀없음,소속팀없음,소속팀없음,소속팀없음,키움
문경찬,65643,소속팀없음,소속팀없음,소속팀없음,소속팀없음,소속팀없음,기아,소속팀없음,소속팀없음,기아,기아,기아-NC
문광은,60845,SK,SK,소속팀없음,소속팀없음,SK,SK,SK,SK,LG,LG,LG
문규현,72546,롯데,롯데,롯데,롯데,롯데,롯데,롯데,롯데,롯데,롯데,소속팀없음
문대원,67259,소속팀없음,소속팀없음,소속팀없음,소속팀없음,소속팀없음,소속팀없음,소속팀없음,소속팀없음,소속팀없음,소속팀없음,두산
문동욱,64554,소속팀없음,소속팀없음,소속팀없음,소속팀없음,롯데,소속팀없음,소속팀없음,소속팀없음,소속팀없음,한화,한화
문상철,64007,소속팀없음,소속팀없음,소속팀없음,소속팀없음,소속팀없음,KT,KT,소속팀없음,소속팀없음,KT,KT
문선엽,60464,소속팀없음,소속팀없음,소속팀없음,소속팀없음,삼성,소속팀없음,소속팀없음,삼성,소속팀없음,소속팀없음,소속팀없음
문선재,79113,LG,소속팀없음,소속팀없음,LG,LG,LG,LG,LG,LG,기아,기아
문성주,68119,소속팀없음,소속팀없음,소속팀없음,소속팀없음,소속팀없음,소속팀없음,소속팀없음,소속팀없음,LG,소속팀없음,소속팀없음
문성현,60336,키움,키움,키움,키움,키움,키움,소속팀없음,소속팀없음,키움,소속팀없음,키움
문수호,72643,기아,삼성,소속팀없음,NC,NC,NC,소속팀없음,소속팀없음,소속팀없음,소속팀없음,소속팀없음
문승원,62869,소속팀없음,소속팀없음,SK,SK,소속팀없음,소속팀없음,SK,SK,SK,SK,SK
문우람,61363,소속팀없음,소속팀없음,키움,키움,키움,키움,소속팀없음,소속팀없음,소속팀없음,소속팀없음,소속팀없음
문재현,61767,소속팀없음,소속팀없음,소속팀없음,소속팀없음,소속팀없음,한화,소속팀없음,소속팀없음,소속팀없음,소속팀없음,소속팀없음
민경수,74130,LG,소속팀없음,소속팀없음,소속팀없음,소속팀없음,소속팀없음,소속팀없음,소속팀없음,소속팀없음,소속팀없음,소속팀없음
민병헌,76249,두산,소속팀없음,두산,두산,두산,두산,두산,두산,롯데,롯데,롯데
민태호,78366,소속팀없음,소속팀없음,소속팀없음,소속팀없음,NC,NC,NC,NC,NC,NC,소속팀없음
바티스타,61727,소속팀없음,한화,한화,한화,소속팀없음,소속팀없음,소속팀없음,소속팀없음,소속팀없음,소속팀없음,소속팀없음
박건우,74363,LG,LG,롯데,소속팀없음,소속팀없음,소속팀없음,소속팀없음,소속팀없음,소속팀없음,소속팀없음,소속팀없음
박건우,79215,소속팀없음,소속팀없음,소속팀없음,두산,두산,두산,두산,두산,두산,두산,두산
박경수,73113,LG,LG,소속팀없음,소속팀없음,LG,KT,KT,KT,KT,KT,KT
박경완,92809,SK,SK,SK,SK,소속팀없음,소속팀없음,소속팀없음,소속팀없음,소속팀없음,소속팀없음,소속팀없음
박경태,76653,기아,기아,기아,기아,기아,소속팀없음,소속팀없음,기아,기아,소속팀없음,소속팀없음
박계범,64468,소속팀없음,소속팀없음,소속팀없음,소속팀없음,소속팀없음,삼성,삼성,소속팀없음,소속팀없음,삼성,삼성
박계현,61893,소속팀없음,소속팀없음,소속팀없음,소속팀없음,SK,SK,소속팀없음,소속팀없음,소속팀없음,소속팀없음,소속팀없음
박관진,50397,소속팀없음,소속팀없음,소속팀없음,소속팀없음,소속팀없음,소속팀없음,소속팀없음,소속팀없음,소속팀없음,소속팀없음,키움
박대온,64944,소속팀없음,소속팀없음,소속팀없음,소속팀없음,소속팀없음,NC,NC,NC,NC,소속팀없음,NC
박근홍,74630,소속팀없음,소속팀없음,삼성,삼성,삼성,삼성,삼성,삼성,삼성,롯데,소속팀없음
박기남,74103,기아,기아,기아,기아,기아,기아,소속팀없음,소속팀없음,소속팀없음,소속팀없음,소속팀없음
박기혁,70553,롯데,소속팀없음,소속팀없음,롯데,롯데,KT,KT,KT,KT,소속팀없음,소속팀없음
박노민,74756,한화,한화,한화,한화,한화,한화,한화,소속팀없음,소속팀없음,소속팀없음,소속팀없음
박동원,79365,키움,소속팀없음,소속팀없음,키움,키움,키움,키움,키움,키움,키움,키움
박명현,50592,소속팀없음,소속팀없음,소속팀없음,소속팀없음,소속팀없음,소속팀없음,소속팀없음,소속팀없음,소속팀없음,소속팀없음,롯데
박명환,96251,LG,소속팀없음,소속팀없음,소속팀없음,NC,NC,소속팀없음,소속팀없음,소속팀없음,소속팀없음,소속팀없음
박민,50657,소속팀없음,소속팀없음,소속팀없음,소속팀없음,소속팀없음,소속팀없음,소속팀없음,소속팀없음,소속팀없음,소속팀없음,기아
박민규,79448,삼성,삼성,소속팀없음,소속팀없음,소속팀없음,소속팀없음,삼성,소속팀없음,소속팀없음,소속팀없음,소속팀없음
박민석,78243,소속팀없음,소속팀없음,소속팀없음,소속팀없음,소속팀없음,소속팀없음,NC,소속팀없음,소속팀없음,KT,소속팀없음
박민성,63335,소속팀없음,소속팀없음,소속팀없음,소속팀없음,소속팀없음,소속팀없음,소속팀없음,소속팀없음,소속팀없음,소속팀없음,소속팀없음
박민우,62907,소속팀없음,소속팀없음,소속팀없음,NC,NC,NC,NC,NC,NC,NC,NC
박민정,62264,소속팀없음,소속팀없음,소속팀없음,소속팀없음,소속팀없음,소속팀없음,소속팀없음,소속팀없음,소속팀없음,소속팀없음,소속팀없음
박민주,76393,소속팀없음,소속팀없음,소속팀없음,소속팀없음,소속팀없음,소속팀없음,소속팀없음,소속팀없음,소속팀없음,소속팀없음,소속팀없음
박민호,64893,소속팀없음,소속팀없음,소속팀없음,소속팀없음,SK,SK,SK,소속팀없음,SK,SK,SK
박병호,75125,LG,LG-키움,키움,키움,키움,키움,소속팀없음,소속팀없음,키움,키움,키움
박상규,78758,소속팀없음,소속팀없음,소속팀없음,한화,소속팀없음,소속팀없음,소속팀없음,소속팀없음,소속팀없음,소속팀없음,소속팀없음
박상언,66707,소속팀없음,소속팀없음,소속팀없음,소속팀없음,소속팀없음,소속팀없음,소속팀없음,한화,소속팀없음,한화,한화
박상원,67703,소속팀없음,소속팀없음,소속팀없음,소속팀없음,소속팀없음,소속팀없음,소속팀없음,한화,한화,한화,한화
박상혁,79657,소속팀없음,소속팀없음,소속팀없음,NC,소속팀없음,소속팀없음,NC,소속팀없음,소속팀없음,소속팀없음,소속팀없음
박상현,79866,SK,소속팀없음,소속팀없음,소속팀없음,소속팀없음,소속팀없음,소속팀없음,소속팀없음,소속팀없음,소속팀없음,소속팀없음
박석민,74465,삼성,삼성,삼성,삼성,삼성,삼성,NC,NC,NC,NC,NC
박성모,68201,소속팀없음,소속팀없음,소속팀없음,소속팀없음,소속팀없음,소속팀없음,소속팀없음,소속팀없음,두산,소속팀없음,소속팀없음
박성민,65206,소속팀없음,소속팀없음,소속팀없음,소속팀없음,소속팀없음,소속팀없음,두산,소속팀없음,소속팀없음,소속팀없음,소속팀없음
박성준,65120,소속팀없음,소속팀없음,소속팀없음,소속팀없음,소속팀없음,LG,LG,소속팀없음,소속팀없음,소속팀없음,소속팀없음
박성한,67893,소속팀없음,소속팀없음,소속팀없음,소속팀없음,소속팀없음,소속팀없음,소속팀없음,SK,SK,소속팀없음,소속팀없음
박성호,79760,기아-한화,기아,소속팀없음,소속팀없음,기아,한화,소속팀없음,소속팀없음,소속팀없음,소속팀없음,소속팀없음
박성훈,75464,키움,키움,키움,키움,키움,소속팀없음,소속팀없음,소속팀없음,소속팀없음,소속팀없음,소속팀없음
박세웅,64021,소속팀없음,소속팀없음,소속팀없음,소속팀없음,소속팀없음,롯데-KT,롯데,롯데,롯데,롯데,롯데
박세웅,62926,소속팀없음,소속팀없음,소속팀없음,소속팀없음,소속팀없음,소속팀없음,NC,소속팀없음,소속팀없음,소속팀없음,소속팀없음
박세진,66047,소속팀없음,소속팀없음,소속팀없음,소속팀없음,소속팀없음,소속팀없음,KT,KT,KT,소속팀없음,KT
박세혁,62244,소속팀없음,소속팀없음,두산,두산,소속팀없음,소속팀없음,두산,두산,두산,두산,두산
박승규,69418,소속팀없음,소속팀없음,소속팀없음,소속팀없음,소속팀없음,소속팀없음,소속팀없음,소속팀없음,소속팀없음,삼성,삼성
박승욱,62802,소속팀없음,소속팀없음,SK,SK,소속팀없음,소속팀없음,SK,SK,SK,SK-KT,KT
박승주,66305,소속팀없음,소속팀없음,소속팀없음,소속팀없음,소속팀없음,소속팀없음,소속팀없음,키움,소속팀없음,소속팀없음,키움
박시영,60559,롯데,소속팀없음,소속팀없음,소속팀없음,소속팀없음,소속팀없음,롯데,롯데,롯데,롯데,롯데
박신지,68249,소속팀없음,소속팀없음,소속팀없음,소속팀없음,소속팀없음,소속팀없음,소속팀없음,소속팀없음,두산,두산,두산
박용근,77104,LG,소속팀없음,소속팀없음,소속팀없음,LG,KT,KT,소속팀없음,소속팀없음,소속팀없음,소속팀없음
박용택,72133,LG,LG,LG,LG,LG,LG,LG,LG,LG,LG,LG
박유연,67202,소속팀없음,소속팀없음,소속팀없음,소속팀없음,소속팀없음,소속팀없음,소속팀없음,두산,소속팀없음,두산,소속팀없음
박윤,77848,소속팀없음,SK,SK,소속팀없음,SK,SK,키움,키움,소속팀없음,소속팀없음,소속팀없음
박윤철,69762,소속팀없음,소속팀없음,소속팀없음,소속팀없음,소속팀없음,소속팀없음,소속팀없음,소속팀없음,소속팀없음,한화,소속팀없음
박으뜸,63967,소속팀없음,소속팀없음,소속팀없음,NC,소속팀없음,소속팀없음,소속팀없음,소속팀없음,소속팀없음,소속팀없음,소속팀없음
박인성,62883,소속팀없음,소속팀없음,소속팀없음,SK,소속팀없음,소속팀없음,소속팀없음,소속팀없음,소속팀없음,소속팀없음,소속팀없음
박재상,71857,SK,SK,SK,SK,SK,SK,SK,소속팀없음,소속팀없음,소속팀없음,소속팀없음
박재욱,64100,소속팀없음,소속팀없음,소속팀없음,소속팀없음,소속팀없음,소속팀없음,LG,소속팀없음,소속팀없음,소속팀없음,LG
박재홍,96362,SK,SK,SK,소속팀없음,소속팀없음,소속팀없음,소속팀없음,소속팀없음,소속팀없음,소속팀없음,소속팀없음
박정권,74846,SK,SK,SK,SK,SK,SK,SK,SK,SK,SK,소속팀없음
박정배,75250,두산,두산,SK,SK,SK,SK,SK,SK,SK,SK,소속팀없음
박정수,65639,소속팀없음,소속팀없음,소속팀없음,소속팀없음,소속팀없음,기아,소속팀없음,소속팀없음,기아,기아,기아-NC
박정음,62353,소속팀없음,소속팀없음,소속팀없음,소속팀없음,소속팀없음,소속팀없음,키움,키움,키움,키움,키움
박정준,73543,롯데,키움,소속팀없음,NC,NC,NC,키움,소속팀없음,키움,소속팀없음,소속팀없음
박정준,61396,소속팀없음,소속팀없음,키움,소속팀없음,소속팀없음,소속팀없음,소속팀없음,키움,소속팀없음,두산,소속팀없음
박정진,99737,한화,한화,한화,한화,한화,한화,한화,한화,소속팀없음,소속팀없음,소속팀없음
박정태,91514,소속팀없음,기아,소속팀없음,소속팀없음,소속팀없음,소속팀없음,소속팀없음,소속팀없음,소속팀없음,소속팀없음,소속팀없음
박정현,50709,소속팀없음,소속팀없음,소속팀없음,소속팀없음,소속팀없음,소속팀없음,소속팀없음,소속팀없음,소속팀없음,소속팀없음,한화
박정환,70408,SK,SK,소속팀없음,소속팀없음,소속팀없음,소속팀없음,소속팀없음,소속팀없음,소속팀없음,소속팀없음,소속팀없음
박종기,63292,소속팀없음,소속팀없음,소속팀없음,소속팀없음,소속팀없음,두산,소속팀없음,소속팀없음,소속팀없음,소속팀없음,두산
박종윤,62338,소속팀없음,소속팀없음,키움,키움,소속팀없음,소속팀없음,키움,키움,소속팀없음,소속팀없음,소속팀없음
박종윤,71562,롯데,롯데,롯데,롯데,롯데,롯데,롯데,소속팀없음,소속팀없음,소속팀없음,소속팀없음
박종훈,60841,소속팀없음,SK,SK,소속팀없음,소속팀없음,SK,SK,SK,SK,SK,SK
박주성,69328,소속팀없음,소속팀없음,소속팀없음,소속팀없음,소속팀없음,소속팀없음,소속팀없음,소속팀없음,소속팀없음,키움,키움
박주현,65348,소속팀없음,소속팀없음,소속팀없음,소속팀없음,소속팀없음,소속팀없음,키움,키움,소속팀없음,소속팀없음,소속팀없음
박주홍,68703,소속팀없음,소속팀없음,소속팀없음,소속팀없음,소속팀없음,소속팀없음,소속팀없음,소속팀없음,한화,한화,한화
박주홍,50357,소속팀없음,소속팀없음,소속팀없음,소속팀없음,소속팀없음,소속팀없음,소속팀없음,소속팀없음,소속팀없음,소속팀없음,키움
박준서,71815,롯데,롯데,롯데,롯데,롯데,롯데,소속팀없음,소속팀없음,소속팀없음,소속팀없음,소속팀없음
박준수,70349,키움,키움,기아,소속팀없음,소속팀없음,소속팀없음,소속팀없음,소속팀없음,소속팀없음,소속팀없음,소속팀없음
박준영,66928,소속팀없음,소속팀없음,소속팀없음,소속팀없음,소속팀없음,소속팀없음,NC,소속팀없음,소속팀없음,소속팀없음,NC
박준태,64657,소속팀없음,소속팀없음,소속팀없음,소속팀없음,기아,기아,소속팀없음,소속팀없음,기아,기아,키움
박준표,63638,소속팀없음,소속팀없음,소속팀없음,기아,기아,기아,기아,소속팀없음,기아,기아,기아
박준혁,64724,소속팀없음,소속팀없음,소속팀없음,소속팀없음,한화,소속팀없음,한화,한화,한화,한화,KT
박지규,65136,소속팀없음,소속팀없음,소속팀없음,소속팀없음,소속팀없음,LG,소속팀없음,소속팀없음,LG,LG,LG
박지훈,62637,소속팀없음,소속팀없음,기아,기아,소속팀없음,소속팀없음,소속팀없음,기아,소속팀없음,소속팀없음,소속팀없음
박지훈,50204,소속팀없음,소속팀없음,소속팀없음,소속팀없음,소속팀없음,소속팀없음,소속팀없음,소속팀없음,소속팀없음,소속팀없음,두산
박진,69594,소속팀없음,소속팀없음,소속팀없음,소속팀없음,소속팀없음,소속팀없음,소속팀없음,소속팀없음,소속팀없음,롯데,소속팀없음
박진두,64697,소속팀없음,소속팀없음,소속팀없음,소속팀없음,소속팀없음,소속팀없음,소속팀없음,소속팀없음,소속팀없음,소속팀없음,소속팀없음
박진만,96307,삼성,SK,SK,SK,SK,SK,소속팀없음,소속팀없음,소속팀없음,소속팀없음,소속팀없음
박진석,91899,소속팀없음,소속팀없음,소속팀없음,소속팀없음,소속팀없음,소속팀없음,소속팀없음,소속팀없음,소속팀없음,소속팀없음,소속팀없음
박진수,67716,소속팀없음,소속팀없음,소속팀없음,소속팀없음,소속팀없음,소속팀없음,소속팀없음,소속팀없음,소속팀없음,소속팀없음,소속팀없음
박진영,78606,소속팀없음,소속팀없음,소속팀없음,소속팀없음,소속팀없음,소속팀없음,소속팀없음,소속팀없음,소속팀없음,소속팀없음,소속팀없음
박진우,63991,소속팀없음,소속팀없음,소속팀없음,소속팀없음,소속팀없음,NC,소속팀없음,소속팀없음,NC,NC,NC
박진원,76235,소속팀없음,SK,소속팀없음,소속팀없음,소속팀없음,소속팀없음,소속팀없음,소속팀없음,소속팀없음,소속팀없음,소속팀없음
박진철,93628,소속팀없음,소속팀없음,소속팀없음,소속팀없음,소속팀없음,소속팀없음,소속팀없음,소속팀없음,소속팀없음,소속팀없음,소속팀없음
박진태,67646,소속팀없음,소속팀없음,소속팀없음,소속팀없음,소속팀없음,소속팀없음,소속팀없음,기아,소속팀없음,기아,기아
박진형,63512,소속팀없음,소속팀없음,소속팀없음,소속팀없음,소속팀없음,롯데,롯데,롯데,롯데,롯데,롯데
박진환,74565,소속팀없음,롯데,소속팀없음,소속팀없음,소속팀없음,소속팀없음,소속팀없음,소속팀없음,소속팀없음,소속팀없음,소속팀없음
박찬도,62409,소속팀없음,소속팀없음,소속팀없음,삼성,삼성,삼성,소속팀없음,소속팀없음,삼성,삼성,삼성
박찬호,62761,소속팀없음,소속팀없음,한화,소속팀없음,소속팀없음,소속팀없음,소속팀없음,소속팀없음,소속팀없음,소속팀없음,소속팀없음
박찬호,64646,소속팀없음,소속팀없음,소속팀없음,소속팀없음,기아,기아,기아,소속팀없음,소속팀없음,기아,기아
박찬호,50112,소속팀없음,소속팀없음,소속팀없음,소속팀없음,소속팀없음,소속팀없음,소속팀없음,소속팀없음,소속팀없음,소속팀없음,LG
박철우,64804,소속팀없음,소속팀없음,소속팀없음,소속팀없음,소속팀없음,SK,소속팀없음,소속팀없음,소속팀없음,소속팀없음,소속팀없음
박치국,67266,소속팀없음,소속팀없음,소속팀없음,소속팀없음,소속팀없음,소속팀없음,소속팀없음,두산,두산,두산,두산
박한결,63703,소속팀없음,소속팀없음,소속팀없음,소속팀없음,소속팀없음,소속팀없음,소속팀없음,소속팀없음,소속팀없음,한화,한화
박한길,64764,소속팀없음,소속팀없음,소속팀없음,소속팀없음,소속팀없음,한화,롯데,소속팀없음,소속팀없음,소속팀없음,소속팀없음
박한이,71432,삼성,삼성,삼성,삼성,삼성,삼성,삼성,삼성,삼성,삼성,소속팀없음
박해민,62415,소속팀없음,소속팀없음,소속팀없음,삼성,삼성,삼성,삼성,삼성,삼성,삼성,삼성
박헌도,79356,소속팀없음,키움,키움,키움,키움,키움,롯데,롯데,롯데,소속팀없음,소속팀없음
박헌욱,62921,소속팀없음,소속팀없음,소속팀없음,NC,소속팀없음,소속팀없음,소속팀없음,소속팀없음,NC,NC,소속팀없음
박현준,79817,SK-LG,LG,소속팀없음,소속팀없음,소속팀없음,소속팀없음,소속팀없음,소속팀없음,소속팀없음,소속팀없음,소속팀없음
박희수,76858,SK,SK,SK,SK,SK,SK,SK,SK,SK,SK,SK
반슬라이크,68245,소속팀없음,소속팀없음,소속팀없음,소속팀없음,소속팀없음,소속팀없음,소속팀없음,소속팀없음,두산,소속팀없음,소속팀없음
반즈,50730,소속팀없음,소속팀없음,소속팀없음,소속팀없음,소속팀없음,소속팀없음,소속팀없음,소속팀없음,소속팀없음,소속팀없음,한화
발디리스,66452,소속팀없음,소속팀없음,소속팀없음,소속팀없음,소속팀없음,소속팀없음,삼성,소속팀없음,소속팀없음,소속팀없음,소속팀없음
배민관,60105,소속팀없음,소속팀없음,소속팀없음,소속팀없음,소속팀없음,소속팀없음,LG,LG,LG,소속팀없음,소속팀없음
배민서,69974,소속팀없음,소속팀없음,소속팀없음,소속팀없음,소속팀없음,소속팀없음,소속팀없음,소속팀없음,소속팀없음,NC,NC
배성근,64501,소속팀없음,소속팀없음,소속팀없음,소속팀없음,소속팀없음,소속팀없음,소속팀없음,소속팀없음,소속팀없음,롯데,롯데
배스,62730,소속팀없음,소속팀없음,한화,소속팀없음,소속팀없음,소속팀없음,소속팀없음,소속팀없음,소속팀없음,소속팀없음,소속팀없음
배영섭,79465,삼성,삼성,삼성,삼성,소속팀없음,삼성,삼성,삼성,삼성,SK,소속팀없음
배영수,70425,삼성,삼성,삼성,삼성,삼성,한화,소속팀없음,한화,한화,두산,소속팀없음
배우열,79191,LG,소속팀없음,소속팀없음,소속팀없음,소속팀없음,KT,KT,KT,KT,소속팀없음,소속팀없음
배장호,76540,롯데,롯데,소속팀없음,소속팀없음,롯데,롯데,롯데,롯데,롯데,소속팀없음,소속팀없음
배재준,63145,소속팀없음,소속팀없음,소속팀없음,소속팀없음,소속팀없음,소속팀없음,소속팀없음,소속팀없음,LG,LG,소속팀없음
배재환,64995,소속팀없음,소속팀없음,소속팀없음,소속팀없음,소속팀없음,NC,NC,NC,NC,NC,NC
배정대,64166,소속팀없음,소속팀없음,소속팀없음,소속팀없음,소속팀없음,KT,KT,소속팀없음,KT,KT,KT
배정훈,96542,소속팀없음,소속팀없음,소속팀없음,소속팀없음,소속팀없음,소속팀없음,소속팀없음,소속팀없음,소속팀없음,소속팀없음,소속팀없음
배제성,65516,소속팀없음,소속팀없음,소속팀없음,소속팀없음,소속팀없음,소속팀없음,소속팀없음,KT,KT,KT,KT
배힘찬,72321,키움,키움,소속팀없음,소속팀없음,키움,키움,기아,기아,소속팀없음,소속팀없음,소속팀없음
백동훈,63559,소속팀없음,소속팀없음,소속팀없음,롯데,롯데,롯데,소속팀없음,소속팀없음,두산,두산,두산
백상원,60456,소속팀없음,소속팀없음,소속팀없음,삼성,삼성,삼성,삼성,삼성,삼성,소속팀없음,소속팀없음
백승건,69839,소속팀없음,소속팀없음,소속팀없음,소속팀없음,소속팀없음,소속팀없음,소속팀없음,소속팀없음,소속팀없음,SK,SK
백승룡,75705,소속팀없음,한화,한화,한화,소속팀없음,소속팀없음,소속팀없음,소속팀없음,소속팀없음,소속팀없음,소속팀없음
백승민,64410,소속팀없음,소속팀없음,소속팀없음,소속팀없음,소속팀없음,소속팀없음,소속팀없음,소속팀없음,삼성,삼성,삼성
백승현,65109,소속팀없음,소속팀없음,소속팀없음,소속팀없음,소속팀없음,소속팀없음,소속팀없음,LG,LG,LG,LG
백용환,78643,소속팀없음,소속팀없음,소속팀없음,기아,기아,기아,기아,기아,기아,기아,기아
백정현,77446,삼성,소속팀없음,삼성,삼성,삼성,삼성,삼성,삼성,삼성,삼성,삼성
백정훈,75640,소속팀없음,소속팀없음,소속팀없음,소속팀없음,소속팀없음,소속팀없음,소속팀없음,소속팀없음,소속팀없음,소속팀없음,소속팀없음
백진우,60100,LG,LG,소속팀없음,소속팀없음,LG,LG,LG,LG,한화,한화,한화
백청훈,78819,소속팀없음,소속팀없음,소속팀없음,SK,SK,SK,소속팀없음,SK,SK,SK,LG
밴덴헐크,63432,소속팀없음,소속팀없음,소속팀없음,삼성,삼성,소속팀없음,소속팀없음,소속팀없음,소속팀없음,소속팀없음,소속팀없음
밴와트,67845,소속팀없음,소속팀없음,소속팀없음,소속팀없음,SK,SK,KT,소속팀없음,소속팀없음,소속팀없음,소속팀없음
밴헤켄,62322,소속팀없음,소속팀없음,키움,키움,키움,키움,키움,키움,소속팀없음,소속팀없음,소속팀없음
버나디나,67650,소속팀없음,소속팀없음,소속팀없음,소속팀없음,소속팀없음,소속팀없음,소속팀없음,기아,기아,소속팀없음,소속팀없음
버틀러,69934,소속팀없음,소속팀없음,소속팀없음,소속팀없음,소속팀없음,소속팀없음,소속팀없음,소속팀없음,소속팀없음,NC,소속팀없음
번사이드,60329,키움,소속팀없음,소속팀없음,소속팀없음,소속팀없음,소속팀없음,소속팀없음,소속팀없음,소속팀없음,소속팀없음,소속팀없음
번즈,67598,소속팀없음,소속팀없음,소속팀없음,소속팀없음,소속팀없음,소속팀없음,소속팀없음,롯데,롯데,소속팀없음,소속팀없음
베렛,68953,소속팀없음,소속팀없음,소속팀없음,소속팀없음,소속팀없음,소속팀없음,소속팀없음,소속팀없음,NC,소속팀없음,소속팀없음
베탄코트,69950,소속팀없음,소속팀없음,소속팀없음,소속팀없음,소속팀없음,소속팀없음,소속팀없음,소속팀없음,소속팀없음,NC,소속팀없음
벨레스터,66440,소속팀없음,소속팀없음,소속팀없음,소속팀없음,소속팀없음,소속팀없음,삼성,소속팀없음,소속팀없음,소속팀없음,소속팀없음
변상권,68305,소속팀없음,소속팀없음,소속팀없음,소속팀없음,소속팀없음,소속팀없음,소속팀없음,소속팀없음,소속팀없음,소속팀없음,키움
변용선,60526,롯데,소속팀없음,롯데,소속팀없음,소속팀없음,소속팀없음,소속팀없음,소속팀없음,소속팀없음,소속팀없음,소속팀없음
변우혁,69727,소속팀없음,소속팀없음,소속팀없음,소속팀없음,소속팀없음,소속팀없음,소속팀없음,소속팀없음,소속팀없음,한화,소속팀없음
변시원,62263,소속팀없음,소속팀없음,두산,두산,두산,두산,소속팀없음,소속팀없음,두산,소속팀없음,기아
보니야,68400,소속팀없음,소속팀없음,소속팀없음,소속팀없음,소속팀없음,소속팀없음,소속팀없음,소속팀없음,삼성,소속팀없음,소속팀없음
보우덴,66226,소속팀없음,소속팀없음,소속팀없음,소속팀없음,소속팀없음,소속팀없음,두산,두산,소속팀없음,소속팀없음,소속팀없음
볼스테드,64230,소속팀없음,소속팀없음,소속팀없음,소속팀없음,두산,소속팀없음,소속팀없음,소속팀없음,소속팀없음,소속팀없음,소속팀없음
봉민호,65802,소속팀없음,소속팀없음,소속팀없음,소속팀없음,소속팀없음,소속팀없음,소속팀없음,소속팀없음,SK,소속팀없음,소속팀없음
봉중근,77147,LG,LG,LG,LG,LG,LG,LG,소속팀없음,소속팀없음,소속팀없음,소속팀없음
부시,62833,소속팀없음,소속팀없음,SK,소속팀없음,소속팀없음,소속팀없음,소속팀없음,소속팀없음,소속팀없음,소속팀없음,소속팀없음
부에노,60727,한화,소속팀없음,소속팀없음,소속팀없음,소속팀없음,소속팀없음,소속팀없음,소속팀없음,소속팀없음,소속팀없음,소속팀없음
부첵,61897,소속팀없음,롯데,소속팀없음,소속팀없음,소속팀없음,소속팀없음,소속팀없음,소속팀없음,소속팀없음,소속팀없음,소속팀없음
뷰캐넌,50404,소속팀없음,소속팀없음,소속팀없음,소속팀없음,소속팀없음,소속팀없음,소속팀없음,소속팀없음,소속팀없음,소속팀없음,삼성
브라운,65823,소속팀없음,소속팀없음,소속팀없음,소속팀없음,소속팀없음,SK,소속팀없음,소속팀없음,소속팀없음,소속팀없음,소속팀없음
브룩스,50636,소속팀없음,소속팀없음,소속팀없음,소속팀없음,소속팀없음,소속팀없음,소속팀없음,소속팀없음,소속팀없음,소속팀없음,기아
브리검,67313,소속팀없음,소속팀없음,소속팀없음,소속팀없음,소속팀없음,소속팀없음,소속팀없음,키움,키움,키움,키움
비야누에바,67742,소속팀없음,소속팀없음,소속팀없음,소속팀없음,소속팀없음,소속팀없음,소속팀없음,한화,소속팀없음,소속팀없음,소속팀없음
빌로우,62688,소속팀없음,소속팀없음,소속팀없음,기아,소속팀없음,소속팀없음,소속팀없음,소속팀없음,소속팀없음,소속팀없음,소속팀없음
사도스키,60594,롯데,롯데,롯데,소속팀없음,소속팀없음,소속팀없음,소속팀없음,소속팀없음,소속팀없음,소속팀없음,소속팀없음
산체스,68815,소속팀없음,소속팀없음,소속팀없음,소속팀없음,소속팀없음,소속팀없음,소속팀없음,소속팀없음,SK,SK,소속팀없음
살라디노,50468,소속팀없음,소속팀없음,소속팀없음,소속팀없음,소속팀없음,소속팀없음,소속팀없음,소속팀없음,소속팀없음,소속팀없음,삼성
샌즈,68345,소속팀없음,소속팀없음,소속팀없음,소속팀없음,소속팀없음,소속팀없음,소속팀없음,소속팀없음,키움,키움,소속팀없음
샘슨,50524,소속팀없음,소속팀없음,소속팀없음,소속팀없음,소속팀없음,소속팀없음,소속팀없음,소속팀없음,소속팀없음,소속팀없음,롯데
샘슨,68748,소속팀없음,소속팀없음,소속팀없음,소속팀없음,소속팀없음,소속팀없음,소속팀없음,소속팀없음,한화,소속팀없음,소속팀없음
서건창,78168,소속팀없음,소속팀없음,키움,키움,키움,키움,키움,키움,키움,키움,키움
서균,64759,소속팀없음,소속팀없음,소속팀없음,소속팀없음,소속팀없음,소속팀없음,소속팀없음,한화,한화,한화,소속팀없음
서덕원,66663,소속팀없음,소속팀없음,소속팀없음,소속팀없음,소속팀없음,소속팀없음,소속팀없음,소속팀없음,소속팀없음,소속팀없음,기아
서동민,64896,소속팀없음,소속팀없음,소속팀없음,소속팀없음,소속팀없음,소속팀없음,소속팀없음,소속팀없음,소속팀없음,소속팀없음,SK
서동욱,73606,LG,LG,LG,LG-키움,키움,키움,기아,기아,기아,소속팀없음,소속팀없음
서동환,75261,소속팀없음,두산,두산,두산,삼성,소속팀없음,소속팀없음,소속팀없음,소속팀없음,소속팀없음,소속팀없음
서상우,62164,소속팀없음,소속팀없음,LG,소속팀없음,소속팀없음,LG,LG,LG,LG,LG,소속팀없음
서성종,72822,LG,소속팀없음,소속팀없음,소속팀없음,소속팀없음,소속팀없음,소속팀없음,소속팀없음,소속팀없음,소속팀없음,소속팀없음
서승화,72157,LG,소속팀없음,소속팀없음,소속팀없음,소속팀없음,소속팀없음,소속팀없음,소속팀없음,소속팀없음,소속팀없음,소속팀없음
서예일,66203,소속팀없음,소속팀없음,소속팀없음,소속팀없음,소속팀없음,소속팀없음,두산,두산,소속팀없음,두산,두산
서용주,63603,소속팀없음,소속팀없음,소속팀없음,기아,소속팀없음,소속팀없음,소속팀없음,소속팀없음,소속팀없음,소속팀없음,소속팀없음
서의태,66068,소속팀없음,소속팀없음,소속팀없음,소속팀없음,소속팀없음,소속팀없음,소속팀없음,소속팀없음,키움,소속팀없음,소속팀없음
서재응,78640,기아,기아,기아,기아,기아,기아,소속팀없음,소속팀없음,소속팀없음,소속팀없음,소속팀없음
서정필,90670,소속팀없음,소속팀없음,소속팀없음,소속팀없음,소속팀없음,소속팀없음,소속팀없음,소속팀없음,소속팀없음,소속팀없음,소속팀없음
서준원,69539,소속팀없음,소속팀없음,소속팀없음,소속팀없음,소속팀없음,소속팀없음,소속팀없음,소속팀없음,소속팀없음,롯데,롯데
서진용,61895,소속팀없음,소속팀없음,소속팀없음,소속팀없음,소속팀없음,SK,SK,SK,SK,SK,SK
서캠프,66742,소속팀없음,소속팀없음,소속팀없음,소속팀없음,소속팀없음,소속팀없음,한화,소속팀없음,소속팀없음,소속팀없음,소속팀없음
서폴드,69744,소속팀없음,소속팀없음,소속팀없음,소속팀없음,소속팀없음,소속팀없음,소속팀없음,소속팀없음,소속팀없음,한화,한화
서호철,69995,소속팀없음,소속팀없음,소속팀없음,소속팀없음,소속팀없음,소속팀없음,소속팀없음,소속팀없음,소속팀없음,소속팀없음,NC
성동현,68159,소속팀없음,소속팀없음,소속팀없음,소속팀없음,소속팀없음,소속팀없음,소속팀없음,소속팀없음,LG,소속팀없음,소속팀없음
성영훈,79222,두산,소속팀없음,소속팀없음,소속팀없음,소속팀없음,소속팀없음,소속팀없음,두산,소속팀없음,소속팀없음,소속팀없음
성의준,62406,소속팀없음,소속팀없음,삼성,삼성,소속팀없음,소속팀없음,삼성,삼성,소속팀없음,소속팀없음,소속팀없음
성재헌,50109,소속팀없음,소속팀없음,소속팀없음,소속팀없음,소속팀없음,소속팀없음,소속팀없음,소속팀없음,소속팀없음,소속팀없음,LG
세든,63810,소속팀없음,소속팀없음,소속팀없음,SK,소속팀없음,SK,SK,소속팀없음,소속팀없음,소속팀없음,소속팀없음
션헨,62731,소속팀없음,소속팀없음,한화,소속팀없음,소속팀없음,소속팀없음,소속팀없음,소속팀없음,소속팀없음,소속팀없음,소속팀없음
소사,62698,소속팀없음,소속팀없음,기아,기아,키움,LG,LG,LG,LG,SK,소속팀없음
소이현,67962,소속팀없음,소속팀없음,소속팀없음,소속팀없음,소속팀없음,소속팀없음,소속팀없음,소속팀없음,소속팀없음,NC,소속팀없음
소형준,50030,소속팀없음,소속팀없음,소속팀없음,소속팀없음,소속팀없음,소속팀없음,소속팀없음,소속팀없음,소속팀없음,소속팀없음,KT
손동욱,63619,소속팀없음,소속팀없음,소속팀없음,기아,소속팀없음,소속팀없음,소속팀없음,키움,소속팀없음,소속팀없음,소속팀없음
손동현,69041,소속팀없음,소속팀없음,소속팀없음,소속팀없음,소속팀없음,소속팀없음,소속팀없음,소속팀없음,소속팀없음,KT,KT
손민한,97571,소속팀없음,소속팀없음,소속팀없음,NC,NC,NC,소속팀없음,소속팀없음,소속팀없음,소속팀없음,소속팀없음
손승락,75321,키움,키움,키움,키움,키움,키움,롯데,롯데,롯데,롯데,소속팀없음
손시헌,73213,두산,두산,두산,두산,NC,NC,NC,NC,NC,NC,소속팀없음
손아섭,77532,롯데,롯데,롯데,롯데,롯데,롯데,롯데,롯데,롯데,롯데,롯데
손영민,76639,기아,기아,기아,소속팀없음,소속팀없음,소속팀없음,소속팀없음,기아,소속팀없음,소속팀없음,소속팀없음
손용석,76536,소속팀없음,롯데,롯데,롯데,롯데,롯데,롯데,소속팀없음,소속팀없음,소속팀없음,소속팀없음
손인호,98538,LG,LG,LG,소속팀없음,소속팀없음,소속팀없음,소속팀없음,소속팀없음,소속팀없음,소속팀없음,소속팀없음
손정욱,63914,소속팀없음,소속팀없음,소속팀없음,NC,NC,NC,소속팀없음,소속팀없음,소속팀없음,소속팀없음,NC
손주영,67143,소속팀없음,소속팀없음,소속팀없음,소속팀없음,소속팀없음,소속팀없음,소속팀없음,LG,LG,소속팀없음,소속팀없음
손주인,72456,삼성,삼성,삼성,LG,LG,LG,LG,LG,삼성,삼성,소속팀없음
손지환,97103,한화,소속팀없음,소속팀없음,소속팀없음,소속팀없음,소속팀없음,소속팀없음,소속팀없음,소속팀없음,소속팀없음,소속팀없음
손형준,62462,소속팀없음,소속팀없음,삼성,소속팀없음,소속팀없음,소속팀없음,소속팀없음,소속팀없음,소속팀없음,소속팀없음,소속팀없음
손호영,50150,소속팀없음,소속팀없음,소속팀없음,소속팀없음,소속팀없음,소속팀없음,소속팀없음,소속팀없음,소속팀없음,소속팀없음,LG
송광민,76753,한화,소속팀없음,소속팀없음,한화,한화,한화,한화,한화,한화,한화,한화
송명기,69962,소속팀없음,소속팀없음,소속팀없음,소속팀없음,소속팀없음,소속팀없음,소속팀없음,소속팀없음,소속팀없음,NC,NC
송민섭,64012,소속팀없음,소속팀없음,소속팀없음,소속팀없음,소속팀없음,KT,소속팀없음,소속팀없음,KT,KT,KT
송산,75612,소속팀없음,소속팀없음,기아,소속팀없음,소속팀없음,소속팀없음,소속팀없음,소속팀없음,소속팀없음,소속팀없음,소속팀없음
송성문,65357,소속팀없음,소속팀없음,소속팀없음,소속팀없음,소속팀없음,키움,소속팀없음,키움,키움,키움,소속팀없음
송승준,77591,롯데,롯데,롯데,롯데,롯데,롯데,롯데,롯데,롯데,롯데,롯데
송승환,69203,소속팀없음,소속팀없음,소속팀없음,소속팀없음,소속팀없음,소속팀없음,소속팀없음,소속팀없음,소속팀없음,두산,소속팀없음
송신영,99314,키움,LG-키움,한화,NC-키움,키움,키움,한화,한화,소속팀없음,소속팀없음,소속팀없음
송우현,65362,소속팀없음,소속팀없음,소속팀없음,소속팀없음,소속팀없음,소속팀없음,소속팀없음,소속팀없음,소속팀없음,소속팀없음,키움
송윤준,61156,소속팀없음,소속팀없음,소속팀없음,LG,소속팀없음,소속팀없음,소속팀없음,소속팀없음,소속팀없음,소속팀없음,한화
송은범,73801,SK,SK,SK,기아-SK,기아,한화,한화,한화,한화,한화-LG,LG
송정훈,72853,소속팀없음,소속팀없음,소속팀없음,소속팀없음,소속팀없음,소속팀없음,소속팀없음,소속팀없음,소속팀없음,소속팀없음,소속팀없음
송주호,60404,소속팀없음,소속팀없음,소속팀없음,한화,한화,한화,한화,소속팀없음,소속팀없음,소속팀없음,소속팀없음
송준석,64469,소속팀없음,소속팀없음,소속팀없음,소속팀없음,소속팀없음,소속팀없음,소속팀없음,소속팀없음,삼성,삼성,삼성
송지만,96761,키움,키움,키움,키움,소속팀없음,소속팀없음,소속팀없음,소속팀없음,소속팀없음,소속팀없음,소속팀없음
송창식,74731,한화,한화,한화,한화,한화,한화,한화,한화,한화,한화,소속팀없음
송창현,63791,소속팀없음,소속팀없음,소속팀없음,한화,한화,소속팀없음,한화,소속팀없음,소속팀없음,한화,소속팀없음
스나이더,64158,소속팀없음,소속팀없음,소속팀없음,소속팀없음,LG,키움,소속팀없음,소속팀없음,소속팀없음,소속팀없음,소속팀없음
스몰린스키,69901,소속팀없음,소속팀없음,소속팀없음,소속팀없음,소속팀없음,소속팀없음,소속팀없음,소속팀없음,소속팀없음,NC,소속팀없음
스와잭,65219,소속팀없음,소속팀없음,소속팀없음,소속팀없음,소속팀없음,두산,소속팀없음,소속팀없음,소속팀없음,소속팀없음,소속팀없음
스캇,64864,소속팀없음,소속팀없음,소속팀없음,소속팀없음,SK,소속팀없음,소속팀없음,소속팀없음,소속팀없음,소속팀없음,소속팀없음
스크럭스,67935,소속팀없음,소속팀없음,소속팀없음,소속팀없음,소속팀없음,소속팀없음,소속팀없음,NC,NC,소속팀없음,소속팀없음
스튜어트,65931,소속팀없음,소속팀없음,소속팀없음,소속팀없음,소속팀없음,NC,NC,소속팀없음,소속팀없음,소속팀없음,소속팀없음
스트레일리,50558,소속팀없음,소속팀없음,소속팀없음,소속팀없음,소속팀없음,소속팀없음,소속팀없음,소속팀없음,소속팀없음,소속팀없음,롯데
스틴슨,65658,소속팀없음,소속팀없음,소속팀없음,소속팀없음,소속팀없음,기아,소속팀없음,소속팀없음,소속팀없음,소속팀없음,소속팀없음
시스코,64049,소속팀없음,소속팀없음,소속팀없음,소속팀없음,소속팀없음,KT,소속팀없음,소속팀없음,소속팀없음,소속팀없음,소속팀없음
신경현,98742,한화,한화,한화,소속팀없음,소속팀없음,소속팀없음,소속팀없음,소속팀없음,소속팀없음,소속팀없음,소속팀없음
신동훈,62160,소속팀없음,소속팀없음,LG,소속팀없음,LG,소속팀없음,소속팀없음,소속팀없음,소속팀없음,소속팀없음,소속팀없음
신명철,71504,삼성,삼성,삼성,삼성,소속팀없음,KT,소속팀없음,소속팀없음,소속팀없음,소속팀없음,소속팀없음
신민재,65207,소속팀없음,소속팀없음,소속팀없음,소속팀없음,소속팀없음,소속팀없음,소속팀없음,소속팀없음,소속팀없음,LG,LG
신민혁,68902,소속팀없음,소속팀없음,소속팀없음,소속팀없음,소속팀없음,소속팀없음,소속팀없음,소속팀없음,소속팀없음,소속팀없음,NC
신범수,66662,소속팀없음,소속팀없음,소속팀없음,소속팀없음,소속팀없음,소속팀없음,소속팀없음,소속팀없음,기아,기아,소속팀없음
신병률,68067,소속팀없음,소속팀없음,소속팀없음,소속팀없음,소속팀없음,소속팀없음,소속팀없음,소속팀없음,KT,소속팀없음,소속팀없음
신본기,62556,소속팀없음,소속팀없음,롯데,롯데,롯데,소속팀없음,롯데,롯데,롯데,롯데,롯데
신성필,95469,소속팀없음,소속팀없음,소속팀없음,소속팀없음,소속팀없음,소속팀없음,소속팀없음,소속팀없음,소속팀없음,소속팀없음,소속팀없음
신성현,64086,소속팀없음,소속팀없음,소속팀없음,소속팀없음,소속팀없음,한화,한화,한화-두산,두산,두산,두산
신승현,70839,소속팀없음,SK,SK,기아,LG,LG,LG,LG,소속팀없음,소속팀없음,소속팀없음
신용수,69508,소속팀없음,소속팀없음,소속팀없음,소속팀없음,소속팀없음,소속팀없음,소속팀없음,소속팀없음,소속팀없음,롯데,롯데
신용운,72649,소속팀없음,기아,소속팀없음,삼성,소속팀없음,삼성,삼성,소속팀없음,소속팀없음,소속팀없음,소속팀없음
신윤호,94126,소속팀없음,소속팀없음,소속팀없음,소속팀없음,SK,소속팀없음,소속팀없음,소속팀없음,소속팀없음,소속팀없음,소속팀없음
신재영,62937,소속팀없음,소속팀없음,소속팀없음,소속팀없음,소속팀없음,소속팀없음,키움,키움,키움,키움,키움
신재웅,75138,소속팀없음,소속팀없음,LG,LG,LG,SK-LG,SK,SK,SK,SK,SK
신정락,60140,LG,LG,LG,LG,LG,소속팀없음,소속팀없음,LG,LG,LG-한화,한화
신정익,61830,소속팀없음,소속팀없음,SK,SK,소속팀없음,소속팀없음,소속팀없음,소속팀없음,소속팀없음,소속팀없음,소속팀없음
신종길,72559,기아,기아,기아,기아,기아,기아,기아,기아,소속팀없음,소속팀없음,소속팀없음
신주영,72739,소속팀없음,한화,한화,소속팀없음,소속팀없음,소속팀없음,소속팀없음,소속팀없음,소속팀없음,소속팀없음,소속팀없음
신진호,67944,소속팀없음,소속팀없음,소속팀없음,소속팀없음,소속팀없음,소속팀없음,소속팀없음,NC,NC,소속팀없음,소속팀없음
신창호,76140,소속팀없음,소속팀없음,기아,기아,기아,기아,소속팀없음,소속팀없음,소속팀없음,소속팀없음,소속팀없음
신해수,76763,한화,소속팀없음,소속팀없음,소속팀없음,소속팀없음,소속팀없음,소속팀없음,소속팀없음,소속팀없음,소속팀없음,소속팀없음
신현철,76304,소속팀없음,키움,키움,키움,SK,소속팀없음,KT,소속팀없음,소속팀없음,소속팀없음,소속팀없음
심광호,96722,소속팀없음,LG,LG,소속팀없음,소속팀없음,소속팀없음,소속팀없음,소속팀없음,소속팀없음,소속팀없음,소속팀없음
심규범,64594,소속팀없음,소속팀없음,소속팀없음,소속팀없음,롯데,롯데,소속팀없음,소속팀없음,NC,소속팀없음,소속팀없음
심동섭,60636,기아,기아,기아,기아,기아,기아,기아,기아,기아,소속팀없음,소속팀없음
심수창,74167,LG,LG-키움,키움,소속팀없음,롯데,롯데,한화,한화,한화,LG,소속팀없음
심우준,64006,소속팀없음,소속팀없음,소속팀없음,소속팀없음,소속팀없음,KT,KT,KT,KT,KT,KT
심재민,64017,소속팀없음,소속팀없음,소속팀없음,소속팀없음,소속팀없음,KT,KT,KT,KT,소속팀없음,소속팀없음
심창민,61411,소속팀없음,소속팀없음,삼성,삼성,삼성,삼성,삼성,삼성,삼성,소속팀없음,소속팀없음
아담,63940,소속팀없음,소속팀없음,소속팀없음,NC,소속팀없음,소속팀없음,소속팀없음,소속팀없음,소속팀없음,소속팀없음,소속팀없음
아델만,68435,소속팀없음,소속팀없음,소속팀없음,소속팀없음,소속팀없음,소속팀없음,소속팀없음,소속팀없음,삼성,소속팀없음,소속팀없음
아두치,65523,소속팀없음,소속팀없음,소속팀없음,소속팀없음,소속팀없음,롯데,롯데,소속팀없음,소속팀없음,소속팀없음,소속팀없음
아수아헤,69530,소속팀없음,소속팀없음,소속팀없음,소속팀없음,소속팀없음,소속팀없음,소속팀없음,소속팀없음,소속팀없음,롯데,소속팀없음
안경현,92207,SK,소속팀없음,소속팀없음,소속팀없음,소속팀없음,소속팀없음,소속팀없음,소속팀없음,소속팀없음,소속팀없음,소속팀없음
안권수,50202,소속팀없음,소속팀없음,소속팀없음,소속팀없음,소속팀없음,소속팀없음,소속팀없음,소속팀없음,소속팀없음,소속팀없음,두산
안규영,61215,소속팀없음,두산,두산,두산,소속팀없음,소속팀없음,두산,두산,소속팀없음,소속팀없음,소속팀없음
안규현,64462,소속팀없음,소속팀없음,소속팀없음,소속팀없음,소속팀없음,소속팀없음,소속팀없음,삼성,소속팀없음,소속팀없음,소속팀없음
안동현,79291,소속팀없음,두산,소속팀없음,소속팀없음,소속팀없음,소속팀없음,소속팀없음,소속팀없음,소속팀없음,소속팀없음,소속팀없음
안현준,64041,소속팀없음,소속팀없음,소속팀없음,소속팀없음,소속팀없음,KT,KT,소속팀없음,소속팀없음,소속팀없음,KT
안상현,66864,소속팀없음,소속팀없음,소속팀없음,소속팀없음,소속팀없음,소속팀없음,소속팀없음,소속팀없음,SK,SK,소속팀없음
안성무,63027,소속팀없음,소속팀없음,소속팀없음,소속팀없음,소속팀없음,소속팀없음,소속팀없음,삼성,삼성,소속팀없음,소속팀없음
안성필,60412,소속팀없음,소속팀없음,소속팀없음,소속팀없음,소속팀없음,소속팀없음,소속팀없음,소속팀없음,소속팀없음,소속팀없음,소속팀없음
안승민,60713,한화,한화,한화,한화,소속팀없음,소속팀없음,소속팀없음,소속팀없음,소속팀없음,소속팀없음,소속팀없음
안승한,64011,소속팀없음,소속팀없음,소속팀없음,소속팀없음,소속팀없음,소속팀없음,소속팀없음,소속팀없음,소속팀없음,KT,소속팀없음
안영명,73738,기아-한화,한화,소속팀없음,소속팀없음,한화,한화,한화,한화,한화,한화,한화
안영진,76758,소속팀없음,한화,한화,소속팀없음,소속팀없음,소속팀없음,소속팀없음,소속팀없음,소속팀없음,소속팀없음,소속팀없음
안우진,68341,소속팀없음,소속팀없음,소속팀없음,소속팀없음,소속팀없음,소속팀없음,소속팀없음,소속팀없음,키움,키움,키움
안익훈,65115,소속팀없음,소속팀없음,소속팀없음,소속팀없음,소속팀없음,LG,LG,LG,LG,소속팀없음,소속팀없음
안정광,60865,소속팀없음,SK,SK,소속팀없음,SK,SK,소속팀없음,소속팀없음,소속팀없음,소속팀없음,소속팀없음
안정훈,66367,소속팀없음,소속팀없음,소속팀없음,소속팀없음,소속팀없음,소속팀없음,소속팀없음,소속팀없음,소속팀없음,소속팀없음,소속팀없음
안주형,66406,소속팀없음,소속팀없음,소속팀없음,소속팀없음,소속팀없음,소속팀없음,소속팀없음,삼성,삼성,소속팀없음,소속팀없음
안중열,64022,소속팀없음,소속팀없음,소속팀없음,소속팀없음,소속팀없음,KT-롯데,롯데,소속팀없음,롯데,롯데,소속팀없음
안지만,72463,삼성,삼성,삼성,삼성,삼성,삼성,삼성,소속팀없음,소속팀없음,소속팀없음,소속팀없음
안치영,67006,소속팀없음,소속팀없음,소속팀없음,소속팀없음,소속팀없음,소속팀없음,소속팀없음,KT,소속팀없음,KT,소속팀없음
안치용,72161,LG-SK,SK,SK,SK,소속팀없음,소속팀없음,소속팀없음,소속팀없음,소속팀없음,소속팀없음,소속팀없음
안치홍,79608,기아,기아,기아,기아,기아,소속팀없음,기아,기아,기아,기아,롯데
안태영,74460,소속팀없음,소속팀없음,소속팀없음,키움,키움,소속팀없음,소속팀없음,소속팀없음,소속팀없음,소속팀없음,소속팀없음
알드리지,61332,소속팀없음,키움,소속팀없음,소속팀없음,소속팀없음,소속팀없음,소속팀없음,소속팀없음,소속팀없음,소속팀없음,소속팀없음
알칸타라,69045,소속팀없음,소속팀없음,소속팀없음,소속팀없음,소속팀없음,소속팀없음,소속팀없음,소속팀없음,소속팀없음,KT,두산
알테어,50923,소속팀없음,소속팀없음,소속팀없음,소속팀없음,소속팀없음,소속팀없음,소속팀없음,소속팀없음,소속팀없음,소속팀없음,NC
애디튼,67559,소속팀없음,소속팀없음,소속팀없음,소속팀없음,소속팀없음,소속팀없음,소속팀없음,롯데,소속팀없음,소속팀없음,소속팀없음
앤서니,62644,소속팀없음,소속팀없음,기아,기아,소속팀없음,소속팀없음,소속팀없음,소속팀없음,소속팀없음,소속팀없음,소속팀없음
앨버스,64737,소속팀없음,소속팀없음,소속팀없음,소속팀없음,한화,소속팀없음,소속팀없음,소속팀없음,소속팀없음,소속팀없음,소속팀없음
양기현,67365,소속팀없음,소속팀없음,소속팀없음,소속팀없음,소속팀없음,소속팀없음,소속팀없음,소속팀없음,소속팀없음,키움,키움
양석환,64153,소속팀없음,소속팀없음,소속팀없음,소속팀없음,소속팀없음,LG,LG,LG,LG,소속팀없음,소속팀없음
양성우,62797,소속팀없음,소속팀없음,한화,한화,소속팀없음,소속팀없음,한화,한화,한화,한화,한화
양승진,76759,한화,LG,LG,소속팀없음,소속팀없음,소속팀없음,소속팀없음,소속팀없음,소속팀없음,소속팀없음,소속팀없음
양승철,69646,소속팀없음,소속팀없음,소속팀없음,소속팀없음,소속팀없음,소속팀없음,소속팀없음,소속팀없음,소속팀없음,기아,기아
양영동,76459,소속팀없음,LG,LG,LG,소속팀없음,소속팀없음,소속팀없음,소속팀없음,소속팀없음,소속팀없음,소속팀없음
양우현,69403,소속팀없음,소속팀없음,소속팀없음,소속팀없음,소속팀없음,소속팀없음,소속팀없음,소속팀없음,소속팀없음,삼성,삼성
양원혁,64117,소속팀없음,소속팀없음,소속팀없음,소속팀없음,소속팀없음,LG,소속팀없음,소속팀없음,LG,LG,소속팀없음
양의지,76232,두산,두산,두산,두산,두산,두산,두산,두산,두산,NC,NC
양종민,79530,롯데,롯데,롯데,롯데,두산,두산,소속팀없음,소속팀없음,두산,LG,소속팀없음
양준혁,93410,삼성,소속팀없음,소속팀없음,소속팀없음,소속팀없음,소속팀없음,소속팀없음,소속팀없음,소속팀없음,소속팀없음,소속팀없음
양찬열,50293,소속팀없음,소속팀없음,소속팀없음,소속팀없음,소속팀없음,소속팀없음,소속팀없음,소속팀없음,소속팀없음,소속팀없음,두산
양창섭,68415,소속팀없음,소속팀없음,소속팀없음,소속팀없음,소속팀없음,소속팀없음,소속팀없음,소속팀없음,삼성,소속팀없음,소속팀없음
양현,61268,소속팀없음,두산,소속팀없음,소속팀없음,소속팀없음,두산,소속팀없음,소속팀없음,키움,키움,키움
양현기,80070,소속팀없음,소속팀없음,소속팀없음,소속팀없음,소속팀없음,소속팀없음,소속팀없음,소속팀없음,소속팀없음,소속팀없음,소속팀없음
양현석,70608,소속팀없음,소속팀없음,소속팀없음,소속팀없음,소속팀없음,소속팀없음,소속팀없음,소속팀없음,소속팀없음,소속팀없음,소속팀없음
양현종,77637,기아,기아,기아,기아,기아,기아,기아,기아,기아,기아,기아
양훈,75750,한화,한화,한화,소속팀없음,소속팀없음,키움,키움,키움,소속팀없음,소속팀없음,소속팀없음
어센시오,64641,소속팀없음,소속팀없음,소속팀없음,소속팀없음,기아,소속팀없음,소속팀없음,소속팀없음,소속팀없음,소속팀없음,소속팀없음
어윈,65036,소속팀없음,소속팀없음,소속팀없음,소속팀없음,소속팀없음,KT,소속팀없음,소속팀없음,소속팀없음,소속팀없음,소속팀없음
엄상백,65056,소속팀없음,소속팀없음,소속팀없음,소속팀없음,소속팀없음,KT,KT,KT,KT,KT,소속팀없음
엄정욱,70855,SK,SK,SK,소속팀없음,SK,소속팀없음,소속팀없음,소속팀없음,소속팀없음,소속팀없음,소속팀없음
엄태용,62748,소속팀없음,소속팀없음,소속팀없음,한화,한화,소속팀없음,소속팀없음,소속팀없음,소속팀없음,소속팀없음,소속팀없음
에반,65630,소속팀없음,소속팀없음,소속팀없음,소속팀없음,소속팀없음,기아,소속팀없음,소속팀없음,소속팀없음,소속팀없음,소속팀없음
에반스,66244,소속팀없음,소속팀없음,소속팀없음,소속팀없음,소속팀없음,소속팀없음,두산,두산,소속팀없음,소속팀없음,소속팀없음
여건욱,79825,소속팀없음,소속팀없음,소속팀없음,SK,SK,소속팀없음,소속팀없음,LG,LG,LG,LG
연경흠,76743,소속팀없음,소속팀없음,한화,한화,소속팀없음,소속팀없음,소속팀없음,소속팀없음,소속팀없음,소속팀없음,소속팀없음
예진원,68330,소속팀없음,소속팀없음,소속팀없음,소속팀없음,소속팀없음,소속팀없음,소속팀없음,소속팀없음,키움,키움,소속팀없음
오간도,67748,소속팀없음,소속팀없음,소속팀없음,소속팀없음,소속팀없음,소속팀없음,소속팀없음,한화,소속팀없음,소속팀없음,소속팀없음
오넬리,61726,소속팀없음,한화,소속팀없음,소속팀없음,소속팀없음,소속팀없음,소속팀없음,소속팀없음,소속팀없음,소속팀없음,소속팀없음
오동욱,69703,소속팀없음,소속팀없음,소속팀없음,소속팀없음,소속팀없음,소속팀없음,소속팀없음,소속팀없음,소속팀없음,소속팀없음,한화
오두철,62022,소속팀없음,소속팀없음,소속팀없음,소속팀없음,기아,소속팀없음,소속팀없음,소속팀없음,소속팀없음,소속팀없음,소속팀없음
오명진,50208,소속팀없음,소속팀없음,소속팀없음,소속팀없음,소속팀없음,소속팀없음,소속팀없음,소속팀없음,소속팀없음,소속팀없음,두산
오상민,97815,LG,LG,소속팀없음,소속팀없음,소속팀없음,소속팀없음,소속팀없음,소속팀없음,소속팀없음,소속팀없음,소속팀없음
오석주,67116,소속팀없음,소속팀없음,소속팀없음,소속팀없음,소속팀없음,소속팀없음,소속팀없음,소속팀없음,소속팀없음,LG,소속팀없음
오선우,69636,소속팀없음,소속팀없음,소속팀없음,소속팀없음,소속팀없음,소속팀없음,소속팀없음,소속팀없음,소속팀없음,기아,기아
오선진,78756,한화,한화,한화,한화,소속팀없음,소속팀없음,한화,한화,한화,한화,한화
오설리반,67312,소속팀없음,소속팀없음,소속팀없음,소속팀없음,소속팀없음,소속팀없음,소속팀없음,키움,소속팀없음,소속팀없음,소속팀없음
오성민,75347,소속팀없음,SK,소속팀없음,소속팀없음,소속팀없음,소속팀없음,소속팀없음,소속팀없음,소속팀없음,소속팀없음,소속팀없음
오승환,75421,삼성,삼성,삼성,삼성,소속팀없음,소속팀없음,소속팀없음,소속팀없음,소속팀없음,소속팀없음,삼성
오영수,68904,소속팀없음,소속팀없음,소속팀없음,소속팀없음,소속팀없음,소속팀없음,소속팀없음,소속팀없음,NC,NC,소속팀없음
오원석,50859,소속팀없음,소속팀없음,소속팀없음,소속팀없음,소속팀없음,소속팀없음,소속팀없음,소속팀없음,소속팀없음,소속팀없음,SK
오윤,70312,키움,키움,키움,키움,키움,소속팀없음,소속팀없음,소속팀없음,소속팀없음,소속팀없음,소속팀없음
오윤석,64504,소속팀없음,소속팀없음,소속팀없음,소속팀없음,소속팀없음,롯데,소속팀없음,소속팀없음,롯데,롯데,롯데
오윤성,67360,소속팀없음,소속팀없음,소속팀없음,소속팀없음,소속팀없음,소속팀없음,소속팀없음,키움,소속팀없음,소속팀없음,소속팀없음
오장훈,79544,소속팀없음,소속팀없음,두산,소속팀없음,두산,두산,소속팀없음,소속팀없음,소속팀없음,소속팀없음,소속팀없음
오재원,77248,두산,두산,두산,두산,두산,두산,두산,두산,두산,두산,두산
오재일,75334,키움,키움,키움-두산,두산,두산,두산,두산,두산,두산,두산,두산
오재필,75736,소속팀없음,한화,한화,한화,소속팀없음,소속팀없음,소속팀없음,소속팀없음,소속팀없음,소속팀없음,소속팀없음
오정복,79453,삼성,삼성,소속팀없음,소속팀없음,NC,KT,KT,KT,KT,소속팀없음,소속팀없음
오정환,68614,소속팀없음,소속팀없음,소속팀없음,소속팀없음,소속팀없음,소속팀없음,소속팀없음,소속팀없음,소속팀없음,기아,소속팀없음
오주원,74359,키움,키움,키움,키움,키움,키움,키움,키움,키움,키움,키움
오준혁,61743,소속팀없음,한화,한화,소속팀없음,소속팀없음,한화-기아,기아,기아,기아-KT,SK,SK
오준형,77641,소속팀없음,소속팀없음,기아,기아,소속팀없음,소속팀없음,소속팀없음,소속팀없음,소속팀없음,소속팀없음,소속팀없음
오지환,79109,LG,LG,LG,LG,LG,LG,LG,LG,LG,LG,LG
오카모토,60156,LG,소속팀없음,소속팀없음,소속팀없음,소속팀없음,소속팀없음,소속팀없음,소속팀없음,소속팀없음,소속팀없음,소속팀없음
오태곤,60558,소속팀없음,롯데,소속팀없음,소속팀없음,롯데,롯데,롯데,롯데,KT,KT,KT-SK
오현근,78850,두산,소속팀없음,소속팀없음,두산,소속팀없음,롯데,롯데,소속팀없음,소속팀없음,소속팀없음,소속팀없음
오현택,79293,두산,소속팀없음,소속팀없음,두산,두산,두산,두산,소속팀없음,롯데,롯데,롯데
옥스프링,77199,소속팀없음,소속팀없음,소속팀없음,롯데,롯데,KT,소속팀없음,소속팀없음,소속팀없음,소속팀없음,소속팀없음
올슨,63230,소속팀없음,소속팀없음,소속팀없음,두산,소속팀없음,소속팀없음,소속팀없음,소속팀없음,소속팀없음,소속팀없음,소속팀없음
왈론드,75155,두산,소속팀없음,소속팀없음,소속팀없음,소속팀없음,소속팀없음,소속팀없음,소속팀없음,소속팀없음,소속팀없음,소속팀없음
왕웨이중,68948,소속팀없음,소속팀없음,소속팀없음,소속팀없음,소속팀없음,소속팀없음,소속팀없음,소속팀없음,NC,소속팀없음,소속팀없음
요키시,69343,소속팀없음,소속팀없음,소속팀없음,소속팀없음,소속팀없음,소속팀없음,소속팀없음,소속팀없음,소속팀없음,키움,키움
용덕한,74223,두산,두산,두산-롯데,롯데,롯데,KT-NC,NC,소속팀없음,소속팀없음,소속팀없음,소속팀없음
우규민,73117,소속팀없음,소속팀없음,LG,LG,LG,LG,LG,삼성,삼성,삼성,삼성
우동균,78454,소속팀없음,소속팀없음,삼성,삼성,삼성,삼성,삼성,삼성,소속팀없음,소속팀없음,소속팀없음
울프,64824,소속팀없음,소속팀없음,소속팀없음,소속팀없음,SK,소속팀없음,소속팀없음,소속팀없음,소속팀없음,소속팀없음,소속팀없음
워스,67827,소속팀없음,소속팀없음,소속팀없음,소속팀없음,소속팀없음,소속팀없음,소속팀없음,SK,소속팀없음,소속팀없음,소속팀없음
원용묵,76262,두산,소속팀없음,소속팀없음,두산,소속팀없음,소속팀없음,소속팀없음,소속팀없음,소속팀없음,소속팀없음,소속팀없음
원종현,76118,소속팀없음,소속팀없음,소속팀없음,소속팀없음,NC,소속팀없음,NC,NC,NC,NC,NC
원태인,69446,소속팀없음,소속팀없음,소속팀없음,소속팀없음,소속팀없음,소속팀없음,소속팀없음,소속팀없음,소속팀없음,삼성,삼성
웨버,64956,소속팀없음,소속팀없음,소속팀없음,소속팀없음,NC,소속팀없음,소속팀없음,소속팀없음,소속팀없음,소속팀없음,소속팀없음
웹스터,66402,소속팀없음,소속팀없음,소속팀없음,소속팀없음,소속팀없음,소속팀없음,삼성,소속팀없음,소속팀없음,소속팀없음,소속팀없음
윌랜드,69656,소속팀없음,소속팀없음,소속팀없음,소속팀없음,소속팀없음,소속팀없음,소속팀없음,소속팀없음,소속팀없음,기아,소속팀없음
윌리엄슨,69405,소속팀없음,소속팀없음,소속팀없음,소속팀없음,소속팀없음,소속팀없음,소속팀없음,소속팀없음,소속팀없음,삼성,소속팀없음
윌슨,68135,소속팀없음,소속팀없음,소속팀없음,소속팀없음,소속팀없음,소속팀없음,소속팀없음,소속팀없음,LG,LG,LG
윌슨,69569,소속팀없음,소속팀없음,소속팀없음,소속팀없음,소속팀없음,소속팀없음,소속팀없음,소속팀없음,소속팀없음,롯데,소속팀없음
유강남,61102,소속팀없음,LG,LG,소속팀없음,소속팀없음,LG,LG,LG,LG,LG,LG
유경국,60164,LG,소속팀없음,소속팀없음,소속팀없음,소속팀없음,소속팀없음,LG,소속팀없음,소속팀없음,소속팀없음,소속팀없음
유동훈,99639,기아,기아,기아,기아,소속팀없음,소속팀없음,소속팀없음,소속팀없음,소속팀없음,소속팀없음,소속팀없음
유먼,62597,소속팀없음,소속팀없음,롯데,롯데,롯데,한화,소속팀없음,소속팀없음,소속팀없음,소속팀없음,소속팀없음
유민상,62265,소속팀없음,소속팀없음,소속팀없음,소속팀없음,소속팀없음,두산,KT,KT,기아,기아,기아
유서준,64890,소속팀없음,소속팀없음,소속팀없음,소속팀없음,소속팀없음,SK,SK,소속팀없음,소속팀없음,소속팀없음,SK
유선정,76322,키움,키움,소속팀없음,소속팀없음,소속팀없음,키움,소속팀없음,소속팀없음,소속팀없음,소속팀없음,소속팀없음
유승철,67640,소속팀없음,소속팀없음,소속팀없음,소속팀없음,소속팀없음,소속팀없음,소속팀없음,소속팀없음,기아,기아,소속팀없음
유영준,63903,소속팀없음,소속팀없음,소속팀없음,소속팀없음,소속팀없음,소속팀없음,소속팀없음,NC,소속팀없음,NC,NC
유원상,76757,한화,한화-LG,LG,LG,LG,LG,LG,LG,NC,NC,KT
류원석,63103,소속팀없음,소속팀없음,소속팀없음,소속팀없음,소속팀없음,소속팀없음,소속팀없음,소속팀없음,소속팀없음,LG,LG
유장혁,69766,소속팀없음,소속팀없음,소속팀없음,소속팀없음,소속팀없음,소속팀없음,소속팀없음,소속팀없음,소속팀없음,한화,한화
유재신,76368,소속팀없음,소속팀없음,키움,키움,키움,키움,키움,키움-기아,기아,기아,소속팀없음
유재웅,72220,두산,두산,SK,소속팀없음,소속팀없음,소속팀없음,소속팀없음,소속팀없음,소속팀없음,소속팀없음,소속팀없음
유재유,66160,소속팀없음,소속팀없음,소속팀없음,소속팀없음,소속팀없음,소속팀없음,LG,LG,두산,소속팀없음,소속팀없음
유재혁,61604,소속팀없음,소속팀없음,소속팀없음,기아,소속팀없음,소속팀없음,소속팀없음,소속팀없음,소속팀없음,소속팀없음,소속팀없음
유재훈,66359,소속팀없음,소속팀없음,소속팀없음,소속팀없음,소속팀없음,소속팀없음,키움,소속팀없음,소속팀없음,소속팀없음,소속팀없음
유창식,61715,소속팀없음,한화,한화,한화,한화,한화-기아,기아,소속팀없음,소속팀없음,소속팀없음,소속팀없음
유창준,63295,소속팀없음,소속팀없음,소속팀없음,두산,두산,소속팀없음,소속팀없음,소속팀없음,소속팀없음,소속팀없음,소속팀없음
유필선,96513,소속팀없음,소속팀없음,소속팀없음,소속팀없음,소속팀없음,소속팀없음,소속팀없음,소속팀없음,소속팀없음,소속팀없음,소속팀없음
유한준,74339,키움,키움,키움,키움,키움,키움,KT,KT,KT,KT,KT
유희관,79229,두산,소속팀없음,소속팀없음,두산,두산,두산,두산,두산,두산,두산,두산
윤강민,63936,소속팀없음,소속팀없음,소속팀없음,NC,소속팀없음,NC,소속팀없음,소속팀없음,NC,NC,소속팀없음
윤경영,74761,한화,소속팀없음,소속팀없음,소속팀없음,소속팀없음,소속팀없음,소속팀없음,소속팀없음,소속팀없음,소속팀없음,소속팀없음
윤규진,73750,한화,한화,소속팀없음,소속팀없음,한화,한화,한화,한화,한화,한화,한화
윤근영,75730,한화,한화,한화,한화,한화,KT,KT,KT,KT,소속팀없음,소속팀없음
윤기호,78730,한화,한화,소속팀없음,소속팀없음,한화,한화,소속팀없음,소속팀없음,소속팀없음,소속팀없음,소속팀없음
윤길현,72862,소속팀없음,소속팀없음,SK,SK,SK,SK,롯데,롯데,롯데,롯데,소속팀없음
윤대경,63464,소속팀없음,소속팀없음,소속팀없음,소속팀없음,소속팀없음,소속팀없음,소속팀없음,소속팀없음,소속팀없음,소속팀없음,한화
윤형준,63905,소속팀없음,소속팀없음,소속팀없음,소속팀없음,소속팀없음,소속팀없음,소속팀없음,소속팀없음,LG,소속팀없음,LG
윤도경,78242,소속팀없음,소속팀없음,소속팀없음,소속팀없음,소속팀없음,KT,소속팀없음,소속팀없음,소속팀없음,소속팀없음,소속팀없음
윤명준,62242,소속팀없음,소속팀없음,두산,두산,두산,두산,두산,소속팀없음,소속팀없음,두산,두산
윤병호,62016,소속팀없음,소속팀없음,소속팀없음,소속팀없음,소속팀없음,NC,NC,NC,NC,소속팀없음,소속팀없음
윤석민,74215,소속팀없음,두산,두산,두산,키움,키움,키움,키움-KT,KT,KT,SK
윤석민,75620,기아,기아,기아,기아,소속팀없음,기아,기아,소속팀없음,기아,소속팀없음,소속팀없음
윤석주,79840,소속팀없음,소속팀없음,소속팀없음,소속팀없음,소속팀없음,SK,소속팀없음,소속팀없음,소속팀없음,소속팀없음,소속팀없음
윤성빈,67588,소속팀없음,소속팀없음,소속팀없음,소속팀없음,소속팀없음,소속팀없음,소속팀없음,소속팀없음,롯데,롯데,소속팀없음
윤성환,74454,삼성,삼성,삼성,삼성,삼성,삼성,삼성,삼성,삼성,삼성,삼성
윤수강,62537,소속팀없음,소속팀없음,롯데,소속팀없음,소속팀없음,KT,소속팀없음,소속팀없음,NC,NC,소속팀없음
윤수호,65064,소속팀없음,소속팀없음,소속팀없음,소속팀없음,소속팀없음,소속팀없음,소속팀없음,NC,NC-두산,소속팀없음,소속팀없음
윤영삼,61456,소속팀없음,소속팀없음,소속팀없음,소속팀없음,키움,소속팀없음,소속팀없음,키움,키움,키움,소속팀없음
윤영수,65405,소속팀없음,소속팀없음,소속팀없음,소속팀없음,소속팀없음,삼성,소속팀없음,소속팀없음,소속팀없음,소속팀없음,소속팀없음
윤요섭,78892,SK-LG,LG,LG,LG,LG,KT,KT,KT,소속팀없음,소속팀없음,소속팀없음
윤정우,61652,소속팀없음,기아,LG,소속팀없음,소속팀없음,소속팀없음,기아,소속팀없음,SK,소속팀없음,소속팀없음
윤정현,69399,소속팀없음,소속팀없음,소속팀없음,소속팀없음,소속팀없음,소속팀없음,소속팀없음,소속팀없음,소속팀없음,키움,키움
윤중환,79869,소속팀없음,SK,소속팀없음,소속팀없음,소속팀없음,SK,소속팀없음,소속팀없음,소속팀없음,소속팀없음,소속팀없음
윤지웅,61329,소속팀없음,키움,소속팀없음,소속팀없음,LG,LG,LG,LG,LG,NC,소속팀없음
윤진호,79198,LG,LG,LG,소속팀없음,소속팀없음,LG,LG,LG,LG,LG,소속팀없음
윤해진,62668,소속팀없음,소속팀없음,기아,기아,기아,기아,기아,소속팀없음,소속팀없음,기아,소속팀없음
윤형배,92506,소속팀없음,소속팀없음,소속팀없음,소속팀없음,NC,소속팀없음,소속팀없음,소속팀없음,소속팀없음,소속팀없음,소속팀없음
윤호솔,63961,소속팀없음,소속팀없음,소속팀없음,소속팀없음,소속팀없음,소속팀없음,소속팀없음,소속팀없음,소속팀없음,한화,한화
윤효섭,79653,기아,소속팀없음,소속팀없음,소속팀없음,소속팀없음,소속팀없음,소속팀없음,소속팀없음,소속팀없음,소속팀없음,소속팀없음
윤희상,74838,SK,SK,SK,SK,SK,SK,SK,SK,SK,소속팀없음,소속팀없음
이강준,50036,소속팀없음,소속팀없음,소속팀없음,소속팀없음,소속팀없음,소속팀없음,소속팀없음,소속팀없음,소속팀없음,소속팀없음,KT
이거연,50819,소속팀없음,소속팀없음,소속팀없음,소속팀없음,소속팀없음,소속팀없음,소속팀없음,소속팀없음,소속팀없음,소속팀없음,SK
이건욱,64861,소속팀없음,소속팀없음,소속팀없음,소속팀없음,소속팀없음,소속팀없음,SK,SK,소속팀없음,소속팀없음,SK
이경우,61569,소속팀없음,소속팀없음,롯데,소속팀없음,소속팀없음,롯데,롯데,소속팀없음,소속팀없음,소속팀없음,소속팀없음
이경필,97230,소속팀없음,소속팀없음,소속팀없음,소속팀없음,소속팀없음,소속팀없음,소속팀없음,소속팀없음,소속팀없음,소속팀없음,소속팀없음
이교훈,69205,소속팀없음,소속팀없음,소속팀없음,소속팀없음,소속팀없음,소속팀없음,소속팀없음,소속팀없음,소속팀없음,소속팀없음,두산
이국필,68913,소속팀없음,소속팀없음,소속팀없음,소속팀없음,소속팀없음,소속팀없음,소속팀없음,소속팀없음,소속팀없음,소속팀없음,소속팀없음
이규대,60439,소속팀없음,삼성,소속팀없음,소속팀없음,소속팀없음,소속팀없음,소속팀없음,소속팀없음,소속팀없음,소속팀없음,소속팀없음
이대수,72860,한화,한화,한화,한화,한화-SK,SK,SK,SK,SK,소속팀없음,소속팀없음
이대은,67008,소속팀없음,소속팀없음,소속팀없음,소속팀없음,소속팀없음,소속팀없음,소속팀없음,소속팀없음,소속팀없음,KT,KT
이대진,93626,기아,기아-LG,LG,소속팀없음,소속팀없음,소속팀없음,소속팀없음,소속팀없음,소속팀없음,소속팀없음,소속팀없음
이대형,73153,LG,LG,LG,LG,기아,KT,KT,KT,KT,KT,소속팀없음
이대호,71564,롯데,롯데,소속팀없음,소속팀없음,소속팀없음,소속팀없음,소속팀없음,롯데,롯데,롯데,롯데
이대환,72333,키움,LG,LG,기아,소속팀없음,NC,소속팀없음,소속팀없음,소속팀없음,소속팀없음,소속팀없음
이도윤,65703,소속팀없음,소속팀없음,소속팀없음,소속팀없음,소속팀없음,소속팀없음,소속팀없음,소속팀없음,한화,소속팀없음,소속팀없음
이도형,93225,한화,소속팀없음,소속팀없음,소속팀없음,소속팀없음,소속팀없음,소속팀없음,소속팀없음,소속팀없음,소속팀없음,소속팀없음
이동걸,77452,소속팀없음,삼성,삼성,삼성,한화,한화,한화,한화,한화,소속팀없음,소속팀없음
이동원,62294,소속팀없음,소속팀없음,소속팀없음,소속팀없음,소속팀없음,소속팀없음,소속팀없음,소속팀없음,소속팀없음,소속팀없음,두산
이동학,70356,키움,소속팀없음,소속팀없음,소속팀없음,소속팀없음,소속팀없음,소속팀없음,소속팀없음,소속팀없음,소속팀없음,소속팀없음
이동현,74620,기아-한화,소속팀없음,소속팀없음,소속팀없음,소속팀없음,소속팀없음,소속팀없음,소속팀없음,소속팀없음,소속팀없음,소속팀없음
이동현,71118,LG,LG,LG,LG,LG,LG,LG,LG,LG,LG,소속팀없음
이동훈,66702,소속팀없음,소속팀없음,소속팀없음,소속팀없음,소속팀없음,소속팀없음,한화,한화,한화,한화,한화
이동훈,63606,소속팀없음,소속팀없음,소속팀없음,기아,소속팀없음,소속팀없음,소속팀없음,소속팀없음,소속팀없음,소속팀없음,소속팀없음
이두환,77242,두산,소속팀없음,소속팀없음,소속팀없음,소속팀없음,소속팀없음,소속팀없음,소속팀없음,소속팀없음,소속팀없음,소속팀없음
이명기,76849,SK,소속팀없음,소속팀없음,SK,SK,SK,SK,기아,기아,기아-NC,NC
이명우,72535,롯데,롯데,롯데,롯데,롯데,롯데,롯데,롯데,롯데,소속팀없음,소속팀없음
이명환,78694,소속팀없음,소속팀없음,소속팀없음,NC,소속팀없음,소속팀없음,소속팀없음,소속팀없음,소속팀없음,소속팀없음,소속팀없음
이민우,65616,소속팀없음,소속팀없음,소속팀없음,소속팀없음,소속팀없음,소속팀없음,소속팀없음,기아,기아,기아,기아
이민재,61194,소속팀없음,소속팀없음,LG,소속팀없음,소속팀없음,LG,소속팀없음,소속팀없음,소속팀없음,소속팀없음,소속팀없음
이민호,62929,소속팀없음,소속팀없음,소속팀없음,NC,NC,NC,NC,NC,NC,NC,NC
이민호,50126,소속팀없음,소속팀없음,소속팀없음,소속팀없음,소속팀없음,소속팀없음,소속팀없음,소속팀없음,소속팀없음,소속팀없음,LG
이범준,78119,LG,LG,소속팀없음,소속팀없음,소속팀없음,소속팀없음,소속팀없음,소속팀없음,소속팀없음,소속팀없음,소속팀없음
이범호,70756,소속팀없음,기아,기아,기아,기아,기아,기아,기아,기아,기아,소속팀없음
이병규,76100,LG,LG,LG,LG,LG,LG,LG,LG,롯데,롯데,소속팀없음
이병규,97109,LG,LG,LG,LG,LG,LG,LG,소속팀없음,소속팀없음,소속팀없음,소속팀없음
이보근,75342,키움,키움,키움,키움,소속팀없음,소속팀없음,키움,키움,키움,키움,KT
이브랜드,63737,소속팀없음,소속팀없음,소속팀없음,한화,소속팀없음,소속팀없음,소속팀없음,소속팀없음,소속팀없음,소속팀없음,소속팀없음
이상규,65117,소속팀없음,소속팀없음,소속팀없음,소속팀없음,소속팀없음,소속팀없음,소속팀없음,소속팀없음,소속팀없음,LG,LG
이상동,69054,소속팀없음,소속팀없음,소속팀없음,소속팀없음,소속팀없음,소속팀없음,소속팀없음,소속팀없음,소속팀없음,KT,KT
이상민,63960,소속팀없음,소속팀없음,소속팀없음,NC,키움,키움,소속팀없음,소속팀없음,키움,소속팀없음,삼성
이상백,60864,소속팀없음,소속팀없음,소속팀없음,소속팀없음,SK,소속팀없음,소속팀없음,소속팀없음,소속팀없음,소속팀없음,소속팀없음
이상열,96720,LG,LG,LG,LG,LG,소속팀없음,소속팀없음,소속팀없음,소속팀없음,소속팀없음,소속팀없음
이상영,69168,소속팀없음,소속팀없음,소속팀없음,소속팀없음,소속팀없음,소속팀없음,소속팀없음,소속팀없음,소속팀없음,LG,소속팀없음
이상호,60566,소속팀없음,소속팀없음,소속팀없음,NC,NC,소속팀없음,NC,NC,NC,NC,NC
이상화,77563,소속팀없음,소속팀없음,롯데,롯데,롯데,롯데,KT,KT,KT,소속팀없음,KT
이상화,74647,기아,기아,소속팀없음,소속팀없음,소속팀없음,소속팀없음,소속팀없음,소속팀없음,소속팀없음,소속팀없음,소속팀없음
이상훈,78847,소속팀없음,SK,소속팀없음,소속팀없음,소속팀없음,소속팀없음,소속팀없음,소속팀없음,소속팀없음,소속팀없음,소속팀없음
이상훈,60724,한화,소속팀없음,한화,삼성,삼성,삼성,삼성,소속팀없음,소속팀없음,소속팀없음,소속팀없음
이선우,69068,소속팀없음,소속팀없음,소속팀없음,소속팀없음,소속팀없음,소속팀없음,소속팀없음,소속팀없음,소속팀없음,KT,KT
이성곤,64266,소속팀없음,소속팀없음,소속팀없음,소속팀없음,두산,소속팀없음,소속팀없음,두산,삼성,삼성,삼성
이성규,66409,소속팀없음,소속팀없음,소속팀없음,소속팀없음,소속팀없음,소속팀없음,삼성,삼성,소속팀없음,삼성,삼성
이성민,63935,소속팀없음,소속팀없음,소속팀없음,NC,NC,KT-롯데,롯데,소속팀없음,소속팀없음,소속팀없음,소속팀없음
이성열,73136,두산,두산,두산-키움,키움,키움,키움-한화,한화,한화,한화,한화,한화
이성우,71184,기아,기아,기아,기아,기아,기아,기아,SK,SK,LG,LG
이성진,60198,소속팀없음,소속팀없음,LG,소속팀없음,소속팀없음,소속팀없음,소속팀없음,소속팀없음,소속팀없음,소속팀없음,소속팀없음
이성호,78768,한화,소속팀없음,소속팀없음,소속팀없음,소속팀없음,소속팀없음,소속팀없음,소속팀없음,소속팀없음,소속팀없음,소속팀없음
이수민,64464,소속팀없음,소속팀없음,소속팀없음,소속팀없음,삼성,소속팀없음,소속팀없음,삼성,소속팀없음,소속팀없음,소속팀없음
이숭용,94310,키움,키움,소속팀없음,소속팀없음,소속팀없음,소속팀없음,소속팀없음,소속팀없음,소속팀없음,소속팀없음,소속팀없음
이승민,68211,소속팀없음,소속팀없음,소속팀없음,소속팀없음,소속팀없음,소속팀없음,소속팀없음,소속팀없음,소속팀없음,소속팀없음,삼성
이승민,50464,소속팀없음,소속팀없음,소속팀없음,소속팀없음,소속팀없음,소속팀없음,소속팀없음,소속팀없음,소속팀없음,소속팀없음,두산
이승엽,95436,소속팀없음,소속팀없음,삼성,삼성,삼성,삼성,삼성,삼성,소속팀없음,소속팀없음,소속팀없음
이승우,77154,소속팀없음,소속팀없음,LG,소속팀없음,소속팀없음,소속팀없음,소속팀없음,소속팀없음,소속팀없음,소속팀없음,소속팀없음
이승재,76553,소속팀없음,소속팀없음,소속팀없음,소속팀없음,NC,소속팀없음,소속팀없음,소속팀없음,소속팀없음,소속팀없음,소속팀없음
이승주,50012,소속팀없음,소속팀없음,소속팀없음,소속팀없음,소속팀없음,소속팀없음,소속팀없음,소속팀없음,소속팀없음,소속팀없음,소속팀없음
이승주,74346,소속팀없음,키움,소속팀없음,소속팀없음,소속팀없음,소속팀없음,소속팀없음,소속팀없음,소속팀없음,소속팀없음,소속팀없음
이승진,64805,소속팀없음,소속팀없음,소속팀없음,소속팀없음,소속팀없음,소속팀없음,소속팀없음,소속팀없음,SK,SK,두산
이승헌,68529,소속팀없음,소속팀없음,소속팀없음,소속팀없음,소속팀없음,소속팀없음,소속팀없음,소속팀없음,소속팀없음,롯데,NC
이승헌,68910,소속팀없음,소속팀없음,소속팀없음,소속팀없음,소속팀없음,소속팀없음,소속팀없음,소속팀없음,소속팀없음,소속팀없음,롯데
이승현,60146,소속팀없음,소속팀없음,소속팀없음,소속팀없음,소속팀없음,LG,LG,삼성,삼성,삼성,삼성
이승호,67603,소속팀없음,소속팀없음,소속팀없음,소속팀없음,소속팀없음,소속팀없음,소속팀없음,소속팀없음,키움,키움,키움
이승호,70820,SK,SK,롯데,NC,소속팀없음,NC,소속팀없음,소속팀없음,소속팀없음,소속팀없음,소속팀없음
이승호,99137,SK,SK,소속팀없음,소속팀없음,소속팀없음,소속팀없음,소속팀없음,소속팀없음,소속팀없음,소속팀없음,소속팀없음
이시찬,74148,LG,LG,한화,한화,한화,한화,소속팀없음,소속팀없음,소속팀없음,소속팀없음,소속팀없음
이양기,73725,한화,한화,한화,한화,한화,소속팀없음,한화,한화,소속팀없음,소속팀없음,소속팀없음
이여상,76435,한화,한화,한화,한화,소속팀없음,롯데,롯데,소속팀없음,소속팀없음,소속팀없음,소속팀없음
이영수,74650,기아,소속팀없음,소속팀없음,소속팀없음,소속팀없음,소속팀없음,소속팀없음,소속팀없음,소속팀없음,소속팀없음,소속팀없음
이영우,96734,한화,소속팀없음,소속팀없음,소속팀없음,소속팀없음,소속팀없음,소속팀없음,소속팀없음,소속팀없음,소속팀없음,소속팀없음
이영욱,73825,소속팀없음,SK,SK,SK,소속팀없음,소속팀없음,소속팀없음,소속팀없음,소속팀없음,소속팀없음,소속팀없음
이영욱,78467,삼성,삼성,소속팀없음,소속팀없음,삼성,삼성,삼성,삼성,기아,소속팀없음,소속팀없음
이영재,91416,소속팀없음,소속팀없음,소속팀없음,소속팀없음,소속팀없음,소속팀없음,LG,소속팀없음,소속팀없음,소속팀없음,소속팀없음
이영준,64051,소속팀없음,소속팀없음,소속팀없음,소속팀없음,소속팀없음,소속팀없음,소속팀없음,키움,키움,키움,키움
이영하,66291,소속팀없음,소속팀없음,소속팀없음,소속팀없음,소속팀없음,소속팀없음,소속팀없음,두산,두산,두산,두산
이용규,74163,기아,기아,기아,기아,한화,한화,한화,한화,한화,소속팀없음,한화
이용찬,77211,두산,두산,두산,두산,두산,소속팀없음,두산,두산,두산,두산,두산
이용호,77253,소속팀없음,소속팀없음,소속팀없음,소속팀없음,소속팀없음,두산,두산,두산,소속팀없음,소속팀없음,소속팀없음
이용훈,70434,롯데,롯데,롯데,소속팀없음,소속팀없음,소속팀없음,소속팀없음,소속팀없음,소속팀없음,소속팀없음,소속팀없음
이우민,71565,롯데,롯데,롯데,롯데,롯데,롯데,롯데,롯데,소속팀없음,소속팀없음,소속팀없음
이우석,65964,소속팀없음,소속팀없음,소속팀없음,소속팀없음,소속팀없음,소속팀없음,소속팀없음,소속팀없음,NC,NC,소속팀없음
이우선,79442,삼성,삼성,삼성,삼성,삼성,소속팀없음,소속팀없음,소속팀없음,소속팀없음,소속팀없음,소속팀없음
이우성,63260,소속팀없음,소속팀없음,소속팀없음,소속팀없음,소속팀없음,소속팀없음,두산,두산,두산-NC,NC-기아,기아
이우찬,61145,소속팀없음,소속팀없음,소속팀없음,소속팀없음,소속팀없음,소속팀없음,소속팀없음,소속팀없음,LG,LG,LG
이원석,75566,두산,두산,두산,두산,두산,소속팀없음,두산,삼성,삼성,삼성,삼성
이원석,68700,소속팀없음,소속팀없음,소속팀없음,소속팀없음,소속팀없음,소속팀없음,소속팀없음,소속팀없음,소속팀없음,한화,소속팀없음
이원재,62025,소속팀없음,소속팀없음,소속팀없음,소속팀없음,소속팀없음,소속팀없음,소속팀없음,NC,NC,NC,NC
이원재,77229,두산,소속팀없음,두산,소속팀없음,소속팀없음,두산,소속팀없음,소속팀없음,소속팀없음,소속팀없음,소속팀없음
이원준,67863,소속팀없음,소속팀없음,소속팀없음,소속팀없음,소속팀없음,소속팀없음,소속팀없음,소속팀없음,SK,SK,SK
이유찬,67207,소속팀없음,소속팀없음,소속팀없음,소속팀없음,소속팀없음,소속팀없음,소속팀없음,소속팀없음,두산,두산,두산
이윤재,61865,소속팀없음,소속팀없음,소속팀없음,소속팀없음,소속팀없음,소속팀없음,소속팀없음,소속팀없음,SK,소속팀없음,소속팀없음
이윤학,63137,소속팀없음,소속팀없음,소속팀없음,소속팀없음,소속팀없음,KT,소속팀없음,소속팀없음,소속팀없음,소속팀없음,소속팀없음
이은총,64602,소속팀없음,소속팀없음,소속팀없음,소속팀없음,소속팀없음,기아,소속팀없음,소속팀없음,소속팀없음,소속팀없음,소속팀없음
이인구,73563,롯데,롯데,롯데,롯데,소속팀없음,소속팀없음,소속팀없음,소속팀없음,소속팀없음,소속팀없음,소속팀없음
이인복,64565,소속팀없음,소속팀없음,소속팀없음,소속팀없음,롯데,롯데,소속팀없음,소속팀없음,소속팀없음,롯데,롯데
이인행,60648,소속팀없음,소속팀없음,소속팀없음,소속팀없음,소속팀없음,기아,소속팀없음,기아,기아,기아,소속팀없음
이인혁,68901,소속팀없음,소속팀없음,소속팀없음,소속팀없음,소속팀없음,소속팀없음,소속팀없음,소속팀없음,NC,NC,소속팀없음
이재곤,77566,롯데,롯데,롯데,롯데,소속팀없음,롯데,소속팀없음,소속팀없음,소속팀없음,소속팀없음,소속팀없음
이재근,67092,소속팀없음,소속팀없음,소속팀없음,소속팀없음,소속팀없음,소속팀없음,소속팀없음,KT,소속팀없음,소속팀없음,소속팀없음
이재영,72216,LG-SK,SK,SK,SK,SK,SK,소속팀없음,소속팀없음,소속팀없음,소속팀없음,소속팀없음
이재우,71260,두산,소속팀없음,두산,두산,두산,두산,한화,소속팀없음,소속팀없음,소속팀없음,소속팀없음
이재원,76812,SK,소속팀없음,SK,SK,SK,SK,SK,SK,SK,SK,SK
이재원,68106,소속팀없음,소속팀없음,소속팀없음,소속팀없음,소속팀없음,소속팀없음,소속팀없음,소속팀없음,소속팀없음,소속팀없음,LG
이재율,66968,소속팀없음,소속팀없음,소속팀없음,소속팀없음,소속팀없음,소속팀없음,NC,NC,NC,소속팀없음,소속팀없음
이재익,63492,소속팀없음,소속팀없음,소속팀없음,소속팀없음,소속팀없음,소속팀없음,소속팀없음,소속팀없음,소속팀없음,소속팀없음,삼성
이재학,60263,두산,소속팀없음,소속팀없음,NC,NC,NC,NC,NC,NC,NC,NC
이정담,61557,소속팀없음,소속팀없음,소속팀없음,소속팀없음,소속팀없음,소속팀없음,SK,소속팀없음,소속팀없음,소속팀없음,소속팀없음
이정민,72551,롯데,롯데,롯데,소속팀없음,롯데,롯데,롯데,롯데,소속팀없음,소속팀없음,소속팀없음
이정식,74402,삼성,삼성,삼성,삼성,삼성,삼성,삼성,소속팀없음,소속팀없음,소속팀없음,소속팀없음
이정용,69134,소속팀없음,소속팀없음,소속팀없음,소속팀없음,소속팀없음,소속팀없음,소속팀없음,소속팀없음,소속팀없음,소속팀없음,LG
이정현,67048,소속팀없음,소속팀없음,소속팀없음,소속팀없음,소속팀없음,소속팀없음,소속팀없음,소속팀없음,소속팀없음,KT,소속팀없음
이정호,61262,소속팀없음,소속팀없음,소속팀없음,두산,두산,소속팀없음,소속팀없음,소속팀없음,소속팀없음,소속팀없음,소속팀없음
이정호,71433,키움,소속팀없음,소속팀없음,소속팀없음,소속팀없음,소속팀없음,소속팀없음,소속팀없음,소속팀없음,소속팀없음,소속팀없음
이정후,67341,소속팀없음,소속팀없음,소속팀없음,소속팀없음,소속팀없음,소속팀없음,소속팀없음,키움,키움,키움,키움
이정훈,97541,롯데,키움,키움,키움,키움,키움,키움,소속팀없음,소속팀없음,소속팀없음,소속팀없음
이정훈,67644,소속팀없음,소속팀없음,소속팀없음,소속팀없음,소속팀없음,소속팀없음,소속팀없음,기아,소속팀없음,기아,기아
이정훈,60635,소속팀없음,소속팀없음,기아,소속팀없음,소속팀없음,소속팀없음,소속팀없음,소속팀없음,소속팀없음,소속팀없음,소속팀없음
이종범,93607,기아,기아,소속팀없음,소속팀없음,소속팀없음,소속팀없음,소속팀없음,소속팀없음,소속팀없음,소속팀없음,소속팀없음
이종석,65661,소속팀없음,소속팀없음,소속팀없음,소속팀없음,소속팀없음,기아,소속팀없음,소속팀없음,소속팀없음,소속팀없음,소속팀없음
이종욱,73339,두산,두산,두산,두산,NC,NC,NC,NC,NC,소속팀없음,소속팀없음
이종혁,67066,소속팀없음,소속팀없음,소속팀없음,소속팀없음,소속팀없음,소속팀없음,소속팀없음,KT,KT,KT,소속팀없음
이종환,60667,기아,소속팀없음,기아,기아,기아,기아-한화,한화,한화,소속팀없음,소속팀없음,소속팀없음
이주엽,50262,소속팀없음,소속팀없음,소속팀없음,소속팀없음,소속팀없음,소속팀없음,소속팀없음,소속팀없음,소속팀없음,소속팀없음,두산
이준수,77654,소속팀없음,소속팀없음,한화,한화,한화,소속팀없음,소속팀없음,소속팀없음,KT,KT,소속팀없음
이준영,65665,소속팀없음,소속팀없음,소속팀없음,소속팀없음,소속팀없음,소속팀없음,기아,소속팀없음,소속팀없음,기아,기아
이준형,62463,소속팀없음,소속팀없음,소속팀없음,소속팀없음,소속팀없음,LG-KT,LG,소속팀없음,소속팀없음,소속팀없음,소속팀없음
이준호,60693,소속팀없음,기아,기아,기아,소속팀없음,소속팀없음,소속팀없음,소속팀없음,소속팀없음,소속팀없음,소속팀없음
이지모,62522,소속팀없음,소속팀없음,소속팀없음,롯데,소속팀없음,소속팀없음,소속팀없음,소속팀없음,소속팀없음,소속팀없음,소속팀없음
이지영,79456,소속팀없음,소속팀없음,삼성,삼성,삼성,삼성,삼성,삼성,삼성,키움,키움
이지찬,64013,소속팀없음,소속팀없음,소속팀없음,소속팀없음,소속팀없음,KT,소속팀없음,소속팀없음,소속팀없음,소속팀없음,소속팀없음
이진석,64895,소속팀없음,소속팀없음,소속팀없음,소속팀없음,소속팀없음,SK,SK,소속팀없음,소속팀없음,소속팀없음,소속팀없음
이진영,99810,LG,LG,LG,LG,LG,LG,KT-기아,KT-기아,KT,기아,기아
이찬건,66504,소속팀없음,소속팀없음,소속팀없음,소속팀없음,소속팀없음,소속팀없음,소속팀없음,소속팀없음,소속팀없음,롯데,소속팀없음
이찬혁,67164,소속팀없음,소속팀없음,소속팀없음,소속팀없음,소속팀없음,소속팀없음,소속팀없음,소속팀없음,소속팀없음,소속팀없음,LG
이창섭,60304,키움,소속팀없음,소속팀없음,NC,NC,NC,소속팀없음,소속팀없음,소속팀없음,소속팀없음,소속팀없음
이창열,64706,소속팀없음,소속팀없음,소속팀없음,소속팀없음,한화,한화,소속팀없음,한화,소속팀없음,한화,소속팀없음
이창욱,77854,소속팀없음,소속팀없음,소속팀없음,소속팀없음,SK,SK,소속팀없음,소속팀없음,소속팀없음,소속팀없음,소속팀없음
이창재,65057,소속팀없음,소속팀없음,소속팀없음,소속팀없음,소속팀없음,KT,KT,소속팀없음,소속팀없음,소속팀없음,KT
이창진,64560,소속팀없음,소속팀없음,소속팀없음,소속팀없음,롯데,롯데-KT,소속팀없음,소속팀없음,KT-기아,기아,기아
이천웅,61186,소속팀없음,소속팀없음,LG,LG,소속팀없음,소속팀없음,LG,LG,LG,LG,LG
이충호,63749,소속팀없음,소속팀없음,소속팀없음,소속팀없음,소속팀없음,소속팀없음,소속팀없음,한화,소속팀없음,한화,소속팀없음
이케빈,66444,소속팀없음,소속팀없음,소속팀없음,소속팀없음,소속팀없음,소속팀없음,소속팀없음,소속팀없음,소속팀없음,SK,소속팀없음
이태양,61323,소속팀없음,키움,키움,NC,NC,NC,NC,소속팀없음,소속팀없음,소속팀없음,소속팀없음
이태양,60768,소속팀없음,소속팀없음,한화,한화,한화,소속팀없음,한화,한화,한화,한화,한화-SK
이태원,60102,소속팀없음,소속팀없음,소속팀없음,NC,NC,소속팀없음,소속팀없음,소속팀없음,소속팀없음,소속팀없음,소속팀없음
이택근,73342,LG,LG,키움,키움,키움,키움,키움,키움,키움,소속팀없음,키움
이학주,69453,소속팀없음,소속팀없음,소속팀없음,소속팀없음,소속팀없음,소속팀없음,소속팀없음,소속팀없음,소속팀없음,삼성,삼성
이한진,76822,SK,소속팀없음,소속팀없음,SK,SK,SK,소속팀없음,소속팀없음,소속팀없음,소속팀없음,소속팀없음
이해창,60343,소속팀없음,키움,소속팀없음,소속팀없음,소속팀없음,KT,KT,KT,KT,KT,한화
이현곤,72606,기아,기아,기아,NC,NC,소속팀없음,소속팀없음,소속팀없음,소속팀없음,소속팀없음,소속팀없음
이현동,62499,소속팀없음,소속팀없음,소속팀없음,소속팀없음,소속팀없음,소속팀없음,소속팀없음,삼성,소속팀없음,삼성,소속팀없음
이현석,65869,소속팀없음,소속팀없음,소속팀없음,소속팀없음,소속팀없음,SK,SK,소속팀없음,소속팀없음,SK,SK
이현승,76329,두산,두산,소속팀없음,소속팀없음,두산,두산,두산,두산,두산,두산,두산
이현호,61214,소속팀없음,두산,두산,소속팀없음,소속팀없음,두산,두산,두산,두산,두산,한화
이형범,62951,소속팀없음,소속팀없음,소속팀없음,NC,소속팀없음,소속팀없음,소속팀없음,NC,NC,두산,두산
이형종,78135,LG,소속팀없음,소속팀없음,소속팀없음,소속팀없음,소속팀없음,LG,LG,LG,LG,LG
이혜천,98259,소속팀없음,두산,두산,두산,NC,NC,소속팀없음,소속팀없음,소속팀없음,소속팀없음,소속팀없음
이호신,77648,소속팀없음,소속팀없음,기아,소속팀없음,소속팀없음,기아,기아,기아,소속팀없음,소속팀없음,소속팀없음
이호준,94629,SK,SK,SK,NC,NC,NC,NC,NC,소속팀없음,소속팀없음,소속팀없음
이호중,65937,소속팀없음,소속팀없음,소속팀없음,소속팀없음,소속팀없음,소속팀없음,소속팀없음,소속팀없음,소속팀없음,소속팀없음,NC
이홍구,63634,소속팀없음,소속팀없음,소속팀없음,기아,소속팀없음,기아,기아,기아-SK,소속팀없음,소속팀없음,SK-KT
이흥련,63440,소속팀없음,소속팀없음,소속팀없음,소속팀없음,삼성,삼성,삼성,소속팀없음,두산,두산,두산-SK
이희근,78739,한화,한화,소속팀없음,소속팀없음,한화,소속팀없음,소속팀없음,소속팀없음,소속팀없음,소속팀없음,소속팀없음
이희성,61357,소속팀없음,소속팀없음,LG,소속팀없음,소속팀없음,소속팀없음,소속팀없음,소속팀없음,소속팀없음,소속팀없음,소속팀없음
임경완,98521,롯데,롯데,SK,SK,SK,한화,소속팀없음,소속팀없음,소속팀없음,소속팀없음,소속팀없음
임경훈,62793,소속팀없음,소속팀없음,소속팀없음,한화,소속팀없음,소속팀없음,소속팀없음,소속팀없음,소속팀없음,소속팀없음,소속팀없음
임규빈,65398,소속팀없음,소속팀없음,소속팀없음,소속팀없음,소속팀없음,소속팀없음,소속팀없음,소속팀없음,소속팀없음,키움,키움
임기영,62754,소속팀없음,소속팀없음,한화,한화,한화,소속팀없음,소속팀없음,기아,기아,기아,기아
임기준,60634,소속팀없음,소속팀없음,기아,소속팀없음,소속팀없음,기아,기아,기아,기아,기아,소속팀없음
임대한,66493,소속팀없음,소속팀없음,소속팀없음,소속팀없음,소속팀없음,소속팀없음,삼성,삼성,소속팀없음,소속팀없음,소속팀없음
임도현,78128,소속팀없음,소속팀없음,소속팀없음,LG,소속팀없음,소속팀없음,소속팀없음,소속팀없음,소속팀없음,소속팀없음,소속팀없음
임병욱,64346,소속팀없음,소속팀없음,소속팀없음,소속팀없음,소속팀없음,키움,키움,키움,키움,키움,키움
임서준,66990,소속팀없음,소속팀없음,소속팀없음,소속팀없음,소속팀없음,소속팀없음,NC,소속팀없음,소속팀없음,소속팀없음,소속팀없음
임석진,66833,소속팀없음,소속팀없음,소속팀없음,소속팀없음,소속팀없음,소속팀없음,SK,소속팀없음,소속팀없음,소속팀없음,소속팀없음
임성헌,78843,SK,소속팀없음,소속팀없음,소속팀없음,소속팀없음,소속팀없음,소속팀없음,소속팀없음,소속팀없음,소속팀없음,소속팀없음
임세업,72458,소속팀없음,소속팀없음,소속팀없음,한화,소속팀없음,소속팀없음,소속팀없음,소속팀없음,소속팀없음,소속팀없음,소속팀없음
임익준,77464,삼성,소속팀없음,한화,한화,한화,한화,한화,한화,소속팀없음,소속팀없음,소속팀없음
임재철,99507,두산,두산,두산,두산,LG,롯데,소속팀없음,소속팀없음,소속팀없음,소속팀없음,소속팀없음
임재현,64803,소속팀없음,소속팀없음,소속팀없음,소속팀없음,소속팀없음,소속팀없음,소속팀없음,소속팀없음,소속팀없음,SK,소속팀없음
임정우,61891,소속팀없음,SK,LG,LG,LG,LG,LG,LG,LG,소속팀없음,소속팀없음
임정호,63959,소속팀없음,소속팀없음,소속팀없음,소속팀없음,소속팀없음,NC,NC,NC,소속팀없음,NC,NC
임종찬,50704,소속팀없음,소속팀없음,소속팀없음,소속팀없음,소속팀없음,소속팀없음,소속팀없음,소속팀없음,소속팀없음,소속팀없음,한화
임종혁,63554,소속팀없음,소속팀없음,소속팀없음,롯데,롯데,소속팀없음,소속팀없음,소속팀없음,소속팀없음,소속팀없음,소속팀없음
임준섭,62611,소속팀없음,소속팀없음,소속팀없음,기아,기아,기아-한화,소속팀없음,소속팀없음,한화,한화,한화
임준혁,73632,소속팀없음,기아,기아,기아,기아,기아,기아-SK,SK,SK,소속팀없음,소속팀없음
임지섭,64155,소속팀없음,소속팀없음,소속팀없음,소속팀없음,LG,LG,소속팀없음,소속팀없음,LG,LG,소속팀없음
임지열,64340,소속팀없음,소속팀없음,소속팀없음,소속팀없음,소속팀없음,소속팀없음,소속팀없음,소속팀없음,소속팀없음,키움,키움
임진우,60441,삼성,삼성,삼성,소속팀없음,소속팀없음,소속팀없음,소속팀없음,두산,소속팀없음,소속팀없음,소속팀없음
임찬규,61101,소속팀없음,LG,LG,LG,소속팀없음,소속팀없음,LG,LG,LG,LG,LG
임창민,78352,소속팀없음,소속팀없음,키움,NC,NC,NC,NC,NC,NC,NC,NC
임창용,95657,소속팀없음,소속팀없음,소속팀없음,소속팀없음,삼성,삼성,기아,기아,기아,소속팀없음,소속팀없음
임치영,62868,소속팀없음,소속팀없음,SK,SK,소속팀없음,소속팀없음,소속팀없음,SK,소속팀없음,소속팀없음,소속팀없음
임태준,77326,소속팀없음,소속팀없음,소속팀없음,소속팀없음,키움,소속팀없음,소속팀없음,소속팀없음,소속팀없음,소속팀없음,소속팀없음
임태훈,77251,두산,두산,두산,두산,두산,소속팀없음,소속팀없음,소속팀없음,소속팀없음,소속팀없음,소속팀없음
임한용,60655,기아,기아,소속팀없음,소속팀없음,소속팀없음,소속팀없음,소속팀없음,소속팀없음,소속팀없음,소속팀없음,소속팀없음
임현준,61457,소속팀없음,삼성,소속팀없음,소속팀없음,삼성,삼성,삼성,삼성,삼성,삼성,삼성
임형원,50900,소속팀없음,소속팀없음,소속팀없음,소속팀없음,소속팀없음,소속팀없음,소속팀없음,소속팀없음,소속팀없음,소속팀없음,NC
임훈,74823,SK,SK,SK,SK,SK,SK-LG,LG,LG,LG,소속팀없음,소속팀없음
장민석,71347,키움,키움,키움,키움,두산,두산,한화,한화,소속팀없음,소속팀없음,소속팀없음
장민익,60255,두산,두산,소속팀없음,소속팀없음,두산,두산,소속팀없음,두산,두산,소속팀없음,소속팀없음
장민재,79764,한화,한화,소속팀없음,소속팀없음,소속팀없음,한화,한화,한화,한화,한화,한화
장성우,78548,롯데,롯데,소속팀없음,소속팀없음,롯데,롯데-KT,소속팀없음,KT,KT,KT,KT
장성호,96610,한화,한화,한화,롯데,롯데,KT,소속팀없음,소속팀없음,소속팀없음,소속팀없음,소속팀없음
장승현,63202,소속팀없음,소속팀없음,소속팀없음,소속팀없음,소속팀없음,소속팀없음,소속팀없음,소속팀없음,두산,두산,두산
장시윤,63360,소속팀없음,소속팀없음,소속팀없음,소속팀없음,소속팀없음,키움,키움,소속팀없음,LG,소속팀없음,소속팀없음
장시환,77318,소속팀없음,키움,키움,키움,키움,KT,KT,롯데-KT,롯데,롯데,한화
장영석,79334,키움,키움,키움,소속팀없음,소속팀없음,키움,키움,키움,키움,키움,기아
장운호,63700,소속팀없음,소속팀없음,소속팀없음,한화,한화,한화,한화,소속팀없음,소속팀없음,한화,한화
장원삼,76355,삼성,삼성,삼성,삼성,삼성,삼성,삼성,삼성,삼성,LG,롯데
장원준,74513,롯데,롯데,소속팀없음,소속팀없음,롯데,두산,두산,두산,두산,두산,소속팀없음
장종덕,60340,키움,소속팀없음,소속팀없음,소속팀없음,소속팀없음,소속팀없음,소속팀없음,소속팀없음,소속팀없음,소속팀없음,소속팀없음
장준원,64115,소속팀없음,소속팀없음,소속팀없음,소속팀없음,소속팀없음,LG,LG,LG,소속팀없음,소속팀없음,LG
장지수,69645,소속팀없음,소속팀없음,소속팀없음,소속팀없음,소속팀없음,소속팀없음,소속팀없음,소속팀없음,소속팀없음,기아,소속팀없음
장지훈,67443,소속팀없음,소속팀없음,소속팀없음,소속팀없음,소속팀없음,소속팀없음,소속팀없음,삼성,삼성,삼성,삼성
장진용,74139,소속팀없음,소속팀없음,소속팀없음,소속팀없음,LG,LG,LG,소속팀없음,소속팀없음,소속팀없음,소속팀없음
장진혁,66706,소속팀없음,소속팀없음,소속팀없음,소속팀없음,소속팀없음,소속팀없음,소속팀없음,소속팀없음,한화,한화,한화
장태성,79642,기아,소속팀없음,소속팀없음,소속팀없음,소속팀없음,소속팀없음,소속팀없음,소속팀없음,소속팀없음,소속팀없음,소속팀없음
장필준,77927,소속팀없음,소속팀없음,소속팀없음,소속팀없음,소속팀없음,삼성,삼성,삼성,삼성,삼성,삼성
장현식,63950,소속팀없음,소속팀없음,소속팀없음,NC,소속팀없음,NC,NC,NC,NC,NC,NC-기아
저마노,61434,소속팀없음,삼성,소속팀없음,소속팀없음,소속팀없음,KT,소속팀없음,소속팀없음,소속팀없음,소속팀없음,소속팀없음
전근표,70364,한화,소속팀없음,소속팀없음,소속팀없음,소속팀없음,소속팀없음,소속팀없음,소속팀없음,소속팀없음,소속팀없음,소속팀없음
전민수,78361,소속팀없음,소속팀없음,소속팀없음,소속팀없음,소속팀없음,소속팀없음,KT,KT,KT,LG,LG
전민재,68205,소속팀없음,소속팀없음,소속팀없음,소속팀없음,소속팀없음,소속팀없음,소속팀없음,소속팀없음,두산,두산,소속팀없음
전병두,73228,SK,SK,소속팀없음,소속팀없음,소속팀없음,소속팀없음,SK,소속팀없음,소속팀없음,소속팀없음,소속팀없음
전병우,65586,소속팀없음,소속팀없음,소속팀없음,소속팀없음,소속팀없음,소속팀없음,소속팀없음,소속팀없음,롯데,롯데,키움
전사민,69969,소속팀없음,소속팀없음,소속팀없음,소속팀없음,소속팀없음,소속팀없음,소속팀없음,소속팀없음,소속팀없음,NC,소속팀없음
전상현,66609,소속팀없음,소속팀없음,소속팀없음,소속팀없음,소속팀없음,소속팀없음,기아,소속팀없음,기아,기아,기아
전용주,69047,소속팀없음,소속팀없음,소속팀없음,소속팀없음,소속팀없음,소속팀없음,소속팀없음,소속팀없음,소속팀없음,KT,소속팀없음
전용훈,64267,소속팀없음,소속팀없음,소속팀없음,소속팀없음,소속팀없음,소속팀없음,소속팀없음,두산,소속팀없음,소속팀없음,소속팀없음
전우엽,78650,기아,소속팀없음,소속팀없음,소속팀없음,소속팀없음,소속팀없음,소속팀없음,소속팀없음,소속팀없음,소속팀없음,소속팀없음
전유수,75340,소속팀없음,소속팀없음,SK,SK,SK,SK,SK,SK,SK,KT,KT
전인환,79339,소속팀없음,소속팀없음,소속팀없음,소속팀없음,소속팀없음,소속팀없음,LG,소속팀없음,LG,소속팀없음,소속팀없음
전준우,78513,롯데,롯데,롯데,롯데,롯데,소속팀없음,롯데,롯데,롯데,롯데,롯데
전준호,94364,SK,SK,소속팀없음,소속팀없음,소속팀없음,소속팀없음,소속팀없음,소속팀없음,소속팀없음,소속팀없음,소속팀없음
전준호,67123,소속팀없음,소속팀없음,소속팀없음,소속팀없음,소속팀없음,소속팀없음,소속팀없음,소속팀없음,소속팀없음,LG,소속팀없음
전현태,75706,한화,한화,한화,한화,한화,기아,소속팀없음,소속팀없음,소속팀없음,소속팀없음,소속팀없음
정경운,66716,소속팀없음,소속팀없음,소속팀없음,소속팀없음,소속팀없음,소속팀없음,소속팀없음,한화,한화,소속팀없음,소속팀없음
정광운,64769,소속팀없음,소속팀없음,소속팀없음,소속팀없음,소속팀없음,한화,소속팀없음,소속팀없음,소속팀없음,소속팀없음,소속팀없음
정규창,62894,소속팀없음,소속팀없음,소속팀없음,SK,소속팀없음,소속팀없음,소속팀없음,소속팀없음,소속팀없음,소속팀없음,소속팀없음
정근우,75808,SK,SK,SK,SK,한화,한화,한화,한화,한화,한화,LG
정기훈,64209,소속팀없음,소속팀없음,소속팀없음,소속팀없음,소속팀없음,소속팀없음,소속팀없음,소속팀없음,소속팀없음,소속팀없음,한화
정대현,71801,SK,SK,롯데,롯데,롯데,롯데,롯데,소속팀없음,소속팀없음,소속팀없음,소속팀없음
정대현,60264,두산,두산,두산,두산,두산,KT,KT,KT-키움,소속팀없음,소속팀없음,키움
정대훈,78760,소속팀없음,소속팀없음,한화,한화,한화,한화,한화,소속팀없음,소속팀없음,소속팀없음,소속팀없음
정동윤,66858,소속팀없음,소속팀없음,소속팀없음,소속팀없음,소속팀없음,소속팀없음,소속팀없음,SK,SK,소속팀없음,소속팀없음
정동현,66659,소속팀없음,소속팀없음,소속팀없음,소속팀없음,소속팀없음,소속팀없음,기아,기아,소속팀없음,소속팀없음,소속팀없음
정민혁,77746,소속팀없음,한화,한화,한화,소속팀없음,소속팀없음,소속팀없음,소속팀없음,소속팀없음,소속팀없음,소속팀없음
정범모,76720,소속팀없음,소속팀없음,한화,한화,한화,한화,한화,한화,NC,NC,소속팀없음
정범수,61304,소속팀없음,키움,소속팀없음,소속팀없음,소속팀없음,소속팀없음,소속팀없음,소속팀없음,소속팀없음,소속팀없음,소속팀없음
정병곤,61104,소속팀없음,LG,소속팀없음,삼성,소속팀없음,소속팀없음,소속팀없음,삼성,삼성,두산,소속팀없음
정보근,68518,소속팀없음,소속팀없음,소속팀없음,소속팀없음,소속팀없음,소속팀없음,소속팀없음,소속팀없음,소속팀없음,롯데,롯데
정보명,73513,롯데,롯데,롯데,롯데,소속팀없음,소속팀없음,소속팀없음,소속팀없음,소속팀없음,소속팀없음,소속팀없음
정상교,61658,소속팀없음,기아,기아,소속팀없음,소속팀없음,소속팀없음,소속팀없음,소속팀없음,소속팀없음,소속팀없음,소속팀없음
정상호,71842,SK,SK,SK,SK,SK,SK,LG,LG,LG,LG,두산
정성곤,65058,소속팀없음,소속팀없음,소속팀없음,소속팀없음,소속팀없음,KT,KT,KT,KT,KT,소속팀없음
정성종,68556,소속팀없음,소속팀없음,소속팀없음,소속팀없음,소속팀없음,소속팀없음,소속팀없음,소속팀없음,롯데,롯데,소속팀없음
정성훈,99606,LG,LG,LG,LG,LG,LG,LG,LG,기아,소속팀없음,소속팀없음
정수민,66960,소속팀없음,소속팀없음,소속팀없음,소속팀없음,소속팀없음,소속팀없음,NC,NC,NC,NC,소속팀없음
정수빈,79231,두산,두산,두산,두산,두산,두산,두산,소속팀없음,두산,두산,두산
정수성,97350,키움,소속팀없음,키움,키움,소속팀없음,소속팀없음,소속팀없음,소속팀없음,소속팀없음,소속팀없음,소속팀없음
정영일,62056,소속팀없음,소속팀없음,소속팀없음,소속팀없음,소속팀없음,소속팀없음,SK,SK,SK,SK,SK
정용운,79617,기아,소속팀없음,소속팀없음,소속팀없음,소속팀없음,소속팀없음,기아,기아,기아,소속팀없음,LG
정용준,65368,소속팀없음,소속팀없음,소속팀없음,소속팀없음,소속팀없음,소속팀없음,키움,소속팀없음,소속팀없음,소속팀없음,소속팀없음
정우람,74857,SK,SK,SK,소속팀없음,소속팀없음,SK,한화,한화,한화,한화,한화
정우영,69159,소속팀없음,소속팀없음,소속팀없음,소속팀없음,소속팀없음,소속팀없음,소속팀없음,소속팀없음,소속팀없음,LG,LG
정원석,70240,한화,한화,한화,소속팀없음,소속팀없음,소속팀없음,소속팀없음,소속팀없음,소속팀없음,소속팀없음,소속팀없음
정은원,68743,소속팀없음,소속팀없음,소속팀없음,소속팀없음,소속팀없음,소속팀없음,소속팀없음,소속팀없음,한화,한화,한화
정의윤,75151,소속팀없음,LG,LG,LG,LG,LG-SK,SK,SK,SK,SK,SK
정인욱,79440,삼성,삼성,삼성,소속팀없음,소속팀없음,삼성,삼성,삼성,삼성,삼성,소속팀없음
정재복,73166,LG,소속팀없음,LG,소속팀없음,소속팀없음,소속팀없음,소속팀없음,소속팀없음,소속팀없음,소속팀없음,소속팀없음
정재원,74748,한화,한화,한화,한화,한화,한화,한화,한화,한화-SK,SK,소속팀없음
정재원,50394,소속팀없음,소속팀없음,소속팀없음,소속팀없음,소속팀없음,소속팀없음,소속팀없음,소속팀없음,소속팀없음,소속팀없음,소속팀없음
정재훈,73241,두산,두산,두산,두산,두산,롯데,두산,소속팀없음,소속팀없음,소속팀없음,소속팀없음
정주현,79150,LG,LG,LG,LG,소속팀없음,소속팀없음,LG,LG,LG,LG,LG
정주후,65096,소속팀없음,소속팀없음,소속팀없음,소속팀없음,소속팀없음,소속팀없음,KT,KT,소속팀없음,소속팀없음,소속팀없음
정준혁,63558,소속팀없음,소속팀없음,소속팀없음,소속팀없음,소속팀없음,소속팀없음,소속팀없음,소속팀없음,소속팀없음,롯데,소속팀없음
정진,62941,소속팀없음,소속팀없음,소속팀없음,NC,소속팀없음,소속팀없음,소속팀없음,소속팀없음,소속팀없음,소속팀없음,소속팀없음
정진기,61869,소속팀없음,SK,SK,SK,소속팀없음,소속팀없음,소속팀없음,SK,SK,SK,SK
정진수,50414,소속팀없음,소속팀없음,소속팀없음,소속팀없음,소속팀없음,소속팀없음,소속팀없음,소속팀없음,소속팀없음,소속팀없음,소속팀없음
정진식,94724,소속팀없음,소속팀없음,소속팀없음,소속팀없음,소속팀없음,소속팀없음,소속팀없음,소속팀없음,소속팀없음,소속팀없음,소속팀없음
정진용,70249,소속팀없음,소속팀없음,소속팀없음,소속팀없음,소속팀없음,소속팀없음,소속팀없음,소속팀없음,소속팀없음,소속팀없음,소속팀없음
정진원,71757,소속팀없음,소속팀없음,소속팀없음,소속팀없음,소속팀없음,소속팀없음,소속팀없음,소속팀없음,소속팀없음,소속팀없음,소속팀없음
정진철,65293,소속팀없음,소속팀없음,소속팀없음,소속팀없음,소속팀없음,소속팀없음,두산,소속팀없음,소속팀없음,소속팀없음,소속팀없음
정진호,61208,소속팀없음,두산,두산,소속팀없음,소속팀없음,두산,두산,두산,두산,두산,한화
정찬헌,78148,소속팀없음,소속팀없음,소속팀없음,LG,LG,LG,LG,LG,LG,LG,LG
정태승,62595,소속팀없음,소속팀없음,소속팀없음,롯데,소속팀없음,소속팀없음,소속팀없음,소속팀없음,롯데,롯데,롯데
정해영,50662,소속팀없음,소속팀없음,소속팀없음,소속팀없음,소속팀없음,소속팀없음,소속팀없음,소속팀없음,소속팀없음,소속팀없음,기아
정현,63450,소속팀없음,소속팀없음,소속팀없음,삼성,삼성,소속팀없음,소속팀없음,KT,KT,KT-SK,SK
정현민,69305,소속팀없음,소속팀없음,소속팀없음,소속팀없음,소속팀없음,소속팀없음,소속팀없음,소속팀없음,소속팀없음,소속팀없음,소속팀없음
정현발,95101,소속팀없음,소속팀없음,소속팀없음,소속팀없음,소속팀없음,소속팀없음,소속팀없음,소속팀없음,소속팀없음,소속팀없음,소속팀없음
정현석,78745,한화,소속팀없음,소속팀없음,한화,한화,한화,한화,한화,소속팀없음,소속팀없음,소속팀없음
정현욱,96462,삼성,삼성,삼성,LG,LG,소속팀없음,LG,소속팀없음,소속팀없음,소속팀없음,소속팀없음
정현택,98129,소속팀없음,소속팀없음,소속팀없음,소속팀없음,소속팀없음,소속팀없음,소속팀없음,소속팀없음,소속팀없음,소속팀없음,소속팀없음
정현희,99317,소속팀없음,소속팀없음,소속팀없음,소속팀없음,소속팀없음,소속팀없음,소속팀없음,소속팀없음,소속팀없음,소속팀없음,소속팀없음
정형식,79459,삼성,삼성,삼성,삼성,삼성,소속팀없음,소속팀없음,소속팀없음,소속팀없음,소속팀없음,소속팀없음
정회찬,60342,소속팀없음,키움,소속팀없음,소속팀없음,소속팀없음,키움,키움,소속팀없음,소속팀없음,소속팀없음,소속팀없음
정훈,60523,롯데,롯데,롯데,롯데,롯데,롯데,롯데,롯데,롯데,롯데,롯데
정희상,75762,한화,소속팀없음,소속팀없음,소속팀없음,소속팀없음,소속팀없음,소속팀없음,소속팀없음,소속팀없음,소속팀없음,소속팀없음
제춘모,72801,SK,소속팀없음,SK,소속팀없음,SK,소속팀없음,소속팀없음,소속팀없음,소속팀없음,소속팀없음,소속팀없음
조규수,70755,두산,소속팀없음,소속팀없음,소속팀없음,소속팀없음,소속팀없음,소속팀없음,소속팀없음,소속팀없음,소속팀없음,소속팀없음
조근종,63104,소속팀없음,소속팀없음,소속팀없음,소속팀없음,소속팀없음,소속팀없음,소속팀없음,KT,소속팀없음,KT,소속팀없음
조성운,63348,소속팀없음,소속팀없음,소속팀없음,소속팀없음,소속팀없음,소속팀없음,소속팀없음,소속팀없음,키움,키움,키움
조동찬,72466,삼성,삼성,삼성,삼성,삼성,소속팀없음,삼성,삼성,삼성,소속팀없음,소속팀없음
조동화,71848,SK,SK,SK,SK,SK,SK,SK,소속팀없음,소속팀없음,소속팀없음,소속팀없음
조무근,65067,소속팀없음,소속팀없음,소속팀없음,소속팀없음,소속팀없음,KT,KT,KT,롯데,롯데,소속팀없음
조병욱,67045,소속팀없음,소속팀없음,소속팀없음,소속팀없음,소속팀없음,소속팀없음,소속팀없음,소속팀없음,소속팀없음,소속팀없음,KT
조상우,63342,소속팀없음,소속팀없음,소속팀없음,키움,키움,키움,소속팀없음,키움,키움,키움,키움
조성모,64802,소속팀없음,소속팀없음,소속팀없음,소속팀없음,소속팀없음,소속팀없음,SK,소속팀없음,소속팀없음,소속팀없음,소속팀없음
조성우,60891,소속팀없음,소속팀없음,소속팀없음,SK,SK,소속팀없음,소속팀없음,소속팀없음,소속팀없음,소속팀없음,소속팀없음
조성환,99543,롯데,롯데,롯데,롯데,롯데,소속팀없음,소속팀없음,소속팀없음,소속팀없음,소속팀없음,소속팀없음
조성훈,68848,소속팀없음,소속팀없음,소속팀없음,소속팀없음,소속팀없음,소속팀없음,소속팀없음,소속팀없음,SK,소속팀없음,소속팀없음
조셉,69150,소속팀없음,소속팀없음,소속팀없음,소속팀없음,소속팀없음,소속팀없음,소속팀없음,소속팀없음,소속팀없음,LG,소속팀없음
조수행,66209,소속팀없음,소속팀없음,소속팀없음,소속팀없음,소속팀없음,소속팀없음,두산,두산,두산,소속팀없음,소속팀없음
조쉬벨,64154,소속팀없음,소속팀없음,소속팀없음,소속팀없음,LG,소속팀없음,소속팀없음,소속팀없음,소속팀없음,소속팀없음,소속팀없음
조승수,79235,두산,두산,소속팀없음,소속팀없음,소속팀없음,두산,두산,두산,소속팀없음,소속팀없음,소속팀없음
조영건,69360,소속팀없음,소속팀없음,소속팀없음,소속팀없음,소속팀없음,소속팀없음,소속팀없음,소속팀없음,소속팀없음,키움,키움
조영민,74726,소속팀없음,SK,소속팀없음,소속팀없음,소속팀없음,소속팀없음,소속팀없음,소속팀없음,소속팀없음,소속팀없음,소속팀없음
조영우,64768,소속팀없음,소속팀없음,소속팀없음,소속팀없음,한화,한화,소속팀없음,소속팀없음,소속팀없음,SK,SK
조영훈,75441,삼성,삼성,삼성-기아,NC,NC,NC,NC,NC,소속팀없음,소속팀없음,소속팀없음
조용호,64868,소속팀없음,소속팀없음,소속팀없음,소속팀없음,소속팀없음,소속팀없음,소속팀없음,SK,SK,KT,KT
조원빈,66992,소속팀없음,소속팀없음,소속팀없음,소속팀없음,소속팀없음,소속팀없음,소속팀없음,소속팀없음,NC,소속팀없음,소속팀없음
조윤준,62147,소속팀없음,소속팀없음,LG,LG,LG,LG,LG,LG,소속팀없음,소속팀없음,소속팀없음
조인성,98144,LG,LG,SK,SK,SK-한화,한화,한화,한화,소속팀없음,소속팀없음,소속팀없음
조재호,72313,키움,SK,SK,소속팀없음,소속팀없음,소속팀없음,소속팀없음,소속팀없음,소속팀없음,소속팀없음,소속팀없음
조정원,63792,소속팀없음,소속팀없음,소속팀없음,한화,한화,한화,소속팀없음,소속팀없음,소속팀없음,소속팀없음,소속팀없음
조정훈,75537,롯데,소속팀없음,소속팀없음,소속팀없음,소속팀없음,소속팀없음,소속팀없음,롯데,롯데,소속팀없음,소속팀없음
조제영,50296,소속팀없음,소속팀없음,소속팀없음,소속팀없음,소속팀없음,소속팀없음,소속팀없음,소속팀없음,소속팀없음,소속팀없음,두산
조중근,71835,키움,키움,키움,키움,소속팀없음,KT,소속팀없음,소속팀없음,소속팀없음,소속팀없음,소속팀없음
조지훈,63730,소속팀없음,소속팀없음,소속팀없음,한화,한화,소속팀없음,소속팀없음,소속팀없음,소속팀없음,소속팀없음,소속팀없음
조태수,73657,기아,기아,기아,소속팀없음,소속팀없음,소속팀없음,소속팀없음,소속팀없음,소속팀없음,소속팀없음,소속팀없음
조평호,74358,소속팀없음,키움,소속팀없음,NC,NC,NC,NC,NC,소속팀없음,소속팀없음,소속팀없음
조필현,90475,소속팀없음,소속팀없음,소속팀없음,소속팀없음,소속팀없음,소속팀없음,소속팀없음,소속팀없음,소속팀없음,소속팀없음,소속팀없음
조한민,69705,소속팀없음,소속팀없음,소속팀없음,소속팀없음,소속팀없음,소속팀없음,소속팀없음,소속팀없음,소속팀없음,소속팀없음,한화
조한욱,65827,소속팀없음,소속팀없음,소속팀없음,소속팀없음,소속팀없음,소속팀없음,SK,소속팀없음,소속팀없음,KT,소속팀없음
조현근,75268,소속팀없음,소속팀없음,소속팀없음,삼성,삼성,삼성,삼성,소속팀없음,소속팀없음,소속팀없음,소속팀없음
조현우,64047,소속팀없음,소속팀없음,소속팀없음,소속팀없음,소속팀없음,롯데,소속팀없음,소속팀없음,소속팀없음,KT,KT
조홍석,63593,소속팀없음,소속팀없음,소속팀없음,롯데,롯데,롯데,소속팀없음,소속팀없음,롯데,롯데,소속팀없음
주권,65060,소속팀없음,소속팀없음,소속팀없음,소속팀없음,소속팀없음,KT,KT,KT,KT,KT,KT
주재필,73440,소속팀없음,소속팀없음,소속팀없음,소속팀없음,소속팀없음,소속팀없음,소속팀없음,소속팀없음,소속팀없음,소속팀없음,소속팀없음
주키치,61154,소속팀없음,LG,LG,LG,소속팀없음,소속팀없음,소속팀없음,소속팀없음,소속팀없음,소속팀없음,소속팀없음
주현상,65707,소속팀없음,소속팀없음,소속팀없음,소속팀없음,소속팀없음,한화,한화,소속팀없음,소속팀없음,소속팀없음,소속팀없음
주효상,66354,소속팀없음,소속팀없음,소속팀없음,소속팀없음,소속팀없음,소속팀없음,키움,키움,키움,키움,키움
지석훈,73306,소속팀없음,키움,키움,키움-NC,NC,NC,NC,NC,NC,NC,NC
지성준,64717,소속팀없음,소속팀없음,소속팀없음,소속팀없음,소속팀없음,한화,한화,소속팀없음,한화,한화,롯데
지승민,71715,두산,소속팀없음,소속팀없음,소속팀없음,소속팀없음,소속팀없음,소속팀없음,소속팀없음,소속팀없음,소속팀없음,소속팀없음
지재옥,62302,소속팀없음,소속팀없음,키움,키움,소속팀없음,소속팀없음,키움,소속팀없음,소속팀없음,소속팀없음,소속팀없음
지크,66628,소속팀없음,소속팀없음,소속팀없음,소속팀없음,소속팀없음,소속팀없음,기아,소속팀없음,소속팀없음,소속팀없음,소속팀없음
진갑용,97202,삼성,삼성,삼성,삼성,삼성,삼성,소속팀없음,소속팀없음,소속팀없음,소속팀없음,소속팀없음
진명호,79545,롯데,롯데,롯데,롯데,소속팀없음,소속팀없음,소속팀없음,롯데,롯데,롯데,롯데
진야곱,78257,두산,소속팀없음,소속팀없음,소속팀없음,소속팀없음,두산,두산,소속팀없음,소속팀없음,소속팀없음,소속팀없음
진정필,89771,소속팀없음,소속팀없음,소속팀없음,소속팀없음,소속팀없음,소속팀없음,소속팀없음,소속팀없음,소속팀없음,소속팀없음,소속팀없음
진필중,95235,소속팀없음,소속팀없음,소속팀없음,소속팀없음,소속팀없음,소속팀없음,소속팀없음,소속팀없음,소속팀없음,소속팀없음,소속팀없음
진해수,76650,소속팀없음,소속팀없음,기아,SK-기아,SK,LG-SK,LG,LG,LG,LG,LG
차명진,64615,소속팀없음,소속팀없음,소속팀없음,소속팀없음,소속팀없음,소속팀없음,소속팀없음,소속팀없음,소속팀없음,기아,소속팀없음
차우찬,76455,삼성,삼성,삼성,삼성,삼성,삼성,삼성,LG,LG,LG,LG
차일목,73602,기아,기아,기아,기아,기아,기아,한화,한화,소속팀없음,소속팀없음,소속팀없음
차재용,65509,소속팀없음,소속팀없음,소속팀없음,소속팀없음,소속팀없음,롯데,롯데,롯데,소속팀없음,롯데,키움
차정민,75663,기아,기아,소속팀없음,소속팀없음,소속팀없음,소속팀없음,소속팀없음,소속팀없음,소속팀없음,소속팀없음,소속팀없음
차화준,75307,소속팀없음,소속팀없음,키움,NC,소속팀없음,소속팀없음,소속팀없음,소속팀없음,소속팀없음,소속팀없음,소속팀없음
찰리,63939,소속팀없음,소속팀없음,소속팀없음,NC,NC,NC,소속팀없음,소속팀없음,소속팀없음,소속팀없음,소속팀없음
채기영,64085,소속팀없음,소속팀없음,소속팀없음,소속팀없음,소속팀없음,한화,소속팀없음,소속팀없음,소속팀없음,소속팀없음,소속팀없음
채드벨,69748,소속팀없음,소속팀없음,소속팀없음,소속팀없음,소속팀없음,소속팀없음,소속팀없음,소속팀없음,소속팀없음,한화,한화
채병용,71845,소속팀없음,소속팀없음,SK,SK,SK,SK,SK,SK,SK,SK,소속팀없음
채상병,72742,삼성,삼성,삼성,소속팀없음,소속팀없음,소속팀없음,소속팀없음,소속팀없음,소속팀없음,소속팀없음,소속팀없음
채상현,66302,소속팀없음,소속팀없음,소속팀없음,소속팀없음,소속팀없음,소속팀없음,소속팀없음,키움,소속팀없음,소속팀없음,소속팀없음
채선관,61929,소속팀없음,소속팀없음,소속팀없음,소속팀없음,소속팀없음,소속팀없음,KT,소속팀없음,소속팀없음,소속팀없음,소속팀없음
채은성,79192,소속팀없음,소속팀없음,소속팀없음,소속팀없음,LG,LG,LG,LG,LG,LG,LG
채종범,70833,기아,소속팀없음,소속팀없음,소속팀없음,소속팀없음,소속팀없음,소속팀없음,소속팀없음,소속팀없음,소속팀없음,소속팀없음
채지선,65241,소속팀없음,소속팀없음,소속팀없음,소속팀없음,소속팀없음,소속팀없음,소속팀없음,소속팀없음,소속팀없음,소속팀없음,두산
채태인,77463,삼성,삼성,삼성,삼성,삼성,삼성,키움,키움,롯데,롯데,SK
채현우,69804,소속팀없음,소속팀없음,소속팀없음,소속팀없음,소속팀없음,소속팀없음,소속팀없음,소속팀없음,소속팀없음,SK,소속팀없음
천성호,50054,소속팀없음,소속팀없음,소속팀없음,소속팀없음,소속팀없음,소속팀없음,소속팀없음,소속팀없음,소속팀없음,소속팀없음,KT
초이스,67394,소속팀없음,소속팀없음,소속팀없음,소속팀없음,소속팀없음,소속팀없음,소속팀없음,키움,키움,소속팀없음,소속팀없음
최건,68036,소속팀없음,소속팀없음,소속팀없음,소속팀없음,소속팀없음,소속팀없음,소속팀없음,소속팀없음,KT,KT,소속팀없음
최건호,73650,소속팀없음,소속팀없음,소속팀없음,소속팀없음,소속팀없음,소속팀없음,소속팀없음,소속팀없음,소속팀없음,소속팀없음,소속팀없음
최경모,69802,소속팀없음,소속팀없음,소속팀없음,소속팀없음,소속팀없음,소속팀없음,소속팀없음,소속팀없음,소속팀없음,SK,소속팀없음
최경철,73824,SK,SK,SK-키움,LG,LG,LG,LG,삼성,소속팀없음,소속팀없음,소속팀없음
최금강,62966,소속팀없음,소속팀없음,소속팀없음,NC,NC,NC,NC,NC,NC,소속팀없음,소속팀없음
최대성,74543,소속팀없음,소속팀없음,롯데,롯데,롯데,롯데-KT,소속팀없음,소속팀없음,두산,두산,소속팀없음
최동수,94132,LG-SK,SK,LG,LG,소속팀없음,소속팀없음,소속팀없음,소속팀없음,소속팀없음,소속팀없음,소속팀없음
최동환,79140,LG,소속팀없음,소속팀없음,소속팀없음,LG,LG,LG,LG,LG,LG,LG
최민구,65447,소속팀없음,소속팀없음,소속팀없음,소속팀없음,소속팀없음,삼성,소속팀없음,소속팀없음,소속팀없음,소속팀없음,소속팀없음
최민재,63895,소속팀없음,소속팀없음,소속팀없음,소속팀없음,소속팀없음,소속팀없음,소속팀없음,소속팀없음,소속팀없음,SK,소속팀없음
최민준,68856,소속팀없음,소속팀없음,소속팀없음,소속팀없음,소속팀없음,소속팀없음,소속팀없음,소속팀없음,SK,소속팀없음,소속팀없음
최민창,65157,소속팀없음,소속팀없음,소속팀없음,소속팀없음,소속팀없음,소속팀없음,소속팀없음,LG,소속팀없음,소속팀없음,소속팀없음
최병연,60658,소속팀없음,소속팀없음,소속팀없음,소속팀없음,소속팀없음,기아,기아,기아,소속팀없음,소속팀없음,소속팀없음
최병욱,64259,소속팀없음,소속팀없음,소속팀없음,소속팀없음,두산,소속팀없음,소속팀없음,소속팀없음,소속팀없음,소속팀없음,소속팀없음
최선호,64493,소속팀없음,소속팀없음,소속팀없음,소속팀없음,소속팀없음,삼성,삼성,소속팀없음,소속팀없음,삼성,소속팀없음
최성민,79137,LG,LG,소속팀없음,소속팀없음,소속팀없음,소속팀없음,소속팀없음,소속팀없음,소속팀없음,소속팀없음,소속팀없음
최성영,66920,소속팀없음,소속팀없음,소속팀없음,소속팀없음,소속팀없음,소속팀없음,NC,NC,NC,NC,NC
최성훈,62146,소속팀없음,소속팀없음,LG,LG,소속팀없음,소속팀없음,LG,LG,LG,소속팀없음,LG
최세창,50298,소속팀없음,소속팀없음,소속팀없음,소속팀없음,소속팀없음,소속팀없음,소속팀없음,소속팀없음,소속팀없음,소속팀없음,두산
최승민,65905,소속팀없음,소속팀없음,소속팀없음,소속팀없음,소속팀없음,소속팀없음,소속팀없음,소속팀없음,소속팀없음,NC,소속팀없음
최승준,76158,소속팀없음,소속팀없음,소속팀없음,LG,LG,LG,SK,SK,SK,SK,한화
최승환,70122,두산,두산,한화,한화,소속팀없음,소속팀없음,소속팀없음,소속팀없음,소속팀없음,소속팀없음,소속팀없음
최영진,61197,소속팀없음,소속팀없음,LG,LG,두산,두산,소속팀없음,삼성,삼성,삼성,삼성
최영필,97336,한화,소속팀없음,SK,SK,기아,기아,기아,기아,소속팀없음,소속팀없음,소속팀없음
최영환,64718,소속팀없음,소속팀없음,소속팀없음,소속팀없음,한화,한화,소속팀없음,소속팀없음,소속팀없음,롯데,롯데
최용규,78666,기아,소속팀없음,소속팀없음,소속팀없음,소속팀없음,기아,소속팀없음,소속팀없음,소속팀없음,소속팀없음,소속팀없음
최용제,64213,소속팀없음,소속팀없음,소속팀없음,소속팀없음,소속팀없음,소속팀없음,두산,소속팀없음,소속팀없음,소속팀없음,두산
최우석,62741,소속팀없음,소속팀없음,한화,소속팀없음,소속팀없음,소속팀없음,소속팀없음,소속팀없음,소속팀없음,소속팀없음,소속팀없음
최원재,60848,SK,SK,소속팀없음,소속팀없음,소속팀없음,KT,KT,KT,소속팀없음,소속팀없음,소속팀없음
최원제,77466,소속팀없음,소속팀없음,삼성,삼성,소속팀없음,소속팀없음,소속팀없음,삼성,삼성,소속팀없음,소속팀없음
최원준,67263,소속팀없음,소속팀없음,소속팀없음,소속팀없음,소속팀없음,소속팀없음,소속팀없음,소속팀없음,두산,두산,두산
최원준,66606,소속팀없음,소속팀없음,소속팀없음,소속팀없음,소속팀없음,소속팀없음,기아,기아,기아,기아,기아
최원태,65320,소속팀없음,소속팀없음,소속팀없음,소속팀없음,소속팀없음,소속팀없음,키움,키움,키움,키움,키움
최윤석,60805,SK,SK,SK,SK,소속팀없음,소속팀없음,한화,한화,한화,한화,소속팀없음
최인영,61185,소속팀없음,LG,소속팀없음,소속팀없음,소속팀없음,소속팀없음,소속팀없음,소속팀없음,소속팀없음,소속팀없음,소속팀없음
최인호,50707,소속팀없음,소속팀없음,소속팀없음,소속팀없음,소속팀없음,소속팀없음,소속팀없음,소속팀없음,소속팀없음,소속팀없음,한화
최재원,63913,소속팀없음,소속팀없음,소속팀없음,NC,NC,NC,삼성,LG,소속팀없음,소속팀없음,LG
최재훈,78288,소속팀없음,소속팀없음,두산,두산,두산,두산,두산,두산-한화,한화,한화,한화
최정,75847,SK,SK,SK,SK,SK,SK,SK,SK,SK,SK,SK
최정기,80583,소속팀없음,소속팀없음,소속팀없음,소속팀없음,소속팀없음,소속팀없음,소속팀없음,소속팀없음,소속팀없음,소속팀없음,소속팀없음
최정민,62893,소속팀없음,소속팀없음,SK,소속팀없음,소속팀없음,SK,SK,기아,기아,기아,기아
최정용,65464,소속팀없음,소속팀없음,소속팀없음,소속팀없음,소속팀없음,소속팀없음,SK,SK,소속팀없음,기아,기아
최정우,40003,소속팀없음,소속팀없음,소속팀없음,소속팀없음,소속팀없음,소속팀없음,소속팀없음,소속팀없음,소속팀없음,소속팀없음,소속팀없음
최정원,69992,소속팀없음,소속팀없음,소속팀없음,소속팀없음,소속팀없음,소속팀없음,소속팀없음,소속팀없음,소속팀없음,소속팀없음,NC
최정환,96824,소속팀없음,소속팀없음,소속팀없음,소속팀없음,소속팀없음,소속팀없음,소속팀없음,소속팀없음,소속팀없음,소속팀없음,소속팀없음
최주환,76267,소속팀없음,소속팀없음,두산,두산,두산,두산,두산,두산,두산,두산,두산
최준석,71552,두산,두산,두산,두산,롯데,롯데,롯데,롯데,NC,소속팀없음,소속팀없음
최준용,50556,소속팀없음,소속팀없음,소속팀없음,소속팀없음,소속팀없음,소속팀없음,소속팀없음,소속팀없음,소속팀없음,소속팀없음,롯데
최준우,68868,소속팀없음,소속팀없음,소속팀없음,소속팀없음,소속팀없음,소속팀없음,소속팀없음,소속팀없음,소속팀없음,SK,SK
최지광,67421,소속팀없음,소속팀없음,소속팀없음,소속팀없음,소속팀없음,소속팀없음,소속팀없음,삼성,삼성,삼성,삼성
최지훈,50854,소속팀없음,소속팀없음,소속팀없음,소속팀없음,소속팀없음,소속팀없음,소속팀없음,소속팀없음,소속팀없음,소속팀없음,SK
최진행,74729,한화,한화,한화,한화,한화,한화,한화,한화,한화,한화,한화
최진호,77759,소속팀없음,한화,소속팀없음,소속팀없음,소속팀없음,소속팀없음,소속팀없음,소속팀없음,소속팀없음,소속팀없음,소속팀없음
최채흥,68419,소속팀없음,소속팀없음,소속팀없음,소속팀없음,소속팀없음,소속팀없음,소속팀없음,소속팀없음,삼성,삼성,삼성
최충연,66451,소속팀없음,소속팀없음,소속팀없음,소속팀없음,소속팀없음,소속팀없음,삼성,삼성,삼성,삼성,소속팀없음
최하늘,68501,소속팀없음,소속팀없음,소속팀없음,소속팀없음,소속팀없음,소속팀없음,소속팀없음,소속팀없음,소속팀없음,롯데,소속팀없음
최항,62884,소속팀없음,소속팀없음,소속팀없음,소속팀없음,소속팀없음,소속팀없음,소속팀없음,SK,SK,SK,SK
최향남,90687,소속팀없음,소속팀없음,기아,기아,소속팀없음,소속팀없음,소속팀없음,소속팀없음,소속팀없음,소속팀없음,소속팀없음
최현정,61267,소속팀없음,소속팀없음,소속팀없음,소속팀없음,기아,소속팀없음,소속팀없음,소속팀없음,소속팀없음,소속팀없음,소속팀없음
최현진,61228,소속팀없음,두산,소속팀없음,소속팀없음,소속팀없음,소속팀없음,소속팀없음,소속팀없음,소속팀없음,소속팀없음,소속팀없음
최형우,72443,삼성,삼성,삼성,삼성,삼성,삼성,삼성,기아,기아,기아,기아
최훈락,75608,기아,기아,기아,기아,소속팀없음,소속팀없음,소속팀없음,소속팀없음,소속팀없음,소속팀없음,소속팀없음
최희섭,77623,기아,기아,기아,기아,소속팀없음,기아,소속팀없음,소속팀없음,소속팀없음,소속팀없음,소속팀없음
추승우,72139,한화,한화,한화,한화,한화,소속팀없음,소속팀없음,소속팀없음,소속팀없음,소속팀없음,소속팀없음
추재현,68362,소속팀없음,소속팀없음,소속팀없음,소속팀없음,소속팀없음,소속팀없음,소속팀없음,소속팀없음,소속팀없음,키움,롯데
카도쿠라,79854,SK,삼성,소속팀없음,소속팀없음,소속팀없음,소속팀없음,소속팀없음,소속팀없음,소속팀없음,소속팀없음,소속팀없음
카리대,63465,소속팀없음,소속팀없음,소속팀없음,삼성,소속팀없음,소속팀없음,소속팀없음,소속팀없음,소속팀없음,소속팀없음,소속팀없음
카스티요,66750,소속팀없음,소속팀없음,소속팀없음,소속팀없음,소속팀없음,소속팀없음,한화,소속팀없음,소속팀없음,소속팀없음,소속팀없음
카페얀,60726,한화,소속팀없음,소속팀없음,소속팀없음,소속팀없음,소속팀없음,소속팀없음,소속팀없음,소속팀없음,소속팀없음,소속팀없음
칸투,64203,소속팀없음,소속팀없음,소속팀없음,소속팀없음,두산,소속팀없음,소속팀없음,소속팀없음,소속팀없음,소속팀없음,소속팀없음
켈리,69103,소속팀없음,소속팀없음,소속팀없음,소속팀없음,소속팀없음,소속팀없음,소속팀없음,소속팀없음,소속팀없음,LG,LG
켈리,65856,소속팀없음,소속팀없음,소속팀없음,소속팀없음,소속팀없음,SK,SK,SK,SK,소속팀없음,소속팀없음
코리,61541,소속팀없음,롯데,소속팀없음,소속팀없음,소속팀없음,소속팀없음,소속팀없음,소속팀없음,소속팀없음,소속팀없음,소속팀없음
코엘로,66323,소속팀없음,소속팀없음,소속팀없음,소속팀없음,소속팀없음,소속팀없음,키움,소속팀없음,소속팀없음,소속팀없음,소속팀없음
코프랜드,66154,소속팀없음,소속팀없음,소속팀없음,소속팀없음,소속팀없음,소속팀없음,LG,소속팀없음,소속팀없음,소속팀없음,소속팀없음
콜론,60697,기아,소속팀없음,소속팀없음,소속팀없음,소속팀없음,소속팀없음,소속팀없음,소속팀없음,소속팀없음,소속팀없음,소속팀없음
쿠에바스,69032,소속팀없음,소속팀없음,소속팀없음,소속팀없음,소속팀없음,소속팀없음,소속팀없음,소속팀없음,소속팀없음,KT,KT
크루세타,79435,삼성,소속팀없음,소속팀없음,소속팀없음,소속팀없음,소속팀없음,소속팀없음,소속팀없음,소속팀없음,소속팀없음,소속팀없음
클락,78725,키움,소속팀없음,소속팀없음,소속팀없음,소속팀없음,소속팀없음,소속팀없음,소속팀없음,소속팀없음,소속팀없음,소속팀없음
클레이,64761,소속팀없음,소속팀없음,소속팀없음,소속팀없음,한화,소속팀없음,소속팀없음,소속팀없음,소속팀없음,소속팀없음,소속팀없음
클로이드,65425,소속팀없음,소속팀없음,소속팀없음,소속팀없음,소속팀없음,삼성,소속팀없음,소속팀없음,소속팀없음,소속팀없음,소속팀없음
킹엄,50815,소속팀없음,소속팀없음,소속팀없음,소속팀없음,소속팀없음,소속팀없음,소속팀없음,소속팀없음,소속팀없음,소속팀없음,SK
타투스코,64762,소속팀없음,소속팀없음,소속팀없음,소속팀없음,한화,소속팀없음,소속팀없음,소속팀없음,소속팀없음,소속팀없음,소속팀없음
탈보트,62451,소속팀없음,소속팀없음,삼성,소속팀없음,소속팀없음,한화,소속팀없음,소속팀없음,소속팀없음,소속팀없음,소속팀없음
터너,69640,소속팀없음,소속팀없음,소속팀없음,소속팀없음,소속팀없음,소속팀없음,소속팀없음,소속팀없음,소속팀없음,기아,소속팀없음
터커,69652,소속팀없음,소속팀없음,소속팀없음,소속팀없음,소속팀없음,소속팀없음,소속팀없음,소속팀없음,소속팀없음,기아,기아
테임즈,64914,소속팀없음,소속팀없음,소속팀없음,소속팀없음,NC,NC,NC,소속팀없음,소속팀없음,소속팀없음,소속팀없음
토마스,64659,소속팀없음,소속팀없음,소속팀없음,소속팀없음,기아,소속팀없음,소속팀없음,소속팀없음,소속팀없음,소속팀없음,소속팀없음
톰슨,69550,소속팀없음,소속팀없음,소속팀없음,소속팀없음,소속팀없음,소속팀없음,소속팀없음,소속팀없음,소속팀없음,롯데,소속팀없음
트레비스,61629,소속팀없음,기아,소속팀없음,소속팀없음,소속팀없음,소속팀없음,소속팀없음,소속팀없음,소속팀없음,소속팀없음,소속팀없음
티포드,64136,소속팀없음,소속팀없음,소속팀없음,소속팀없음,LG,소속팀없음,소속팀없음,소속팀없음,소속팀없음,소속팀없음,소속팀없음
파레디스,68244,소속팀없음,소속팀없음,소속팀없음,소속팀없음,소속팀없음,소속팀없음,소속팀없음,소속팀없음,두산,소속팀없음,소속팀없음
팔카,50469,소속팀없음,소속팀없음,소속팀없음,소속팀없음,소속팀없음,소속팀없음,소속팀없음,소속팀없음,소속팀없음,소속팀없음,삼성
팻딘,67645,소속팀없음,소속팀없음,소속팀없음,소속팀없음,소속팀없음,소속팀없음,소속팀없음,기아,기아,소속팀없음,소속팀없음
페게로,69165,소속팀없음,소속팀없음,소속팀없음,소속팀없음,소속팀없음,소속팀없음,소속팀없음,소속팀없음,소속팀없음,LG,소속팀없음
페르난데스,69209,소속팀없음,소속팀없음,소속팀없음,소속팀없음,소속팀없음,소속팀없음,소속팀없음,소속팀없음,소속팀없음,두산,두산
페르난도,61231,소속팀없음,두산,소속팀없음,소속팀없음,소속팀없음,소속팀없음,소속팀없음,소속팀없음,소속팀없음,소속팀없음,소속팀없음
페트릭,67435,소속팀없음,소속팀없음,소속팀없음,소속팀없음,소속팀없음,소속팀없음,소속팀없음,삼성,소속팀없음,소속팀없음,소속팀없음
폭스,65762,소속팀없음,소속팀없음,소속팀없음,소속팀없음,소속팀없음,한화,소속팀없음,소속팀없음,소속팀없음,소속팀없음,소속팀없음
프록터,62230,소속팀없음,소속팀없음,두산,소속팀없음,소속팀없음,소속팀없음,소속팀없음,소속팀없음,소속팀없음,소속팀없음,소속팀없음
프리드릭,69953,소속팀없음,소속팀없음,소속팀없음,소속팀없음,소속팀없음,소속팀없음,소속팀없음,소속팀없음,소속팀없음,NC,소속팀없음
플란데,66423,소속팀없음,소속팀없음,소속팀없음,소속팀없음,소속팀없음,소속팀없음,삼성,소속팀없음,소속팀없음,소속팀없음,소속팀없음
플렉센,50234,소속팀없음,소속팀없음,소속팀없음,소속팀없음,소속팀없음,소속팀없음,소속팀없음,소속팀없음,소속팀없음,소속팀없음,두산
피가로,65444,소속팀없음,소속팀없음,소속팀없음,소속팀없음,소속팀없음,삼성,소속팀없음,소속팀없음,소속팀없음,소속팀없음,소속팀없음
피노,66032,소속팀없음,소속팀없음,소속팀없음,소속팀없음,소속팀없음,소속팀없음,KT,소속팀없음,소속팀없음,소속팀없음,소속팀없음
피어밴드,65331,소속팀없음,소속팀없음,소속팀없음,소속팀없음,소속팀없음,키움,키움-KT,KT,KT,소속팀없음,소속팀없음
피에,64746,소속팀없음,소속팀없음,소속팀없음,소속팀없음,한화,소속팀없음,소속팀없음,소속팀없음,소속팀없음,소속팀없음,소속팀없음
핀토,50835,소속팀없음,소속팀없음,소속팀없음,소속팀없음,소속팀없음,소속팀없음,소속팀없음,소속팀없음,소속팀없음,소속팀없음,SK
필,64699,소속팀없음,소속팀없음,소속팀없음,소속팀없음,기아,기아,기아,소속팀없음,소속팀없음,소속팀없음,소속팀없음
하영민,64350,소속팀없음,소속팀없음,소속팀없음,소속팀없음,키움,키움,키움,키움,키움,소속팀없음,소속팀없음
하재훈,69813,소속팀없음,소속팀없음,소속팀없음,소속팀없음,소속팀없음,소속팀없음,소속팀없음,소속팀없음,소속팀없음,SK,SK
하주석,62700,소속팀없음,소속팀없음,한화,한화,소속팀없음,한화,한화,한화,한화,한화,한화
하준영,68639,소속팀없음,소속팀없음,소속팀없음,소속팀없음,소속팀없음,소속팀없음,소속팀없음,소속팀없음,기아,기아,소속팀없음
하준호,78517,롯데,소속팀없음,소속팀없음,소속팀없음,롯데,롯데-KT,KT,KT,KT,KT,KT
하지호,79804,SK,소속팀없음,소속팀없음,소속팀없음,소속팀없음,소속팀없음,소속팀없음,소속팀없음,소속팀없음,소속팀없음,소속팀없음
한기주,76610,소속팀없음,기아,기아,소속팀없음,소속팀없음,기아,기아,소속팀없음,삼성,소속팀없음,소속팀없음
한나한,65104,소속팀없음,소속팀없음,소속팀없음,소속팀없음,소속팀없음,LG,소속팀없음,소속팀없음,소속팀없음,소속팀없음,소속팀없음
한동민,62895,소속팀없음,소속팀없음,SK,SK,SK,소속팀없음,SK,SK,SK,SK,SK
한동희,68525,소속팀없음,소속팀없음,소속팀없음,소속팀없음,소속팀없음,소속팀없음,소속팀없음,소속팀없음,롯데,롯데,롯데
한상훈,73703,소속팀없음,한화,한화,한화,한화,한화,소속팀없음,소속팀없음,소속팀없음,소속팀없음,소속팀없음
한석현,64101,소속팀없음,소속팀없음,소속팀없음,소속팀없음,소속팀없음,소속팀없음,소속팀없음,소속팀없음,소속팀없음,소속팀없음,LG
한선태,69111,소속팀없음,소속팀없음,소속팀없음,소속팀없음,소속팀없음,소속팀없음,소속팀없음,소속팀없음,소속팀없음,LG,LG
한성구,61693,소속팀없음,소속팀없음,기아,소속팀없음,소속팀없음,소속팀없음,소속팀없음,소속팀없음,소속팀없음,소속팀없음,소속팀없음
한승주,50726,소속팀없음,소속팀없음,소속팀없음,소속팀없음,소속팀없음,소속팀없음,소속팀없음,소속팀없음,소속팀없음,소속팀없음,한화
한승지,66039,소속팀없음,소속팀없음,소속팀없음,소속팀없음,소속팀없음,소속팀없음,소속팀없음,소속팀없음,소속팀없음,소속팀없음,KT
한승택,63722,소속팀없음,소속팀없음,소속팀없음,한화,소속팀없음,소속팀없음,기아,기아,기아,기아,기아
한승혁,61666,소속팀없음,소속팀없음,기아,기아,기아,기아,기아,기아,기아,소속팀없음,롯데
한윤섭,78762,한화,소속팀없음,한화,소속팀없음,소속팀없음,소속팀없음,소속팀없음,소속팀없음,소속팀없음,소속팀없음,소속팀없음
한주성,64255,소속팀없음,소속팀없음,소속팀없음,소속팀없음,소속팀없음,소속팀없음,소속팀없음,소속팀없음,두산,소속팀없음,소속팀없음
한준수,68646,소속팀없음,소속팀없음,소속팀없음,소속팀없음,소속팀없음,소속팀없음,소속팀없음,소속팀없음,소속팀없음,기아,소속팀없음
한현희,62363,소속팀없음,소속팀없음,키움,키움,키움,키움,소속팀없음,키움,키움,키움,키움
한희,79138,LG,LG,LG,소속팀없음,소속팀없음,소속팀없음,소속팀없음,소속팀없음,소속팀없음,소속팀없음,소속팀없음
한희민,86770,소속팀없음,소속팀없음,소속팀없음,소속팀없음,소속팀없음,소속팀없음,소속팀없음,소속팀없음,소속팀없음,소속팀없음,소속팀없음
한희준,62067,소속팀없음,소속팀없음,소속팀없음,소속팀없음,소속팀없음,소속팀없음,소속팀없음,소속팀없음,소속팀없음,소속팀없음,소속팀없음
함덕주,63248,소속팀없음,소속팀없음,소속팀없음,두산,두산,두산,두산,두산,두산,두산,두산
해즐베이커,69605,소속팀없음,소속팀없음,소속팀없음,소속팀없음,소속팀없음,소속팀없음,소속팀없음,소속팀없음,소속팀없음,기아,소속팀없음
해커,63938,소속팀없음,소속팀없음,소속팀없음,NC,NC,NC,NC,NC,키움,소속팀없음,소속팀없음
핸킨스,63229,소속팀없음,소속팀없음,소속팀없음,두산,소속팀없음,소속팀없음,소속팀없음,소속팀없음,소속팀없음,소속팀없음,소속팀없음
허건엽,62892,소속팀없음,소속팀없음,소속팀없음,소속팀없음,SK,소속팀없음,소속팀없음,SK,소속팀없음,소속팀없음,소속팀없음
허경민,79240,소속팀없음,소속팀없음,두산,두산,두산,두산,두산,두산,두산,두산,두산
허도환,77243,소속팀없음,키움,키움,키움,키움,한화,한화,한화,SK,SK,KT
허승민,78458,삼성,소속팀없음,소속팀없음,소속팀없음,소속팀없음,소속팀없음,소속팀없음,소속팀없음,소속팀없음,소속팀없음,소속팀없음
허웅,72324,소속팀없음,SK,소속팀없음,소속팀없음,SK,SK,소속팀없음,소속팀없음,소속팀없음,소속팀없음,소속팀없음
허유강,79746,한화,소속팀없음,소속팀없음,소속팀없음,한화,한화,소속팀없음,소속팀없음,소속팀없음,소속팀없음,소속팀없음
허윤동,50449,소속팀없음,소속팀없음,소속팀없음,소속팀없음,소속팀없음,소속팀없음,소속팀없음,소속팀없음,소속팀없음,소속팀없음,삼성
허일,61566,소속팀없음,롯데,소속팀없음,소속팀없음,소속팀없음,소속팀없음,소속팀없음,소속팀없음,롯데,롯데,롯데
허일상,72522,소속팀없음,소속팀없음,소속팀없음,소속팀없음,소속팀없음,소속팀없음,소속팀없음,소속팀없음,소속팀없음,소속팀없음,소속팀없음
허정협,65399,소속팀없음,소속팀없음,소속팀없음,소속팀없음,소속팀없음,키움,키움,키움,키움,키움,키움
허준,75344,키움,키움,소속팀없음,NC,NC,소속팀없음,소속팀없음,소속팀없음,소속팀없음,소속팀없음,소속팀없음
허준혁,79535,롯데,롯데,SK,소속팀없음,두산,두산,두산,소속팀없음,두산,소속팀없음,소속팀없음
허준혁,74556,롯데,롯데,롯데,롯데,롯데,롯데,소속팀없음,소속팀없음,소속팀없음,소속팀없음,소속팀없음
허프,66138,소속팀없음,소속팀없음,소속팀없음,소속팀없음,소속팀없음,소속팀없음,LG,LG,소속팀없음,소속팀없음,소속팀없음
험버,65659,소속팀없음,소속팀없음,소속팀없음,소속팀없음,소속팀없음,기아,소속팀없음,소속팀없음,소속팀없음,소속팀없음,소속팀없음
헤일,68794,소속팀없음,소속팀없음,소속팀없음,소속팀없음,소속팀없음,소속팀없음,소속팀없음,소속팀없음,한화,소속팀없음,소속팀없음
헤일리,69435,소속팀없음,소속팀없음,소속팀없음,소속팀없음,소속팀없음,소속팀없음,소속팀없음,소속팀없음,소속팀없음,삼성,소속팀없음
헥터,66643,소속팀없음,소속팀없음,소속팀없음,소속팀없음,소속팀없음,소속팀없음,기아,기아,기아,소속팀없음,소속팀없음
현도훈,68260,소속팀없음,소속팀없음,소속팀없음,소속팀없음,소속팀없음,소속팀없음,소속팀없음,소속팀없음,두산,소속팀없음,소속팀없음
현원회,50840,소속팀없음,소속팀없음,소속팀없음,소속팀없음,소속팀없음,소속팀없음,소속팀없음,소속팀없음,소속팀없음,소속팀없음,SK
현재윤,72427,삼성,삼성,소속팀없음,LG,LG,소속팀없음,소속팀없음,소속팀없음,소속팀없음,소속팀없음,소속팀없음
호잉,68730,소속팀없음,소속팀없음,소속팀없음,소속팀없음,소속팀없음,소속팀없음,소속팀없음,소속팀없음,한화,한화,한화
홀튼,64658,소속팀없음,소속팀없음,소속팀없음,소속팀없음,기아,소속팀없음,소속팀없음,소속팀없음,소속팀없음,소속팀없음,소속팀없음
홍건희,61643,소속팀없음,기아,소속팀없음,소속팀없음,소속팀없음,기아,기아,기아,기아,기아,기아-두산
홍명찬,76854,소속팀없음,SK,SK,SK,SK,SK,소속팀없음,소속팀없음,소속팀없음,소속팀없음,소속팀없음
홍상삼,78247,두산,두산,두산,두산,두산,소속팀없음,두산,두산,두산,두산,기아
홍성갑,61366,소속팀없음,소속팀없음,소속팀없음,소속팀없음,키움,키움,키움,키움,키움,소속팀없음,소속팀없음
홍성무,65042,소속팀없음,소속팀없음,소속팀없음,소속팀없음,소속팀없음,KT,KT,KT,소속팀없음,NC,NC
홍성민,62655,소속팀없음,소속팀없음,기아,롯데,롯데,롯데,롯데,소속팀없음,롯데,롯데,NC
홍성용,75149,소속팀없음,소속팀없음,소속팀없음,소속팀없음,NC,KT-NC,KT,KT,KT,소속팀없음,소속팀없음
홍성흔,99222,롯데,롯데,롯데,두산,두산,두산,두산,소속팀없음,소속팀없음,소속팀없음,소속팀없음
홍세완,70626,기아,소속팀없음,소속팀없음,소속팀없음,소속팀없음,소속팀없음,소속팀없음,소속팀없음,소속팀없음,소속팀없음,소속팀없음
홍영현,64204,소속팀없음,소속팀없음,소속팀없음,소속팀없음,소속팀없음,소속팀없음,두산,소속팀없음,소속팀없음,소속팀없음,소속팀없음
홍재호,60605,기아,기아,기아,기아,소속팀없음,소속팀없음,기아,기아,기아,기아,소속팀없음
홍정우,65496,소속팀없음,소속팀없음,소속팀없음,소속팀없음,소속팀없음,소속팀없음,소속팀없음,소속팀없음,소속팀없음,삼성,삼성
홍종표,50600,소속팀없음,소속팀없음,소속팀없음,소속팀없음,소속팀없음,소속팀없음,소속팀없음,소속팀없음,소속팀없음,소속팀없음,기아
홍창기,66108,소속팀없음,소속팀없음,소속팀없음,소속팀없음,소속팀없음,소속팀없음,LG,소속팀없음,LG,LG,LG
홍현빈,67005,소속팀없음,소속팀없음,소속팀없음,소속팀없음,소속팀없음,소속팀없음,소속팀없음,KT,KT,소속팀없음,소속팀없음
화이트,50802,소속팀없음,소속팀없음,소속팀없음,소속팀없음,소속팀없음,소속팀없음,소속팀없음,소속팀없음,소속팀없음,소속팀없음,SK
황경태,66207,소속팀없음,소속팀없음,소속팀없음,소속팀없음,소속팀없음,소속팀없음,소속팀없음,두산,두산,소속팀없음,소속팀없음
황대인,65610,소속팀없음,소속팀없음,소속팀없음,소속팀없음,소속팀없음,기아,기아,소속팀없음,소속팀없음,기아,기아
황덕균,72261,소속팀없음,소속팀없음,소속팀없음,NC,소속팀없음,KT,키움,키움,소속팀없음,소속팀없음,소속팀없음
황동재,50441,소속팀없음,소속팀없음,소속팀없음,소속팀없음,소속팀없음,소속팀없음,소속팀없음,소속팀없음,소속팀없음,소속팀없음,삼성
황동채,76562,롯데,롯데,롯데,롯데,롯데,롯데,소속팀없음,소속팀없음,소속팀없음,소속팀없음,소속팀없음
황목치승,63077,소속팀없음,소속팀없음,소속팀없음,소속팀없음,LG,LG,LG,LG,소속팀없음,소속팀없음,소속팀없음
황선도,66469,소속팀없음,소속팀없음,소속팀없음,소속팀없음,소속팀없음,소속팀없음,삼성,소속팀없음,소속팀없음,소속팀없음,소속팀없음
황선일,76404,LG,LG,LG,소속팀없음,소속팀없음,한화,소속팀없음,소속팀없음,소속팀없음,소속팀없음,소속팀없음
황수범,61496,소속팀없음,소속팀없음,소속팀없음,소속팀없음,소속팀없음,소속팀없음,소속팀없음,삼성,삼성,소속팀없음,소속팀없음
황수현,63698,소속팀없음,소속팀없음,소속팀없음,소속팀없음,소속팀없음,기아,소속팀없음,소속팀없음,소속팀없음,소속팀없음,소속팀없음
황영국,64760,소속팀없음,소속팀없음,소속팀없음,소속팀없음,한화,소속팀없음,소속팀없음,소속팀없음,소속팀없음,한화,한화
황윤호,62908,소속팀없음,소속팀없음,소속팀없음,소속팀없음,소속팀없음,NC,NC,NC,기아,기아,기아
황인준,65618,소속팀없음,소속팀없음,소속팀없음,소속팀없음,소속팀없음,소속팀없음,소속팀없음,소속팀없음,기아,기아,소속팀없음
황재규,79758,한화,소속팀없음,소속팀없음,한화,한화,소속팀없음,한화,소속팀없음,소속팀없음,소속팀없음,소속팀없음
황재균,76313,키움-롯데,롯데,롯데,롯데,롯데,롯데,롯데,소속팀없음,KT,KT,KT
황정립,62646,소속팀없음,소속팀없음,기아,기아,소속팀없음,소속팀없음,소속팀없음,소속팀없음,소속팀없음,소속팀없음,소속팀없음
황진수,78566,소속팀없음,소속팀없음,롯데,롯데,롯데,롯데,롯데,롯데,롯데,롯데,소속팀없음
후랭코프,68240,소속팀없음,소속팀없음,소속팀없음,소속팀없음,소속팀없음,소속팀없음,소속팀없음,소속팀없음,두산,두산,소속팀없음
휠러,68742,소속팀없음,소속팀없음,소속팀없음,소속팀없음,소속팀없음,소속팀없음,소속팀없음,소속팀없음,한화,소속팀없음,소속팀없음
히메네스,65103,소속팀없음,소속팀없음,소속팀없음,소속팀없음,소속팀없음,LG,LG,LG,소속팀없음,소속팀없음,소속팀없음
히메네스,64553,소속팀없음,소속팀없음,소속팀없음,소속팀없음,롯데,소속팀없음,소속팀없음,소속팀없음,소속팀없음,소속팀없음,소속팀없음
히메네스,60240,두산,소속팀없음,소속팀없음,소속팀없음,소속팀없음,소속팀없음,소속팀없음,소속팀없음,소속팀없음,소속팀없음,소속팀없음