ID,이름,현재.상태,생년월일,samename_check
92501,가득염,은퇴,1969년 10월 01일,
70441,가르시아,은퇴,1968년 05월 11일,1군기록없음
78595,가르시아,은퇴,1975년 10월 29일,10_롯데_11_한화
72736,가르시아,은퇴,1975년 05월 20일,1군기록없음
68103,가르시아,은퇴,1985년 04월 12일,18_LG
61435,가코,은퇴,1981년 01월 02일,
61700,강경학,KBO,1992년 08월 11일,
62917,강구성,Futures,1993년 06월 09일,
72312,강귀태,은퇴,1979년 08월 12일,
65514,강동관,은퇴,1996년 11월 01일,
61295,강동연,KBO,1992년 12월 18일,
98420,강동우,은퇴,1974년 04월 20일,10_13_season_한화
65518,강동우,은퇴,1991년 03월 19일,1군기록없음
67591,강동호,Futures,1994년 04월 21일,17_season_롯데
63973,강동호,은퇴,1990년 03월 26일,1군기록없음
65515,강로한,KBO,1992년 05월 13일,
73409,강명구,은퇴,1980년 10월 25일,10_14_season_삼성
77692,강명구,은퇴,1987년 08월 15일,1군기록없음
64906,강민국,KBO,1992년 01월 10일,
74540,강민호,KBO,1985년 08월 18일,
68050,강백호,KBO,1999년 07월 29일,
72325,강병식,은퇴,1977년 04월 23일,
75143,강병우,은퇴,1986년 12월 26일,
61108,강병의,은퇴,1992년 01월 02일,
70224,강봉규,은퇴,1978년 01월 12일,
66710,강상원,은퇴,1997년 05월 05일,
78552,강승현,은퇴,1985년 10월 06일,
63123,강승호,KBO,1994년 02월 09일,
70615,강영식,은퇴,1981년 06월 17일,
79358,강윤구,KBO,1990년 07월 10일,
67604,강이준,KBO,1998년 04월 07일,
64907,강장산,은퇴,1990년 02월 16일,
69158,강정현,KBO,1995년 09월 23일,
76325,강정호,은퇴,1987년 04월 05일,
89478,강종필,은퇴,1967년 02월 28일,
79130,강지광,KBO,1990년 10월 23일,
62925,강진성,KBO,1993년 10월 19일,
72627,강철민,은퇴,1979년 07월 22일,
99333,강필선,은퇴,1972년 05월 31일,
64610,강한울,Futures,1991년 09월 12일,
70121,경헌호,은퇴,1977년 07월 25일,
63563,고도현,은퇴,1990년 10월 13일,
74745,고동진,은퇴,1980년 04월 01일,
61855,고든,은퇴,1978년 08월 16일,
66805,고메즈,은퇴,1988년 03월 05일,
68069,고명성,KBO,1999년 04월 16일,
66201,고봉재,은퇴,1993년 05월 14일,
69517,고승민,KBO,2000년 08월 11일,
72214,고영민,은퇴,1984년 02월 08일,
63628,고영창,KBO,1989년 02월 24일,
64001,고영표,은퇴,1991년 09월 16일,
73629,고우석,은퇴,1984년 11월 03일,11_12_season_기아
67119,고우석,KBO,1998년 08월 06일,17_19_season_LG
79349,고원준,은퇴,1990년 06월 23일,
63636,고장혁,Futures,1990년 01월 08일,
61353,고종욱,KBO,1989년 01월 11일,
78248,고창성,은퇴,1984년 12월 21일,
72523,고효준,KBO,1983년 02월 08일,
63021,곤잘레스,Futures,1983년 02월 27일,1군기록없음
60154,곤잘레스,은퇴,1983년 02월 23일,10_season_LG
68407,공민규,KBO,1999년 09월 27일,
90581,공필성,은퇴,1967년 11월 11일,
75424,곽동훈,은퇴,1981년 07월 13일,
68220,곽빈,Futures,1999년 05월 28일,
75668,곽정철,은퇴,1986년 03월 14일,
93715,구대성,은퇴,1969년 08월 02일,
79748,구본범,은퇴,1987년 02월 08일,
69100,구본혁,KBO,1997년 01월 11일,
63543,구승민,KBO,1990년 06월 12일,
62404,구자욱,KBO,1993년 02월 12일,
99245,구자운,은퇴,1980년 06월 19일,
64354,구자형,은퇴,1990년 11월 30일,
65933,구창모,KBO,1997년 02월 17일,
79650,구톰슨,은퇴,1977년 01월 11일,
79290,국해성,KBO,1989년 10월 08일,
73363,권도영,은퇴,1981년 02월 11일,
79565,권영준,은퇴,1986년 06월 04일,12_season_롯데
77264,권영준,은퇴,1988년 04월 24일,1군기록없음
78863,권영진,은퇴,1984년 11월 18일,12_season_SK
91819,권영진,은퇴,1968년 03월 15일,1군기록없음
99445,권오준,KBO,1980년 03월 09일,
95158,권용관,은퇴,1976년 11월 19일,
65412,권정웅,Futures,1992년 11월 15일,
72447,권혁,KBO,1983년 11월 06일,
63963,권희동,KBO,1990년 12월 30일,
79858,글로버,은퇴,1976년 12월 03일,
75258,금민철,KBO,1986년 11월 07일,
77733,김강,은퇴,1988년 10월 16일,
63797,김강래,은퇴,1994년 12월 09일,
77263,김강률,KBO,1988년 08월 28일,
71837,김강민,KBO,1982년 09월 13일,
79704,김강석,은퇴,1985년 09월 08일,
86992,김강익,은퇴,1961년 12월 05일,
76225,김건국,KBO,1988년 02월 02일,
60339,김건태,KBO,1991년 10월 02일,
78440,김건필,은퇴,1988년 06월 19일,
71851,김건한,은퇴,1981년 03월 26일,
78409,김경모,은퇴,1989년 06월 15일,
71610,김경언,은퇴,1982년 12월 07일,
60757,김경태,KBO,1991년 02월 28일,11_13_16_19_season_한화
98128,김경태,은퇴,1975년 11월 06일,1군기록없음
80004,김경호,은퇴,1963년 04월 07일,1군기록없음
64260,김경호,KBO,1995년 07월 31일,19_season_두산
95451,김경호,은퇴,1972년 04월 24일,1군기록없음
99152,김광삼,은퇴,1980년 08월 15일,
67118,김광수,은퇴,1998년 09월 16일,1군기록없음
70142,김광수,은퇴,1981년 05월 05일,10_LG_11_14_한화_15_17_기아
82210,김광수,은퇴,1959년 01월 03일,1군기록없음
63601,김광연,은퇴,1991년 11월 13일,
94233,김광현,은퇴,1971년 10월 07일,1군기록없음
77829,김광현,KBO,1988년 07월 22일,10_16_18_19_SK
62356,김규민,KBO,1993년 01월 26일,
66112,김기연,KBO,1997년 09월 07일,
86303,김기태,은퇴,1952년 10월 16일,1군기록없음
76461,김기태,은퇴,1987년 05월 11일,12_16_18_삼성
91803,김기태,은퇴,1969년 05월 23일,1군기록없음
76119,김기표,은퇴,1983년 04월 25일,
62919,김기현,은퇴,1989년 04월 03일,14_15_한화
77869,김기현,은퇴,1987년 05월 09일,15_16_SK
69620,김기훈,KBO,2000년 01월 03일,
77314,김남형,은퇴,1988년 05월 08일,
78765,김다원,은퇴,1985년 09월 17일,
65513,김대륙,은퇴,1992년 04월 03일,
78536,김대우,Futures,1984년 07월 26일,10_18_롯데
61365,김대우,KBO,1988년 11월 21일,11_14_15_키움_16_19_삼성
61812,김대유,은퇴,1983년 06월 13일,1군기록없음
60337,김대유,KBO,1991년 05월 08일,14_17_SK_19_KT
69238,김대한,KBO,2000년 12월 06일,
86993,김대현,은퇴,1962년 06월 16일,1군기록없음
66145,김대현,KBO,1997년 03월 08일,16_19_LG
66098,김도영,은퇴,1993년 01월 26일,
61360,김도현,KBO,1992년 10월 23일,
63902,김도환,은퇴,1990년 02월 23일,1군기록없음
69442,김도환,KBO,2000년 04월 14일,19_삼성
71806,김동건,은퇴,1982년 03월 07일,13_NC
74368,김동건,은퇴,1984년 08월 08일,1군기록없음
60296,김동길,은퇴,1987년 03월 01일,
66838,김동엽,KBO,1990년 07월 24일,
63168,김동영,은퇴,1989년 08월 08일,1군기록없음
79952,김동영,은퇴,1990년 05월 12일,1군기록없음
62026,김동영,은퇴,1991년 08월 03일,1군기록없음
75739,김동영,은퇴,1985년 04월 02일,10_한화
77462,김동욱,은퇴,1988년 06월 24일,
98218,김동주,은퇴,1976년 02월 03일,
62360,김동준,KBO,1992년 03월 02일,
61204,김동한,KBO,1988년 06월 24일,
97629,김동호,은퇴,1973년 05월 24일,1군기록없음
79791,김동호,은퇴,1985년 09월 10일,16_17_삼성
65044,김만수,은퇴,1996년 04월 18일,
61527,김명성,은퇴,1988년 04월 08일,11_롯데_13_15_두산
84799,김명성,은퇴,1961년 08월 24일,1군기록없음
67246,김명신,은퇴,1993년 11월 29일,
65696,김명찬,Futures,1992년 10월 24일,
76509,김문호,KBO,1987년 06월 22일,
68043,김민,KBO,1999년 04월 14일,18_19_KT
62340,김민,은퇴,1989년 07월 24일,1군기록없음
62039,김민,Futures,1989년 07월 24일,1군기록없음
60055,김민겸,은퇴,1986년 10월 19일,
94821,김민국,은퇴,1972년 05월 27일,
72767,김민규,은퇴,1979년 07월 04일,1군기록없음
68200,김민규,KBO,1999년 05월 07일,18_19_두산
68707,김민기,KBO,1999년 06월 12일,1군기록없음
97111,김민기,은퇴,1977년 05월 19일,1군기록없음
93367,김민범,은퇴,1973년 06월 07일,
69704,김민석,Futures,1999년 07월 30일,1군기록없음
65401,김민석,은퇴,1995년 07월 10일,1군기록없음
67094,김민섭,Futures,1994년 07월 23일,1군기록없음
61694,김민섭,은퇴,1990년 09월 09일,1군기록없음
71238,김민성,은퇴,1980년 12월 03일,1군기록없음
77564,김민성,KBO,1988년 12월 17일,10_18_키움_19_LG
67001,김민성,은퇴,1994년 03월 21일,1군기록없음
63669,김민성,은퇴,1988년 03월 30일,1군기록없음
67504,김민수,Futures,1998년 03월 18일,17_롯데
69627,김민수,Futures,2000년 04월 05일,1군기록없음
67900,김민수,은퇴,1998년 07월 16일,1군기록없음
64793,김민수,KBO,1991년 03월 02일,14_한화_17_19_삼성
69500,김민수,Futures,1996년 06월 11일,1군기록없음
72457,김민수,은퇴,1979년 08월 01일,1군기록없음
65048,김민수,KBO,1992년 07월 24일,15_16_18_19_KT
62864,김민식,KBO,1989년 06월 28일,
66007,김민우,은퇴,1997년 10월 17일,1군기록없음
99442,김민우,은퇴,1980년 03월 30일,1군기록없음
65764,김민우,KBO,1995년 07월 25일,15_19_한화
72303,김민우,은퇴,1979년 03월 21일,10_13_키움_14_16_기아
63339,김민준,은퇴,1994년 02월 12일,15_17_키움
62003,김민준,은퇴,1988년 04월 09일,1군기록없음
61554,김민하,KBO,1989년 02월 25일,
65269,김민혁,KBO,1996년 05월 03일,17_18_두산
64004,김민혁,KBO,1995년 11월 21일,15_16_19_KT
65769,김범수,KBO,1995년 10월 03일,
62349,김병현,은퇴,1979년 01월 19일,1군기록없음
67768,김병현,은퇴,1998년 04월 15일,12_13_키움_14_15_기아
99563,김사율,은퇴,1980년 04월 17일,
61591,김사훈,KBO,1987년 06월 18일,
79402,김상수,KBO,1990년 03월 23일,10_19_삼성
76430,김상수,KBO,1988년 01월 02일,10_19_키움
65305,김상현,Futures,1996년 04월 18일,1군기록없음
97527,김상현,은퇴,1974년 04월 08일,1군기록없음
92502,김상현,은퇴,1968년 04월 28일,1군기록없음
70646,김상현,은퇴,1980년 11월 12일,10_12_기아_13_14_SK_15_16_KT
98845,김상호,은퇴,1975년 03월 11일,1군기록없음
62559,김상호,은퇴,1989년 05월 10일,12_13_16_17_롯데
88110,김상호,은퇴,1965년 10월 19일,1군기록없음
60265,김상훈,은퇴,1990년 03월 16일,1군기록없음
84112,김상훈,은퇴,1960년 07월 06일,1군기록없음
70612,김상훈,은퇴,1977년 10월 27일,10_14_기아
67610,김석환,KBO,1999년 02월 28일,
75852,김선규,은퇴,1986년 04월 20일,
66018,김선기,KBO,1991년 09월 01일,
78603,김선빈,KBO,1989년 12월 18일,
78232,김선우,은퇴,1977년 09월 04일,10_13_두산_14_LG
93362,김선우,은퇴,1973년 07월 02일,1군기록없음
68416,김선우,Futures,1995년 05월 11일,1군기록없음
74651,김성계,은퇴,1985년 05월 23일,
67828,김성민,KBO,1994년 04월 26일,17_19_키움
69860,김성민,KBO,1993년 05월 12일,19_SK
66627,김성민,은퇴,1997년 08월 18일,1군기록없음
73226,김성배,은퇴,1981년 01월 12일,
62934,김성욱,KBO,1993년 05월 01일,
64023,김성윤,은퇴,1991년 06월 15일,1군기록없음
67449,김성윤,은퇴,1999년 02월 02일,17_18_삼성
90414,김성재,은퇴,1966년 10월 08일,1군기록없음
66565,김성재,은퇴,1993년 12월 23일,16_롯데
70345,김성태,은퇴,1982년 01월 03일,10_11_키움
94312,김성태,은퇴,1971년 10월 10일,1군기록없음
78353,김성현,은퇴,1989년 01월 03일,10_키움_11_LG
86510,김성현,은퇴,1963년 08월 21일,1군기록없음
66397,김성현,은퇴,1996년 10월 24일,1군기록없음
76802,김성현,KBO,1987년 03월 09일,11_19_SK
65619,김성현,은퇴,1991년 02월 23일,1군기록없음
62591,김성호,은퇴,1989년 03월 14일,12_롯데
64715,김성호,은퇴,1990년 09월 11일,1군기록없음
80013,김성호,은퇴,1960년 03월 26일,1군기록없음
80014,김성호,은퇴,1955년 09월 01일,1군기록없음
74642,김성호,은퇴,1981년 04월 30일,1군기록없음
63994,김성호,은퇴,1990년 07월 30일,1군기록없음
76829,김성훈,은퇴,1987년 05월 08일,1군기록없음
69098,김성훈,Futures,1996년 02월 25일,1군기록없음
66462,김성훈,KBO,1993년 10월 27일,17_19_삼성
67762,김성훈,KBO,1998년 02월 04일,18_19_한화
76350,김세현,KBO,1987년 08월 07일,
98330,김수경,은퇴,1979년 08월 20일,
78550,김수완,은퇴,1989년 07월 20일,
68616,김승범,KBO,1998년 12월 07일,
67208,김승현,은퇴,1998년 02월 13일,1군기록없음
63608,김승현,은퇴,1987년 03월 11일,1군기록없음
63794,김승현,은퇴,1994년 03월 11일,1군기록없음
66492,김승현,KBO,1992년 07월 09일,16_19_삼성
73248,김승회,KBO,1981년 02월 11일,
67467,김시현,KBO,1998년 09월 26일,
77609,김연훈,은퇴,1984년 12월 23일,
68900,김영규,KBO,2000년 02월 10일,
68130,김영준,KBO,1999년 01월 12일,
63448,김영환,KBO,1993년 01월 31일,
62407,김영훈,은퇴,1989년 03월 24일,
76868,김용섭,은퇴,1983년 01월 18일,11_SK
64714,김용섭,은퇴,1992년 01월 20일,1군기록없음
78217,김용의,KBO,1985년 08월 20일,
60764,김용주,KBO,1991년 10월 23일,
68453,김용하,KBO,1999년 07월 27일,
61710,김용호,은퇴,1986년 03월 29일,
65898,김웅빈,Futures,1996년 02월 09일,
62768,김원석,은퇴,1989년 10월 29일,
71207,김원섭,은퇴,1978년 12월 18일,
62528,김원중,KBO,1993년 06월 14일,
91848,김원형,은퇴,1972년 07월 05일,
68659,김유신,Futures,1999년 06월 14일,18_기아
76550,김유신,은퇴,1986년 05월 01일,1군기록없음
64596,김유영,Futures,1994년 05월 02일,
62648,김윤동,KBO,1993년 04월 01일,
68403,김윤수,KBO,1999년 12월 08일,
84610,김윤환,은퇴,1957년 08월 01일,1군기록없음
64396,김윤환,은퇴,1995년 11월 20일,16_키움
65304,김은성,KBO,1993년 03월 07일,
60288,김응민,KBO,1991년 10월 22일,
69745,김이환,KBO,2000년 09월 13일,
63257,김인태,KBO,1994년 07월 03일,
66715,김인환,KBO,1994년 01월 28일,
97300,김일경,은퇴,1978년 07월 01일,
78543,김일엽,은퇴,1980년 02월 15일,
68908,김재균,Futures,1999년 01월 17일,
63125,김재민,은퇴,1991년 01월 28일,
92702,김재성,은퇴,1969년 05월 27일,1군기록없음
65132,김재성,KBO,1996년 10월 30일,15_LG
66741,김재영,KBO,1993년 07월 22일,
60466,김재우,은퇴,1987년 07월 04일,1군기록없음
60759,김재우,은퇴,1991년 10월 22일,10_한화
65506,김재유,Futures,1992년 08월 07일,
65062,김재윤,KBO,1990년 09월 16일,
61114,김재율,KBO,1989년 01월 14일,
62332,김재현,Futures,1993년 03월 18일,15_18_키움
63045,김재현,Futures,1988년 08월 31일,1군기록없음
64499,김재현,KBO,1991년 08월 30일,14_19_삼성
94107,김재현,은퇴,1975년 10월 02일,10_SK
82303,김재현,은퇴,1959년 03월 03일,1군기록없음
98776,김재현,은퇴,1979년 09월 07일,10_한화
76869,김재현,KBO,1987년 11월 07일,12_19_SK
74206,김재호,KBO,1985년 03월 21일,
78224,김재환,KBO,1988년 09월 22일,
79868,김정남,은퇴,1986년 11월 22일,
63894,김정빈,Futures,1994년 06월 08일,
68830,김정우,KBO,1999년 05월 15일,
65392,김정인,Futures,1996년 06월 03일,
61463,김정혁,은퇴,1985년 08월 03일,11_14_17_삼성
79903,김정혁,은퇴,1985년 08월 03일,1군기록없음
72548,김정현,은퇴,1979년 05월 27일,
61962,김정후,KBO,1988년 09월 26일,
89610,김정훈,은퇴,1970년 07월 29일,1군기록없음
96113,김정훈,은퇴,1976년 05월 05일,1군기록없음
60860,김정훈,은퇴,1987년 05월 23일,11_13_14_SK
93550,김정훈,은퇴,1970년 04월 06일,1군기록없음
66392,김종덕,KBO,1993년 05월 12일,
79364,김종민,KBO,1986년 03월 30일,15_16_KT_17_18_NC_19_한화
63560,김종민,은퇴,1994년 08월 27일,1군기록없음
74817,김종민,은퇴,1981년 06월 30일,1군기록없음
63765,김종수,KBO,1994년 06월 03일,18_19_한화
97383,김종수,은퇴,1957년 03월 15일,1군기록없음
60032,김종찬,은퇴,1987년 07월 22일,
77454,김종호,은퇴,1984년 05월 31일,
94539,김종훈,은퇴,1972년 01월 29일,1군기록없음
62696,김종훈,은퇴,1989년 04월 18일,12_17_기아
66162,김주성,은퇴,1998년 01월 30일,17_LG
94812,김주성,은퇴,1972년 05월 05일,1군기록없음
70410,김주찬,KBO,1981년 03월 25일,
66859,김주한,KBO,1993년 02월 03일,
78413,김주현,은퇴,1986년 01월 22일,1군기록없음
66749,김주현,Futures,1993년 12월 21일,16_17_한화
77669,김주현,은퇴,1988년 04월 16일,14_17_롯데
69306,김주형,KBO,1996년 03월 05일,19_키움
74605,김주형,KBO,1985년 12월 15일,11_18_기아
78823,김준,은퇴,1985년 10월 08일,
76667,김준무,은퇴,1987년 07월 28일,
69394,김준연,Futures,1995년 11월 02일,
63920,김준완,Futures,1991년 01월 20일,
64569,김준용,은퇴,1991년 08월 15일,
69404,김준우,Futures,1999년 05월 31일,
62558,김준태,KBO,1994년 07월 31일,
66943,김준현,은퇴,1997년 02월 22일,
77156,김준호,은퇴,1984년 03월 03일,10_LG_11_한화
60260,김준호,은퇴,1991년 12월 09일,1군기록없음
62413,김준호,은퇴,1989년 11월 25일,1군기록없음
95914,김준환,은퇴,1955년 05월 19일,
61402,김준희,은퇴,1988년 08월 18일,1군기록없음
85994,김준희,은퇴,1960년 05월 16일,1군기록없음
62007,김지성,은퇴,1985년 07월 20일,12_16_LG_17_18_기아
70358,김지성,은퇴,1981년 06월 24일,1군기록없음
79300,김지수,KBO,1986년 08월 23일,10_13_19_키움
65503,김지수,Futures,1996년 10월 29일,16_롯데
78753,김지열,은퇴,1988년 08월 09일,
60181,김지용,KBO,1988년 02월 20일,
62430,김지훈,은퇴,1993년 03월 19일,1군기록없음
64640,김지훈,은퇴,1992년 04월 16일,14_기아
67708,김지훈,은퇴,1998년 07월 07일,1군기록없음
60493,김지훈,은퇴,1991년 05월 08일,1군기록없음
98457,김지훈,은퇴,1973년 09월 02일,1군기록없음
63088,김진곤,KBO,1987년 09월 10일,
75867,김진성,KBO,1985년 03월 07일,
67737,김진영,KBO,1992년 04월 16일,
72641,김진우,은퇴,1983년 03월 07일,11_17_기아
80030,김진우,은퇴,1958년 09월 24일,1군기록없음
68701,김진욱,KBO,2000년 01월 13일,18_19_한화
84214,김진욱,은퇴,1960년 08월 05일,1군기록없음
79234,김진형,KBO,1990년 06월 07일,
66917,김찬형,KBO,1997년 12월 29일,
66801,김찬호,Futures,1997년 03월 10일,
69825,김창평,KBO,2000년 06월 14일,
60184,김창혁,KBO,1991년 05월 17일,
74728,김창훈,은퇴,1985년 10월 03일,
68906,김철호,KBO,1998년 02월 06일,
78122,김태군,Futures,1989년 12월 30일,
94415,김태균,은퇴,1971년 08월 19일,1군기록없음
71752,김태균,KBO,1982년 05월 29일,12_19_한화
66704,김태연,KBO,1997년 06월 10일,
71255,김태영,은퇴,1980년 04월 07일,11_13_두산_14_15_기아
66114,김태영,Futures,1997년 07월 04일,1군기록없음
66064,김태오,KBO,1997년 07월 29일,
66303,김태완,은퇴,1993년 02월 03일,1군기록없음
74158,김태완,은퇴,1981년 09월 19일,10_12_LG_13_16_삼성
76746,김태완,은퇴,1984년 01월 27일,10_16_한화_17_18_키움
89611,김태완,은퇴,1966년 08월 20일,1군기록없음
62927,김태우,은퇴,1989년 07월 23일,13_14_17_NC
68454,김태우,KBO,1999년 09월 15일,1군기록없음
74536,김태우,은퇴,1985년 03월 09일,1군기록없음
64984,김태진,KBO,1995년 10월 07일,15_16_18_19_NC
62949,김태진,은퇴,1989년 11월 23일,1군기록없음
90214,김태형,은퇴,1967년 09월 12일,1군기록없음
91153,김태형,은퇴,1972년 04월 25일,1군기록없음
62918,김태형,Futures,1993년 07월 07일,18_LG
67122,김태형,KBO,1998년 09월 17일,18_LG
60630,김태훈,은퇴,1987년 09월 28일,11_기아
73416,김태훈,은퇴,1980년 04월 23일,1군기록없음
65040,김태훈,은퇴,1996년 03월 31일,15_KT
79847,김태훈,KBO,1990년 05월 19일,10_12_15_19_SK
65343,김택형,KBO,1996년 10월 10일,
99302,김필중,은퇴,1975년 05월 16일,
64300,김하성,KBO,1995년 10월 17일,
64960,김학성,Futures,1991년 06월 15일,
65345,김해수,은퇴,1996년 12월 13일,
61404,김헌곤,KBO,1988년 11월 09일,
77748,김혁민,은퇴,1987년 05월 24일,
76290,김현수,KBO,1988년 01월 12일,10_15_두산_18_19_LG
72442,김현수,은퇴,1984년 01월 19일,1군기록없음
69516,김현수,KBO,2000년 07월 10일,19_롯데
69518,김현우,Futures,2000년 04월 07일,1군기록없음
62569,김현우,은퇴,1989년 08월 22일,1군기록없음
60457,김현우,은퇴,1988년 01월 21일,10_13_17_삼성
60469,김형준,은퇴,1984년 05월 11일,1군기록없음
68912,김형준,KBO,1999년 11월 02일,18_19_NC
73827,김형철,은퇴,1980년 05월 26일,
67304,김혜성,KBO,1999년 01월 27일,
65653,김호령,Futures,1992년 04월 30일,
64407,김호재,KBO,1995년 05월 31일,
66309,김홍빈,은퇴,1996년 09월 16일,
79705,김회성,KBO,1985년 12월 04일,
76454,김효남,은퇴,1983년 03월 26일,
64492,김희석,은퇴,1990년 02월 25일,
66508,나경민,KBO,1991년 12월 12일,
64440,나바로,은퇴,1987년 10월 31일,
62947,나성범,KBO,1989년 10월 03일,
61742,나성용,은퇴,1988년 01월 05일,
76529,나승현,은퇴,1987년 04월 06일,
67454,나원탁,은퇴,1994년 08월 20일,
79430,나이트,은퇴,1975년 10월 01일,
67539,나종덕,KBO,1998년 03월 16일,
73209,나주환,KBO,1984년 06월 14일,
78629,나지완,KBO,1985년 05월 19일,
65264,남경호,은퇴,1996년 04월 07일,
62011,남윤성,Futures,1987년 08월 04일,1군기록없음
67840,남윤성,은퇴,1987년 08월 04일,18_SK
66660,남재현,Futures,1996년 09월 13일,
66052,남태혁,KBO,1991년 03월 13일,
73211,노경은,은퇴,1984년 03월 11일,
66804,노관현,은퇴,1993년 10월 18일,
62920,노성호,KBO,1989년 10월 22일,
63704,노수광,KBO,1990년 08월 06일,
69737,노시환,KBO,2000년 12월 03일,
78149,노진용,은퇴,1990년 02월 15일,
62931,노진혁,KBO,1989년 07월 15일,
79859,니코스키,은퇴,1973년 03월 09일,
61240,니퍼트,은퇴,1981년 05월 06일,
67815,다이아몬드,은퇴,1986년 07월 30일,
69861,다익손,KBO,1994년 07월 02일,
66306,대니돈,은퇴,1984년 07월 20일,
65052,댄블랙,은퇴,1987년 07월 02일,
60139,더마트레,은퇴,1981년 07월 12일,
60729,데폴라,은퇴,1982년 12월 31일,
66965,도태훈,Futures,1993년 03월 18일,
68526,듀브론트,은퇴,1987년 10월 23일,
66825,라라,은퇴,1988년 12월 20일,
61230,라미레즈,은퇴,1982년 09월 16일,1군기록없음
62699,라미레즈,은퇴,1979년 11월 24일,12_기아
60649,라이트,은퇴,1982년 03월 13일,
67450,러프,KBO,1986년 07월 28일,
67423,레나도,은퇴,1989년 09월 09일,
60430,레딩,은퇴,1978년 02월 12일,
66446,레온,은퇴,1988년 09월 06일,
63857,레이예스,은퇴,1984년 11월 20일,
65546,레일리,KBO,1988년 06월 29일,
67134,로니,은퇴,1984년 05월 07일,
60650,로드리게스,은퇴,1978년 05월 21일,1군기록없음
77649,로드리게스,은퇴,1972년 09월 09일,1군기록없음
63462,로드리게스,은퇴,1987년 12월 13일,13_삼성
67872,로맥,KBO,1985년 09월 30일,
65233,로메로,은퇴,1986년 09월 24일,
66740,로사리오,은퇴,1989년 02월 23일,
66050,로위,은퇴,1984년 12월 26일,
65742,로저스,은퇴,1985년 08월 14일,
67033,로치,은퇴,1989년 12월 14일,
64302,로티노,은퇴,1980년 04월 07일,
79644,로페즈,은퇴,1975년 04월 21일,10_12_기아_13_SK
74430,로페즈,은퇴,1974년 10월 15일,1군기록없음
67025,로하스,KBO,1990년 05월 24일,
65203,루츠,은퇴,1986년 06월 03일,
69940,루친스키,KBO,1988년 12월 30일,
65137,루카스,은퇴,1985년 06월 03일,
66615,류승현,KBO,1997년 07월 01일,
76656,류은재,은퇴,1983년 12월 13일,
65908,류재인,Futures,1996년 05월 06일,
63111,류제국,KBO,1983년 05월 30일,
62234,류지혁,KBO,1994년 01월 13일,
94228,류택현,은퇴,1971년 10월 23일,
76715,류현진,은퇴,1987년 03월 25일,
64164,류형우,KBO,1995년 05월 07일,
64029,류희운,KBO,1995년 06월 19일,
64157,리오단,은퇴,1986년 05월 25일,
61158,리즈,은퇴,1983년 10월 06일,
65543,린드블럼,KBO,1987년 06월 15일,
62967,마낙길,은퇴,1989년 06월 22일,
65005,마르테,은퇴,1983년 10월 21일,
66049,마리몬,은퇴,1988년 09월 30일,
62859,마리오,은퇴,1984년 12월 16일,
64219,마야,은퇴,1981년 08월 28일,
66748,마에스트리,은퇴,1985년 07월 01일,
70329,마일영,은퇴,1981년 05월 28일,
72749,마정길,은퇴,1979년 03월 13일,
64430,마틴,은퇴,1983년 01월 02일,14_삼성
74125,마틴,은퇴,1967년 11월 24일,1군기록없음
61854,매그레인,은퇴,1978년 07월 23일,
61444,매티스,은퇴,1983년 06월 07일,
69413,맥과이어,KBO,1989년 06월 23일,
66324,맥그레거,은퇴,1986년 12월 19일,
66523,맥스웰,은퇴,1983년 11월 06일,
67948,맨쉽,은퇴,1985년 01월 16일,
61495,명재철,은퇴,1989년 01월 17일,
65733,모건,은퇴,1980년 07월 02일,
67024,모넬,은퇴,1986년 03월 27일,
76469,모상기,은퇴,1987년 01월 03일,
78813,모창민,KBO,1985년 05월 08일,
65643,문경찬,KBO,1992년 07월 08일,
60845,문광은,KBO,1987년 11월 09일,
72546,문규현,KBO,1983년 07월 05일,
64554,문동욱,KBO,1992년 01월 07일,
64007,문상철,KBO,1991년 04월 06일,
60464,문선엽,은퇴,1991년 07월 31일,
79113,문선재,KBO,1990년 05월 20일,
68119,문성주,은퇴,1997년 02월 20일,
60336,문성현,KBO,1991년 11월 09일,
72643,문수호,은퇴,1983년 06월 04일,
62869,문승원,KBO,1989년 11월 28일,
61363,문우람,은퇴,1992년 03월 08일,
61767,문재현,KBO,1992년 03월 06일,
74130,민경수,은퇴,1981년 05월 19일,10_LG
79557,민경수,은퇴,1986년 03월 20일,1군기록없음
76249,민병헌,KBO,1987년 03월 10일,
78366,민태호,KBO,1989년 09월 12일,
99323,바워스,은퇴,1971년 05월 02일,1군기록없음
73322,바워스,은퇴,1971년 07월 27일,1군기록없음
61727,바티스타,은퇴,1980년 08월 23일,
79215,박건우,KBO,1990년 09월 08일,13_19_두산
74363,박건우,은퇴,1985년 04월 06일,10_11_LG_12_롯데
61763,박건우,은퇴,1992년 07월 01일,1군기록없음
73113,박경수,KBO,1984년 03월 31일,
92809,박경완,은퇴,1972년 07월 11일,
76653,박경태,KBO,1987년 09월 02일,
64468,박계범,KBO,1996년 01월 11일,
61893,박계현,은퇴,1992년 03월 08일,
64944,박광열,Futures,1995년 08월 28일,
74630,박근홍,KBO,1985년 08월 22일,
74103,박기남,은퇴,1981년 08월 14일,
70553,박기혁,은퇴,1981년 06월 04일,
74756,박노민,은퇴,1985년 08월 18일,
79365,박동원,KBO,1990년 04월 07일,
96251,박명환,은퇴,1977년 06월 07일,
79448,박민규,은퇴,1990년 09월 12일,
69056,박민석,KBO,2000년 04월 13일,1군기록없음
78243,박민석,은퇴,1989년 07월 04일,16_NC
62907,박민우,KBO,1993년 02월 06일,
64893,박민호,KBO,1992년 02월 25일,
75125,박병호,KBO,1986년 07월 10일,10_LG_11_15_18_19_키움
89630,박병호,은퇴,1970년 07월 09일,1군기록없음
78758,박상규,은퇴,1989년 05월 02일,
66707,박상언,Futures,1997년 03월 03일,
66006,박상원,은퇴,1989년 08월 19일,1군기록없음
67703,박상원,KBO,1994년 09월 09일,17_19_한화
62457,박상원,은퇴,1994년 02월 07일,1군기록없음
79657,박상혁,은퇴,1990년 03월 07일,
79866,박상현,은퇴,1989년 11월 22일,10_SK
91778,박상현,은퇴,1972년 08월 18일,1군기록없음
74465,박석민,KBO,1985년 06월 22일,
68201,박성모,Futures,1995년 02월 22일,
65206,박성민,은퇴,1992년 11월 14일,16_두산
67554,박성민,Futures,1998년 01월 31일,1군기록없음
65120,박성준,Futures,1996년 03월 27일,
67893,박성한,Futures,1998년 03월 30일,
79760,박성호,은퇴,1986년 07월 04일,
75464,박성훈,은퇴,1982년 09월 19일,10_14_키움
89131,박성훈,은퇴,1967년 01월 23일,1군기록없음
64021,박세웅,KBO,1995년 11월 30일,15_19_롯데
62926,박세웅,은퇴,1993년 08월 12일,16_NC
76446,박세웅,은퇴,1982년 08월 05일,1군기록없음
65844,박세웅,은퇴,1996년 05월 10일,1군기록없음
77559,박세진,은퇴,1988년 04월 09일,1군기록없음
66047,박세진,KBO,1997년 06월 27일,16_18_KT
62244,박세혁,KBO,1990년 01월 09일,
62802,박승욱,KBO,1992년 12월 04일,
66305,박승주,은퇴,1994년 02월 12일,
60559,박시영,KBO,1989년 03월 10일,
68249,박신지,KBO,1999년 07월 16일,
77104,박용근,은퇴,1984년 01월 21일,
72133,박용택,KBO,1979년 04월 21일,
67202,박유연,KBO,1998년 12월 20일,
77848,박윤,은퇴,1988년 03월 07일,
69762,박윤철,KBO,1996년 03월 23일,
63967,박으뜸,은퇴,1990년 06월 14일,
62883,박인성,은퇴,1990년 03월 23일,
71857,박재상,은퇴,1982년 07월 20일,
64100,박재욱,Futures,1995년 12월 06일,
96362,박재홍,은퇴,1973년 09월 07일,
74846,박정권,KBO,1981년 07월 21일,
75250,박정배,KBO,1982년 04월 01일,
65639,박정수,KBO,1996년 01월 29일,
62353,박정음,KBO,1989년 04월 15일,
73543,박정준,은퇴,1984년 06월 26일,10_롯데_11_12_키움_13_15_NC
61396,박정준,KBO,1992년 03월 22일,16_18_키움_19_두산
99737,박정진,은퇴,1976년 05월 27일,
91514,박정태,은퇴,1969년 01월 27일,
88332,박정현,은퇴,1969년 07월 10일,1군기록없음
70604,박정현,은퇴,1981년 06월 04일,1군기록없음
76456,박정현,은퇴,1982년 08월 09일,1군기록없음
65505,박정현,Futures,1996년 05월 08일,1군기록없음
82432,박정환,은퇴,1957년 05월 25일,1군기록없음
70408,박정환,은퇴,1977년 10월 23일,10_11_SK
79844,박정환,은퇴,1986년 03월 14일,1군기록없음
91542,박정훈,은퇴,1988년 10월 03일,1군기록없음
79189,박정훈,은퇴,1986년 10월 24일,1군기록없음
63292,박종기,KBO,1995년 01월 21일,
62338,박종윤,은퇴,1993년 02월 09일,12_13_16_17_키움
71562,박종윤,은퇴,1982년 04월 11일,10_16_롯데
99244,박종윤,은퇴,1974년 12월 31일,1군기록없음
40007,박종훈,은퇴,1959년 06월 12일,1군기록없음
60841,박종훈,KBO,1991년 08월 13일,11_12_15_19_SK
69328,박주성,KBO,2000년 11월 09일,
68097,박주현,KBO,1999년 08월 03일,1군기록없음
65348,박주현,은퇴,1996년 06월 19일,16_17_키움
68703,박주홍,KBO,1999년 08월 20일,
71815,박준서,은퇴,1981년 12월 11일,
70349,박준수,은퇴,1977년 03월 18일,
66928,박준영,은퇴,1997년 08월 05일,16_NC
69809,박준영,Futures,1996년 10월 03일,1군기록없음
82046,박준영,은퇴,1953년 02월 20일,1군기록없음
89331,박준태,은퇴,1967년 02월 22일,1군기록없음
64657,박준태,KBO,1991년 07월 26일,14_15_18_19_기아
63638,박준표,KBO,1992년 06월 26일,
64724,박준혁,KBO,1991년 01월 09일,14_16_19_한화
68003,박준혁,Futures,1999년 08월 30일,1군기록없음
65136,박지규,KBO,1991년 10월 12일,
62637,박지훈,KBO,1989년 09월 21일,
69594,박진,KBO,1999년 04월 02일,
64697,박진두,Futures,1996년 03월 28일,
96307,박진만,은퇴,1976년 11월 30일,
91899,박진석,은퇴,1968년 01월 08일,
67716,박진수,은퇴,1998년 05월 06일,
78606,박진영,은퇴,1985년 03월 27일,
67004,박진우,은퇴,1995년 01월 09일,1군기록없음
63991,박진우,KBO,1990년 02월 12일,15_18_19_NC
76235,박진원,은퇴,1987년 03월 17일,
93628,박진철,은퇴,1975년 02월 28일,
67646,박진태,Futures,1994년 10월 19일,
71163,박진형,은퇴,1978년 08월 27일,1군기록없음
63512,박진형,KBO,1994년 06월 10일,15_19_롯데
74565,박진환,은퇴,1981년 03월 10일,
62409,박찬도,KBO,1989년 02월 22일,
64646,박찬호,KBO,1995년 06월 05일,14_16_19_기아
62761,박찬호,은퇴,1973년 06월 30일,12_한화
65724,박철우,은퇴,1991년 07월 11일,1군기록없음
87630,박철우,은퇴,1964년 04월 12일,1군기록없음
64804,박철우,은퇴,1991년 01월 29일,15_SK
67266,박치국,KBO,1998년 03월 10일,
63703,박한결,KBO,1994년 12월 24일,
64764,박한길,은퇴,1994년 06월 03일,
71432,박한이,KBO,1979년 01월 28일,
62415,박해민,KBO,1990년 02월 24일,
79356,박헌도,은퇴,1987년 01월 01일,
62921,박헌욱,KBO,1993년 04월 11일,
79817,박현준,은퇴,1986년 09월 22일,
76858,박희수,KBO,1983년 07월 13일,
68245,반슬라이크,은퇴,1986년 07월 24일,
66452,발디리스,은퇴,1983년 01월 05일,
60105,배민관,은퇴,1991년 07월 29일,
69974,배민서,KBO,1999년 11월 18일,
64501,배성근,KBO,1995년 04월 27일,
62730,배스,은퇴,1982년 01월 06일,12_한화
70643,배스,은퇴,1974년 06월 22일,1군기록없음
79465,배영섭,KBO,1986년 06월 27일,
70425,배영수,KBO,1981년 05월 04일,
79191,배우열,KBO,1986년 05월 19일,
76540,배장호,KBO,1987년 06월 25일,
63145,배재준,KBO,1994년 11월 24일,
64995,배재환,KBO,1995년 02월 24일,
64166,배정대,KBO,1995년 06월 12일,
96542,배정훈,은퇴,1973년 12월 20일,
65516,배제성,KBO,1996년 09월 29일,
72321,배힘찬,은퇴,1983년 12월 08일,
63559,백동훈,KBO,1990년 09월 16일,
60456,백상원,은퇴,1988년 01월 02일,
69839,백승건,KBO,2000년 10월 29일,
75705,백승룡,은퇴,1982년 08월 16일,
64410,백승민,KBO,1990년 07월 09일,
65109,백승현,KBO,1995년 05월 26일,
78643,백용환,KBO,1989년 03월 20일,
77446,백정현,KBO,1987년 07월 13일,
75640,백정훈,은퇴,1982년 06월 24일,
60100,백창수,KBO,1988년 05월 09일,
63432,밴덴헐크,은퇴,1985년 05월 22일,
67845,밴와트,은퇴,1986년 02월 14일,
62322,밴헤켄,은퇴,1979년 07월 31일,
67650,버나디나,은퇴,1984년 06월 12일,
69934,버틀러,KBO,1991년 03월 13일,
60329,번사이드,은퇴,1977년 03월 15일,
67598,번즈,은퇴,1990년 08월 07일,
68953,베렛,은퇴,1990년 06월 19일,
69950,베탄코트,KBO,1991년 09월 02일,
66440,벨레스터,은퇴,1986년 06월 06일,
60526,변용선,은퇴,1987년 05월 17일,
69727,변우혁,KBO,2000년 03월 18일,
62263,변진수,KBO,1993년 04월 01일,
68400,보니야,은퇴,1990년 06월 18일,
66226,보우덴,은퇴,1986년 09월 09일,
64230,볼스테드,은퇴,1986년 09월 23일,
65802,봉민호,은퇴,1996년 06월 26일,
77147,봉중근,은퇴,1980년 07월 15일,
62833,부시,은퇴,1979년 11월 09일,12_SK
98731,부시,은퇴,1968년 07월 07일,1군기록없음
60727,부에노,은퇴,1981년 03월 05일,
61897,부첵,은퇴,1978년 10월 24일,
65823,브라운,은퇴,1984년 09월 10일,15_SK
76429,브라운,은퇴,1977년 03월 31일,1군기록없음
67313,브리검,KBO,1988년 02월 10일,
67742,비야누에바,은퇴,1983년 11월 28일,
62688,빌로우,은퇴,1985년 11월 15일,
60594,사도스키,은퇴,1982년 10월 04일,
68815,산체스,KBO,1989년 11월 28일,18_19_SK
75831,산체스,은퇴,1974년 10월 11일,1군기록없음
68345,샌즈,KBO,1987년 09월 28일,
68748,샘슨,은퇴,1991년 01월 06일,
78168,서건창,KBO,1989년 08월 22일,
64759,서균,KBO,1992년 01월 11일,
73606,서동욱,KBO,1984년 03월 21일,
75261,서동환,은퇴,1986년 03월 27일,
62164,서상우,KBO,1989년 09월 17일,
72822,서성종,은퇴,1983년 06월 17일,
72157,서승화,은퇴,1979년 07월 13일,
66203,서예일,Futures,1993년 06월 19일,
63603,서용주,은퇴,1990년 06월 30일,
66068,서의태,KBO,1997년 09월 05일,
78640,서재응,은퇴,1977년 05월 24일,
90670,서정필,은퇴,1971년 08월 05일,
69539,서준원,KBO,2000년 11월 05일,
61895,서진용,KBO,1992년 10월 02일,
66742,서캠프,은퇴,1987년 07월 16일,
69744,서폴드,KBO,1990년 01월 16일,
68159,성동현,KBO,1999년 05월 18일,
79222,성영훈,은퇴,1990년 06월 24일,
62406,성의준,은퇴,1989년 12월 17일,
63810,세든,은퇴,1983년 10월 13일,
62731,션헨,은퇴,1981년 04월 23일,
62698,소사,KBO,1985년 07월 28일,
63619,손동욱,KBO,1989년 08월 06일,
69041,손동현,KBO,2001년 01월 23일,
97571,손민한,은퇴,1975년 01월 02일,
75321,손승락,KBO,1982년 03월 04일,
73213,손시헌,KBO,1980년 10월 19일,
77532,손아섭,KBO,1988년 03월 18일,
76639,손영민,은퇴,1987년 04월 28일,
76536,손용석,은퇴,1987년 04월 13일,
98538,손인호,은퇴,1975년 04월 03일,
63914,손정욱,은퇴,1990년 12월 24일,
67143,손주영,은퇴,1998년 12월 02일,
72456,손주인,KBO,1983년 12월 01일,
97103,손지환,은퇴,1978년 11월 13일,
62462,손형준,은퇴,1989년 07월 01일,
76753,송광민,KBO,1983년 06월 24일,
69962,송명기,KBO,2000년 08월 09일,
64012,송민섭,KBO,1991년 08월 02일,
75612,송산,은퇴,1982년 07월 02일,
65357,송성문,KBO,1996년 08월 29일,
77591,송승준,KBO,1980년 06월 29일,
69203,송승환,KBO,2000년 10월 28일,
99314,송신영,은퇴,1977년 03월 01일,
61156,송윤준,은퇴,1992년 07월 16일,
73801,송은범,KBO,1984년 03월 17일,
72853,송정훈,은퇴,1982년 03월 11일,
60404,송주호,은퇴,1988년 07월 11일,
64469,송준석,KBO,1994년 05월 04일,
96761,송지만,은퇴,1973년 03월 02일,
74731,송창식,KBO,1985년 03월 25일,
63791,송창현,KBO,1989년 08월 17일,13_14_16_19_한화
67564,송창현,Futures,1997년 07월 07일,1군기록없음
64158,스나이더,은퇴,1982년 05월 25일,
69901,스몰린스키,KBO,1989년 02월 09일,
65219,스와잭,은퇴,1985년 09월 10일,
64864,스캇,은퇴,1978년 06월 25일,14_SK
76633,스캇,은퇴,1975년 05월 17일,1군기록없음
67935,스크럭스,은퇴,1987년 09월 23일,
65931,스튜어트,은퇴,1986년 09월 28일,
65658,스틴슨,은퇴,1988년 03월 14일,
64049,시스코,은퇴,1983년 01월 13일,
98742,신경현,은퇴,1975년 11월 28일,
62160,신동훈,KBO,1994년 01월 24일,
71504,신명철,은퇴,1978년 08월 06일,
65207,신민재,KBO,1996년 01월 21일,19_SK
65033,신민재,은퇴,1992년 03월 03일,1군기록없음
66662,신범수,KBO,1998년 01월 25일,
68067,신병률,KBO,1996년 01월 30일,
62556,신본기,KBO,1989년 03월 21일,
95469,신성필,은퇴,1976년 08월 17일,
64086,신성현,KBO,1990년 10월 19일,
70839,신승현,은퇴,1983년 08월 13일,
69508,신용수,KBO,1996년 01월 05일,
72649,신용운,은퇴,1983년 09월 08일,
94126,신윤호,은퇴,1975년 05월 15일,
62937,신재영,KBO,1989년 11월 18일,
75138,신재웅,KBO,1982년 03월 28일,12_14_LG_15_19_SK
95728,신재웅,은퇴,1972년 10월 10일,1군기록없음
60140,신정락,KBO,1987년 05월 13일,
61830,신정익,은퇴,1987년 02월 04일,
72559,신종길,은퇴,1983년 12월 31일,
72739,신주영,은퇴,1984년 02월 15일,
67944,신진호,KBO,1991년 10월 20일,
76140,신창호,은퇴,1987년 03월 18일,
76763,신해수,은퇴,1987년 11월 30일,
76304,신현철,은퇴,1987년 11월 02일,
96722,심광호,은퇴,1977년 08월 01일,
64594,심규범,은퇴,1991년 09월 04일,
60636,심동섭,은퇴,1991년 09월 20일,
74167,심수창,KBO,1981년 02월 09일,
64006,심우준,KBO,1995년 04월 28일,
64017,심재민,은퇴,1994년 02월 18일,
61411,심창민,Futures,1993년 02월 01일,
63940,아담,은퇴,1987년 12월 09일,
68435,아델만,은퇴,1987년 11월 13일,
65523,아두치,은퇴,1985년 05월 15일,
69530,아수아헤,KBO,1991년 11월 02일,
92207,안경현,은퇴,1970년 02월 13일,
61215,안규영,은퇴,1988년 04월 12일,
64462,안규현,은퇴,1995년 11월 30일,
79291,안동현,은퇴,1986년 12월 24일,
64041,안상빈,은퇴,1995년 03월 23일,
66864,안상현,KBO,1997년 01월 27일,
63027,안성무,은퇴,1990년 12월 14일,
60412,안성필,은퇴,1987년 07월 29일,
60713,안승민,은퇴,1991년 06월 21일,
64011,안승한,KBO,1992년 01월 25일,
73738,안영명,KBO,1984년 11월 19일,
76758,안영진,은퇴,1983년 09월 03일,
68341,안우진,KBO,1999년 08월 30일,
65115,안익훈,Futures,1996년 02월 12일,
60865,안정광,은퇴,1989년 11월 29일,
66367,안정훈,은퇴,1997년 05월 15일,
66406,안주형,은퇴,1993년 08월 14일,
64022,안중열,KBO,1995년 09월 01일,
72463,안지만,은퇴,1983년 10월 01일,
67006,안치영,KBO,1998년 05월 29일,
72161,안치용,은퇴,1979년 02월 23일,
79608,안치홍,KBO,1990년 07월 02일,
74460,안태영,은퇴,1985년 03월 15일,
61332,알드리지,은퇴,1979년 06월 13일,
69045,알칸타라,KBO,1992년 12월 04일,
67559,애디튼,은퇴,1987년 12월 16일,
62644,앤서니,은퇴,1982년 10월 28일,
64737,앨버스,은퇴,1985년 10월 06일,
67365,양기현,KBO,1998년 12월 16일,
64153,양석환,Futures,1991년 07월 15일,
62797,양성우,KBO,1989년 05월 02일,
76759,양승진,은퇴,1987년 04월 19일,
92601,양승철,은퇴,1973년 04월 04일,1군기록없음
69646,양승철,KBO,1992년 07월 15일,19_기아
76459,양영동,은퇴,1983년 07월 16일,
64117,양원혁,KBO,1991년 07월 21일,
76232,양의지,KBO,1987년 06월 05일,
79530,양종민,KBO,1990년 10월 09일,
93410,양준혁,은퇴,1969년 05월 26일,
68415,양창섭,KBO,1999년 09월 22일,
61268,양현,KBO,1992년 08월 23일,
80070,양현기,은퇴,1966년 11월 20일,
70608,양현석,은퇴,1977년 10월 20일,
77637,양현종,KBO,1988년 03월 01일,
75750,양훈,은퇴,1986년 05월 29일,
64641,어센시오,은퇴,1983년 05월 30일,
65036,어윈,은퇴,1987년 02월 25일,
65056,엄상백,KBO,1996년 10월 04일,
70855,엄정욱,은퇴,1981년 06월 18일,
62748,엄태용,은퇴,1994년 02월 24일,
65630,에반,은퇴,1983년 05월 12일,
66244,에반스,은퇴,1986년 01월 30일,16_17_두산
71719,에반스,은퇴,1968년 01월 01일,1군기록없음
79825,여건욱,KBO,1986년 09월 16일,
76743,연경흠,은퇴,1983년 09월 14일,
68330,예진원,KBO,1999년 03월 16일,
67748,오간도,은퇴,1983년 10월 05일,
61726,오넬리,은퇴,1983년 05월 26일,
62022,오두철,은퇴,1985년 04월 25일,
69430,오상민,KBO,2000년 03월 29일,1군기록없음
97815,오상민,은퇴,1974년 10월 20일,10_11_LG
67116,오석주,KBO,1998년 04월 14일,
69636,오선우,KBO,1996년 12월 13일,
78756,오선진,KBO,1989년 07월 07일,
67312,오설리반,은퇴,1987년 09월 01일,
75347,오성민,은퇴,1985년 11월 06일,
75421,오승환,은퇴,1982년 07월 15일,
68904,오영수,KBO,2000년 01월 30일,
70312,오윤,은퇴,1981년 09월 08일,
65502,오윤석,Futures,1996년 05월 28일,1군기록없음
64504,오윤석,KBO,1992년 02월 24일,15_18_19_롯데
67360,오윤성,은퇴,1998년 12월 10일,
79544,오장훈,은퇴,1984년 05월 19일,
77248,오재원,KBO,1985년 02월 09일,
75334,오재일,KBO,1986년 10월 29일,
75736,오재필,은퇴,1982년 07월 27일,
79453,오정복,은퇴,1986년 10월 13일,
60291,오정환,은퇴,1987년 12월 09일,1군기록없음
68614,오정환,KBO,1999년 03월 27일,19_기아
74359,오주원,KBO,1985년 03월 31일,
61743,오준혁,KBO,1992년 03월 11일,
77641,오준형,은퇴,1984년 07월 21일,
79109,오지환,KBO,1990년 03월 12일,
69033,오카모토,Futures,,1군기록없음
64003,오카모토,Futures,,1군기록없음
60156,오카모토,은퇴,1974년 10월 21일,10_LG
60558,오태곤,KBO,1991년 11월 18일,
78850,오현근,은퇴,1985년 09월 12일,
79293,오현택,KBO,1985년 07월 17일,
77199,옥스프링,은퇴,1977년 05월 13일,
63230,올슨,은퇴,1983년 10월 18일,
75155,왈론드,은퇴,1976년 11월 07일,
68948,왕웨이중,은퇴,1992년 04월 25일,
69343,요키시,KBO,1989년 07월 29일,
74223,용덕한,은퇴,1981년 04월 09일,
73117,우규민,KBO,1985년 01월 21일,
78454,우동균,은퇴,1989년 12월 03일,
64824,울프,은퇴,1982년 10월 18일,
67827,워스,은퇴,1985년 09월 30일,
76262,원용묵,은퇴,1986년 06월 25일,
76118,원종현,KBO,1987년 07월 31일,
69446,원태인,KBO,2000년 04월 06일,
64956,웨버,은퇴,1984년 09월 28일,
66402,웹스터,은퇴,1990년 02월 10일,
69656,윌랜드,KBO,1990년 01월 21일,
77444,윌슨,은퇴,1976년 08월 06일,1군기록없음
69569,윌슨,KBO,1990년 07월 29일,19_롯데
68135,윌슨,KBO,1989년 09월 25일,18_19_LG
61102,유강남,KBO,1992년 07월 15일,
60164,유경국,은퇴,1991년 07월 12일,
99639,유동훈,은퇴,1977년 02월 12일,
62597,유먼,은퇴,1979년 10월 11일,
62265,유민상,KBO,1989년 04월 13일,
64890,유서준,Futures,1995년 12월 04일,
76322,유선정,은퇴,1986년 08월 21일,
67640,유승철,KBO,1998년 03월 02일,
63903,유영준,KBO,1994년 07월 13일,
76757,유원상,KBO,1986년 06월 17일,
69766,유장혁,KBO,2000년 05월 30일,
76368,유재신,KBO,1987년 11월 21일,
72220,유재웅,은퇴,1979년 05월 20일,
66160,유재유,KBO,1997년 03월 03일,
61604,유재혁,은퇴,1992년 03월 29일,
66359,유재훈,은퇴,1997년 12월 18일,
61715,유창식,은퇴,1992년 05월 15일,
63295,유창준,은퇴,1989년 07월 25일,
96513,유필선,은퇴,1970년 09월 06일,
74339,유한준,KBO,1981년 07월 01일,
79229,유희관,KBO,1986년 06월 01일,
63936,윤강민,KBO,1990년 10월 08일,
74761,윤경영,은퇴,1980년 08월 12일,
73750,윤규진,KBO,1984년 07월 28일,
75730,윤근영,KBO,1986년 05월 07일,
78730,윤기호,은퇴,1988년 07월 28일,
72862,윤길현,KBO,1983년 09월 23일,
63905,윤대영,KBO,1994년 01월 31일,
78242,윤도경,은퇴,1989년 07월 02일,
62242,윤명준,KBO,1989년 06월 18일,
62016,윤병호,은퇴,1989년 07월 05일,
75620,윤석민,KBO,1986년 07월 24일,10_16_18_기아
74215,윤석민,KBO,1985년 09월 04일,11_13_두산_14_16_키움_17_19_KT
79840,윤석주,은퇴,1990년 04월 27일,
67588,윤성빈,KBO,1999년 02월 26일,
74454,윤성환,KBO,1981년 10월 08일,
62537,윤수강,KBO,1990년 02월 22일,
65064,윤수호,KBO,1992년 07월 09일,
61456,윤영삼,KBO,1992년 07월 14일,
65405,윤영수,은퇴,1992년 03월 11일,
78892,윤요섭,은퇴,1982년 03월 30일,
61652,윤정우,KBO,1988년 05월 12일,
69399,윤정현,KBO,1993년 05월 17일,
79869,윤중환,은퇴,1990년 09월 07일,
61329,윤지웅,KBO,1988년 03월 11일,
79198,윤진호,KBO,1986년 06월 23일,
62668,윤해진,KBO,1989년 02월 25일,
92506,윤형배,은퇴,1969년 04월 20일,
63961,윤호솔,KBO,1994년 07월 15일,
79653,윤효섭,은퇴,1990년 10월 24일,
74838,윤희상,KBO,1985년 05월 17일,
64861,이건욱,은퇴,1995년 02월 13일,
61569,이경우,은퇴,1987년 11월 09일,
97230,이경필,은퇴,1974년 05월 21일,
68913,이국필,은퇴,1994년 12월 06일,
60439,이규대,은퇴,1986년 10월 20일,
72860,이대수,은퇴,1981년 08월 21일,
67008,이대은,KBO,1989년 03월 23일,
93626,이대진,은퇴,1974년 06월 09일,
73153,이대형,KBO,1983년 07월 19일,
71564,이대호,KBO,1982년 06월 21일,
72333,이대환,은퇴,1979년 05월 28일,
65703,이도윤,은퇴,1996년 10월 07일,18_한화
78007,이도윤,Futures,1986년 01월 17일,1군기록없음
93225,이도형,은퇴,1975년 05월 24일,
77452,이동걸,은퇴,1983년 08월 12일,
70356,이동학,은퇴,1981년 05월 06일,
62408,이동현,은퇴,1989년 08월 05일,1군기록없음
74620,이동현,은퇴,1979년 11월 15일,10_한화
71118,이동현,KBO,1983년 01월 12일,10_19_LG
62432,이동훈,은퇴,1992년 06월 27일,1군기록없음
75554,이동훈,은퇴,1981년 12월 25일,1군기록없음
63606,이동훈,은퇴,1989년 04월 28일,13_기아
66702,이동훈,KBO,1996년 07월 24일,16_18_한화
77242,이두환,은퇴,1988년 03월 16일,
69366,이명기,Futures,2000년 01월 03일,1군기록없음
76849,이명기,KBO,1987년 12월 26일,10_13_16_SK_17_18_기아_19_NC
72535,이명우,은퇴,1982년 06월 03일,
78694,이명환,은퇴,1985년 04월 26일,
65616,이민우,KBO,1993년 02월 09일,
61194,이민재,은퇴,1988년 02월 05일,
93748,이민호,은퇴,1969년 09월 02일,1군기록없음
62929,이민호,KBO,1993년 08월 11일,13_19_NC
93645,이민호,은퇴,1970년 08월 25일,1군기록없음
78119,이범준,은퇴,1989년 07월 15일,
70756,이범호,KBO,1981년 11월 25일,
76100,이병규,KBO,1983년 10월 09일,10_17_LG_18_19_롯데
97109,이병규,은퇴,1974년 10월 25일,10_16_LG
67363,이병규,은퇴,1994년 10월 05일,1군기록없음
75342,이보근,KBO,1986년 04월 30일,
63737,이브랜드,은퇴,1983년 10월 29일,
69054,이상동,KBO,1995년 11월 24일,
63960,이상민,KBO,1990년 11월 04일,13_15_18_키움
76460,이상민,은퇴,1983년 09월 05일,1군기록없음
60864,이상백,은퇴,1987년 03월 10일,
96720,이상열,은퇴,1977년 04월 20일,
97865,이상호,은퇴,1978년 04월 24일,1군기록없음
60566,이상호,KBO,1989년 02월 05일,!3_14_16_19_NC
63334,이상호,Futures,1994년 02월 25일,1군기록없음
74647,이상화,은퇴,1980년 09월 15일,10_11_기아
77563,이상화,KBO,1988년 03월 01일,12_15_롯데_16_18_KT
80091,이상훈,은퇴,1963년 10월 22일,1군기록없음
90851,이상훈,은퇴,1971년 03월 21일,1군기록없음
93147,이상훈,은퇴,1971년 03월 11일,1군기록없음
99156,이상훈,은퇴,1980년 12월 03일,1군기록없음
78847,이상훈,은퇴,1985년 05월 10일,11_SK
60724,이상훈,은퇴,1987년 05월 04일,10_한화_12_16_삼성
64266,이성곤,KBO,1992년 03월 25일,
66409,이성규,Futures,1993년 08월 03일,
63935,이성민,은퇴,1990년 03월 30일,
73136,이성열,KBO,1984년 07월 13일,
71184,이성우,KBO,1981년 09월 01일,
65306,이성진,은퇴,1996년 11월 05일,1군기록없음
60198,이성진,은퇴,1992년 02월 23일,12_LG
78768,이성호,은퇴,1985년 03월 09일,
64464,이수민,KBO,1995년 09월 11일,
94310,이숭용,은퇴,1971년 03월 10일,
76231,이승엽,은퇴,1982년 11월 28일,1군기록없음
95436,이승엽,은퇴,1976년 08월 18일,12_17_삼성
77154,이승우,은퇴,1988년 12월 08일,12_LG
66631,이승우,은퇴,1997년 07월 01일,1군기록없음
76553,이승재,은퇴,1983년 06월 09일,
74346,이승주,은퇴,1984년 04월 13일,
64805,이승진,KBO,1995년 01월 07일,
68910,이승헌,Futures,1995년 12월 20일,1군기록없음
68529,이승헌,KBO,1998년 12월 19일,19_롯데
60146,이승현,KBO,1991년 11월 20일,
67603,이승호,KBO,1999년 02월 08일,18_19_키움
99137,이승호,은퇴,1976년 08월 23일,10_11_SK
70820,이승호,은퇴,1981년 09월 09일,10_11_SK_12_롯데_13_15_NC
74148,이시찬,은퇴,1985년 02월 25일,
73725,이양기,은퇴,1981년 01월 31일,
76435,이여상,은퇴,1984년 02월 01일,
74650,이영수,은퇴,1981년 05월 09일,
96734,이영우,은퇴,1973년 11월 27일,
73825,이영욱,은퇴,1980년 08월 13일,11_13_SK
78467,이영욱,은퇴,1985년 10월 11일,10_11_14_17_삼성_18_기아
91416,이영재,은퇴,1968년 09월 02일,
64051,이영준,KBO,1991년 10월 10일,
66291,이영하,KBO,1997년 11월 01일,
74163,이용규,KBO,1985년 08월 26일,
77211,이용찬,KBO,1989년 01월 02일,
77253,이용호,은퇴,1988년 05월 07일,15_17_두산
93245,이용호,은퇴,1970년 05월 06일,1군기록없음
91328,이용호,은퇴,1967년 08월 28일,1군기록없음
70434,이용훈,은퇴,1977년 07월 14일,10_12_롯데
95665,이용훈,은퇴,1975년 12월 14일,1군기록없음
71565,이우민,은퇴,1982년 05월 04일,
98615,이우석,은퇴,1975년 06월 12일,1군기록없음
65964,이우석,KBO,1996년 04월 16일,18_19_NC
79442,이우선,은퇴,1983년 04월 19일,
63260,이우성,KBO,1994년 07월 17일,
61145,이우찬,KBO,1992년 08월 04일,
75566,이원석,KBO,1986년 10월 21일,10_14_16_두산_17_19_삼성
68700,이원석,KBO,1999년 03월 31일,19_한화
77229,이원재,은퇴,1988년 12월 01일,10_12_15_두산
61927,이원재,은퇴,1992년 01월 22일,1군기록없음
62025,이원재,KBO,1989년 05월 20일,17_19_NC
67863,이원준,KBO,1998년 07월 02일,
67207,이유찬,KBO,1998년 08월 05일,
61865,이윤재,은퇴,1989년 01월 02일,
71641,이윤학,은퇴,1982년 02월 25일,1군기록없음
63137,이윤학,은퇴,1994년 06월 18일,15_KT
64602,이은총,KBO,1991년 04월 16일,
73563,이인구,은퇴,1980년 11월 07일,
64565,이인복,KBO,1991년 06월 18일,
60648,이인행,KBO,1991년 06월 30일,
68901,이인혁,KBO,1999년 01월 03일,
77566,이재곤,은퇴,1988년 11월 24일,
67092,이재근,Futures,1995년 01월 15일,
72216,이재영,은퇴,1979년 06월 13일,10_15_SK
68306,이재영,은퇴,1994년 08월 24일,1군기록없음
71260,이재우,은퇴,1980년 02월 09일,
76812,이재원,KBO,1988년 02월 24일,10_19_SK
68106,이재원,Futures,1999년 07월 17일,1군기록없음
66968,이재율,Futures,1993년 05월 02일,16_18_NC
75539,이재율,은퇴,1986년 05월 28일,1군기록없음
60263,이재학,KBO,1990년 10월 04일,
61557,이정담,Futures,1991년 08월 05일,
77268,이정민,은퇴,1988년 08월 25일,1군기록없음
72551,이정민,은퇴,1979년 03월 02일,10_12_14_17_롯데
74402,이정식,은퇴,1981년 11월 02일,
65622,이정현,은퇴,1992년 04월 25일,1군기록없음
67048,이정현,KBO,1997년 12월 05일,19_KT
61262,이정호,은퇴,1992년 04월 11일,13_14_두산
65902,이정호,은퇴,1992년 06월 22일,1군기록없음
71433,이정호,은퇴,1982년 04월 27일,10_키움
67341,이정후,KBO,1998년 08월 20일,
69035,이정훈,KBO,2000년 09월 08일,1군기록없음
97541,이정훈,은퇴,1977년 10월 09일,10_롯데_11_16_키움
67644,이정훈,Futures,1994년 12월 07일,17_기아
87721,이정훈,은퇴,1963년 08월 28일,1군기록없음
60635,이정훈,은퇴,1991년 04월 27일,12_기아
98334,이정훈,은퇴,1975년 11월 23일,1군기록없음
93607,이종범,은퇴,1970년 08월 15일,
65661,이종석,Futures,1992년 07월 21일,
73339,이종욱,은퇴,1980년 06월 18일,
67066,이종혁,KBO,1997년 05월 29일,
60667,이종환,은퇴,1986년 05월 08일,
77654,이준수,KBO,1988년 06월 17일,
65665,이준영,KBO,1992년 08월 10일,
66501,이준형,은퇴,1993년 01월 30일,1군기록없음
62463,이준형,은퇴,1993년 06월 03일,15_16_LG
60693,이준호,Futures,1987년 09월 07일,11_13_기아
99450,이준호,은퇴,1976년 10월 08일,1군기록없음
62522,이지모,은퇴,1986년 10월 30일,
79456,이지영,KBO,1986년 02월 27일,
64013,이지찬,은퇴,1991년 08월 19일,
64895,이진석,Futures,1995년 05월 20일,
66512,이진영,은퇴,1992년 10월 02일,1군기록없음
66657,이진영,Futures,1997년 07월 21일,1군기록없음
99810,이진영,은퇴,1980년 06월 15일,10_15_LG_16_18_KT
60304,이창섭,은퇴,1987년 03월 10일,
64706,이창열,KBO,1991년 09월 06일,
77854,이창욱,은퇴,1984년 08월 28일,
65057,이창재,은퇴,1992년 12월 29일,
64560,이창진,KBO,1991년 03월 04일,
61186,이천웅,KBO,1988년 10월 20일,
63749,이충호,KBO,1994년 09월 20일,
66444,이케빈,KBO,1992년 02월 13일,
60768,이태양,KBO,1990년 07월 03일,12_14_16_19_한화
61323,이태양,은퇴,1993년 01월 28일,11_12_키움_13_16_NC
60102,이태원,은퇴,1986년 03월 17일,
73342,이택근,KBO,1980년 07월 10일,
69453,이학주,KBO,1990년 11월 04일,
76822,이한진,은퇴,1983년 12월 20일,
60343,이해창,KBO,1987년 05월 11일,11_키움_15_19_KT
82873,이해창,은퇴,1953년 04월 23일,1군기록없음
72606,이현곤,은퇴,1980년 02월 21일,
62499,이현동,KBO,1993년 03월 27일,
65869,이현석,KBO,1992년 06월 07일,
76329,이현승,KBO,1983년 10월 11일,
61214,이현호,KBO,1992년 07월 14일,
62951,이형범,KBO,1994년 02월 27일,
78135,이형종,KBO,1989년 06월 07일,
98259,이혜천,은퇴,1979년 03월 12일,
77648,이호신,은퇴,1984년 05월 19일,
64058,이호준,은퇴,1990년 07월 17일,1군기록없음
94629,이호준,은퇴,1976년 02월 08일,10_12_SK_13_17_NC
63634,이홍구,은퇴,1990년 12월 11일,
63440,이흥련,KBO,1989년 05월 16일,
78739,이희근,은퇴,1985년 06월 07일,
89321,이희성,은퇴,1966년 05월 02일,1군기록없음
61357,이희성,은퇴,1988년 03월 09일,12_LG
98521,임경완,은퇴,1975년 12월 28일,
62793,임경훈,은퇴,1989년 08월 30일,
62754,임기영,KBO,1993년 04월 16일,
60634,임기준,KBO,1991년 10월 08일,
66493,임대한,Futures,1993년 08월 13일,
78128,임도현,은퇴,1985년 09월 06일,
64346,임병욱,KBO,1995년 09월 30일,
66990,임서준,Futures,1993년 04월 19일,
66833,임석진,KBO,1997년 10월 10일,
78843,임성헌,은퇴,1985년 06월 22일,
72458,임세업,은퇴,1983년 09월 01일,
77464,임익준,은퇴,1988년 03월 15일,
99507,임재철,은퇴,1976년 04월 08일,
64803,임재현,KBO,1991년 05월 29일,
61891,임정우,은퇴,1991년 04월 02일,
63959,임정호,Futures,1990년 04월 16일,
63554,임종혁,은퇴,1990년 04월 07일,
62611,임준섭,KBO,1989년 07월 16일,
73632,임준혁,은퇴,1984년 10월 09일,
64155,임지섭,KBO,1995년 09월 06일,
64340,임지열,KBO,1995년 08월 22일,
60441,임진우,은퇴,1987년 05월 13일,
61101,임찬규,KBO,1992년 11월 20일,
78352,임창민,KBO,1985년 08월 25일,
95657,임창용,은퇴,1976년 06월 04일,
62868,임치영,은퇴,1988년 10월 29일,
77326,임태준,은퇴,1988년 04월 23일,
77251,임태훈,은퇴,1988년 09월 28일,
60655,임한용,은퇴,1987년 07월 15일,
61457,임현준,KBO,1988년 12월 21일,
74823,임훈,은퇴,1985년 07월 17일,
71347,장민석,은퇴,1982년 05월 09일,
60255,장민익,Futures,1991년 02월 05일,
79764,장민재,KBO,1990년 03월 19일,
78548,장성우,KBO,1990년 01월 17일,
96610,장성호,은퇴,1977년 10월 18일,
63202,장승현,KBO,1994년 03월 07일,
63360,장시윤,KBO,1993년 09월 23일,
77318,장시환,KBO,1987년 11월 01일,
79334,장영석,KBO,1990년 05월 14일,
63700,장운호,KBO,1994년 02월 20일,
76355,장원삼,KBO,1983년 06월 09일,
74513,장원준,KBO,1985년 07월 31일,
60340,장종덕,은퇴,1987년 10월 29일,
64115,장준원,은퇴,1995년 11월 21일,
69645,장지수,KBO,2000년 05월 25일,
67443,장지훈,KBO,1997년 03월 31일,
74139,장진용,은퇴,1986년 01월 28일,
66706,장진혁,KBO,1993년 09월 30일,
79642,장태성,은퇴,1986년 12월 15일,
77927,장필준,KBO,1988년 04월 08일,
63950,장현식,KBO,1995년 02월 24일,
61434,저마노,은퇴,1982년 08월 06일,
70364,전근표,은퇴,1977년 03월 05일,
78361,전민수,KBO,1989년 03월 18일,
68205,전민재,KBO,1999년 06월 30일,
73228,전병두,은퇴,1984년 10월 14일,
65586,전병우,KBO,1992년 10월 24일,
69969,전사민,KBO,1999년 07월 06일,
66609,전상현,KBO,1996년 04월 18일,
69047,전용주,KBO,2000년 02월 12일,
64267,전용훈,Futures,1995년 03월 20일,
75340,전유수,KBO,1986년 11월 29일,
79339,전인환,은퇴,1990년 06월 04일,
78513,전준우,KBO,1986년 02월 25일,
94364,전준호,은퇴,1975년 04월 10일,10_11_SK
75853,전준호,은퇴,1986년 07월 23일,1군기록없음
67123,전준호,KBO,1998년 07월 01일,19_LG
91511,전준호,은퇴,1969년 02월 15일,1군기록없음
75706,전현태,은퇴,1986년 07월 09일,
66716,정경운,은퇴,1993년 08월 09일,
64769,정광운,KBO,1991년 04월 21일,
62894,정규창,은퇴,1989년 06월 29일,
75808,정근우,KBO,1982년 10월 02일,
60264,정대현,은퇴,1991년 07월 19일,10_14_두산_15_16_KT_17_키움
71801,정대현,은퇴,1978년 11월 10일,10_11_SK_12_16_롯데
78760,정대훈,은퇴,1985년 03월 08일,
66858,정동윤,Futures,1997년 10월 22일,
66659,정동현,은퇴,1997년 03월 20일,
77746,정민혁,은퇴,1983년 09월 14일,
76720,정범모,KBO,1987년 03월 26일,
61304,정범수,은퇴,1992년 08월 08일,
61104,정병곤,KBO,1988년 03월 23일,
73513,정보명,은퇴,1980년 08월 23일,
61658,정상교,은퇴,1991년 10월 01일,
71842,정상호,KBO,1982년 12월 24일,
65058,정성곤,KBO,1996년 07월 10일,
68556,정성종,KBO,1995년 11월 16일,
67422,정성훈,은퇴,1998년 05월 07일,1군기록없음
99606,정성훈,은퇴,1980년 06월 27일,10_17_LG_18_기아
96465,정성훈,은퇴,1977년 12월 09일,1군기록없음
90673,정성훈,은퇴,1972년 05월 17일,1군기록없음
66960,정수민,KBO,1990년 04월 01일,
79231,정수빈,KBO,1990년 10월 07일,
97350,정수성,은퇴,1978년 03월 04일,
62056,정영일,KBO,1988년 11월 16일,
79617,정용운,KBO,1990년 07월 06일,
65368,정용준,은퇴,1995년 06월 21일,
74857,정우람,KBO,1985년 06월 01일,
69159,정우영,KBO,1999년 08월 19일,
70240,정원석,은퇴,1977년 03월 27일,
68743,정은원,KBO,2000년 01월 17일,
75151,정의윤,KBO,1986년 07월 25일,
79440,정인욱,KBO,1990년 12월 18일,
73166,정재복,은퇴,1981년 02월 13일,
74748,정재원,KBO,1984년 08월 11일,
76240,정재훈,은퇴,1981년 05월 06일,1군기록없음
73241,정재훈,은퇴,1980년 01월 01일,10_14_두산_15_롯데_16_두산
80500,정재훈,은퇴,1972년 03월 14일,1군기록없음
79150,정주현,KBO,1990년 10월 13일,
65096,정주후,은퇴,1995년 06월 26일,
63558,정준혁,KBO,1994년 04월 01일,
62941,정진,은퇴,1979년 08월 06일,
61869,정진기,KBO,1992년 10월 10일,
70540,정진수,은퇴,1981년 04월 19일,
94724,정진식,은퇴,1971년 11월 15일,
70249,정진용,은퇴,1977년 12월 01일,
71757,정진원,은퇴,1976년 09월 05일,
65293,정진철,은퇴,1991년 12월 28일,
61208,정진호,KBO,1988년 10월 02일,11_12_15_19_두산
83450,정진호,은퇴,1956년 06월 23일,1군기록없음
78148,정찬헌,KBO,1990년 01월 26일,
62595,정태승,KBO,1988년 03월 17일,
63450,정현,KBO,1994년 06월 01일,
69305,정현민,Futures,1999년 09월 14일,
95101,정현발,은퇴,1953년 02월 20일,
78745,정현석,은퇴,1984년 03월 01일,
96462,정현욱,은퇴,1978년 12월 02일,10_12_삼성_13_14_16_LG
69208,정현욱,Futures,1999년 10월 27일,1군기록없음
98129,정현택,은퇴,1980년 02월 22일,
99317,정현희,은퇴,1977년 01월 10일,
79459,정형식,은퇴,1991년 01월 28일,
60342,정회찬,은퇴,1987년 02월 07일,
60523,정훈,KBO,1987년 07월 18일,
75762,정희상,은퇴,1982년 08월 13일,
72801,제춘모,은퇴,1982년 04월 05일,
70755,조규수,은퇴,1981년 09월 15일,
63104,조근종,KBO,1990년 05월 16일,
63348,조덕길,KBO,1989년 10월 02일,
72466,조동찬,은퇴,1983년 07월 27일,
71848,조동화,은퇴,1981년 03월 22일,
65067,조무근,KBO,1991년 09월 26일,
63342,조상우,KBO,1994년 09월 04일,
64802,조성모,KBO,1992년 02월 14일,
60891,조성우,은퇴,1988년 02월 08일,13_14_SK
78767,조성우,은퇴,1989년 01월 30일,1군기록없음
99543,조성환,은퇴,1976년 12월 23일,
68848,조성훈,KBO,1999년 03월 22일,
69150,조셉,KBO,1991년 07월 16일,
66209,조수행,Futures,1993년 08월 30일,
64154,조쉬벨,은퇴,1986년 11월 13일,
79235,조승수,은퇴,1990년 06월 09일,
69360,조영건,KBO,1999년 02월 04일,
77256,조영민,은퇴,1985년 10월 31일,1군기록없음
74726,조영민,은퇴,1981년 03월 11일,11_SK
64768,조영우,KBO,1995년 06월 27일,
75441,조영훈,은퇴,1982년 11월 12일,
87771,조용호,은퇴,1965년 02월 13일,1군기록없음
64868,조용호,KBO,1989년 09월 09일,17_18_SK_19_KT
66992,조원빈,Futures,1993년 04월 10일,
62147,조윤준,은퇴,1989년 08월 30일,
98144,조인성,은퇴,1975년 05월 25일,
72313,조재호,은퇴,1980년 01월 10일,
63792,조정원,은퇴,1990년 08월 10일,
75537,조정훈,은퇴,1985년 05월 03일,
71835,조중근,은퇴,1982년 12월 20일,
63730,조지훈,Futures,1994년 04월 06일,
73657,조태수,은퇴,1983년 05월 29일,
74358,조평호,은퇴,1985년 08월 07일,
90475,조필현,은퇴,1971년 07월 05일,
65827,조한욱,KBO,1996년 12월 19일,
75268,조현근,은퇴,1985년 11월 21일,
64047,조현우,KBO,1994년 03월 30일,
63593,조홍석,KBO,1990년 02월 23일,
65060,주권,KBO,1995년 05월 31일,
73440,주재필,은퇴,1980년 09월 19일,
61154,주키치,은퇴,1982년 10월 17일,
65707,주현상,은퇴,1992년 08월 10일,
66354,주효상,KBO,1997년 11월 11일,
73306,지석훈,KBO,1984년 03월 17일,
64717,지성준,KBO,1994년 04월 10일,
71715,지승민,은퇴,1978년 09월 12일,
62302,지재옥,은퇴,1988년 07월 24일,
66628,지크,은퇴,1989년 09월 11일,
97202,진갑용,은퇴,1974년 05월 08일,
79545,진명호,KBO,1989년 03월 20일,
78257,진야곱,은퇴,1989년 04월 11일,
89771,진정필,은퇴,1966년 02월 10일,
95235,진필중,은퇴,1972년 10월 13일,
76650,진해수,KBO,1986년 06월 26일,
64615,차명진,KBO,1995년 03월 03일,
76455,차우찬,KBO,1987년 05월 31일,
73602,차일목,은퇴,1981년 01월 26일,
65509,차재용,KBO,1996년 08월 20일,
75663,차정민,은퇴,1982년 11월 23일,
79196,차화준,은퇴,1990년 08월 24일,1군기록없음
75307,차화준,은퇴,1986년 03월 20일,12_키움_13_NC
63939,찰리,은퇴,1985년 10월 25일,
64085,채기영,은퇴,1995년 09월 01일,
69748,채드벨,KBO,1989년 02월 28일,
71845,채병용,KBO,1982년 04월 25일,
72742,채상병,은퇴,1979년 12월 18일,
66302,채상현,은퇴,1993년 04월 14일,
61929,채선관,은퇴,1988년 05월 03일,
79192,채은성,KBO,1990년 02월 06일,
70833,채종범,은퇴,1977년 12월 03일,
77463,채태인,KBO,1982년 10월 11일,
69804,채현우,KBO,1995년 11월 21일,
67394,초이스,은퇴,1989년 11월 10일,
68036,최건,KBO,1999년 04월 10일,
73650,최건호,은퇴,1984년 08월 12일,
69802,최경모,KBO,1996년 06월 17일,
73824,최경철,은퇴,1980년 08월 15일,
62966,최금강,은퇴,1989년 04월 26일,
74543,최대성,KBO,1985년 05월 17일,
94132,최동수,은퇴,1971년 09월 11일,
79140,최동환,KBO,1989년 09월 19일,
65447,최민구,은퇴,1992년 03월 17일,
63895,최민재,KBO,1994년 01월 08일,
68856,최민준,Futures,1999년 06월 11일,18_SK
73757,최민준,은퇴,1984년 04월 05일,1군기록없음
65157,최민창,은퇴,1996년 04월 16일,
60658,최병연,은퇴,1986년 12월 21일,
64259,최병욱,은퇴,1989년 06월 02일,
64493,최선호,KBO,1991년 12월 12일,
79137,최성민,은퇴,1990년 07월 31일,
66920,최성영,KBO,1997년 04월 28일,
62146,최성훈,KBO,1989년 10월 11일,
65905,최승민,KBO,1996년 07월 01일,19_NC
93166,최승민,은퇴,1974년 03월 21일,1군기록없음
66403,최승민,은퇴,1991년 01월 07일,1군기록없음
76158,최승준,KBO,1988년 01월 11일,
70122,최승환,은퇴,1978년 02월 25일,
61197,최영진,KBO,1988년 05월 10일,
97336,최영필,은퇴,1974년 05월 13일,
64718,최영환,KBO,1992년 02월 20일,14_15_한화_19_롯데
82581,최영환,은퇴,1959년 02월 28일,1군기록없음
78666,최용규,은퇴,1985년 08월 31일,
64213,최용제,KBO,1991년 07월 12일,
62741,최우석,은퇴,1993년 02월 06일,12_한화
90490,최우석,은퇴,1968년 01월 15일,1군기록없음
60848,최원재,은퇴,1987년 04월 29일,
77466,최원제,은퇴,1989년 02월 04일,
67263,최원준,KBO,1994년 12월 21일,18_19_두산
64669,최원준,은퇴,1990년 09월 20일,1군기록없음
66606,최원준,KBO,1997년 03월 23일,16_19_기아
65320,최원태,KBO,1997년 01월 07일,
60805,최윤석,KBO,1987년 03월 28일,
61185,최인영,은퇴,1989년 07월 29일,
63913,최재원,Futures,1990년 07월 30일,13_15_NC_16_삼성_17_LG
66621,최재원,은퇴,1993년 04월 10일,1군기록없음
78288,최재훈,KBO,1989년 08월 27일,
75847,최정,KBO,1987년 02월 28일,
80583,최정기,은퇴,1956년 07월 16일,
62893,최정민,KBO,1989년 06월 02일,
65464,최정용,Futures,1996년 10월 24일,
40003,최정우,은퇴,1955년 06월 02일,
69992,최정원,Futures,2000년 06월 24일,
96824,최정환,은퇴,1973년 09월 26일,
76267,최주환,KBO,1988년 02월 28일,
71552,최준석,은퇴,1983년 02월 15일,
68868,최준우,KBO,1999년 03월 25일,
67421,최지광,KBO,1998년 03월 13일,
74729,최진행,KBO,1985년 08월 17일,
61896,최진호,KBO,1992년 11월 14일,1군기록없음
77759,최진호,은퇴,1984년 08월 26일,11_한화
68419,최채흥,KBO,1995년 01월 22일,
66451,최충연,KBO,1997년 03월 05일,
68501,최하늘,KBO,1999년 03월 26일,
62884,최항,KBO,1994년 01월 03일,
90687,최향남,은퇴,1971년 03월 28일,
61267,최현정,은퇴,1992년 12월 03일,
61228,최현진,은퇴,1992년 09월 24일,
72443,최형우,KBO,1983년 12월 16일,
75608,최훈락,은퇴,1982년 05월 12일,
77623,최희섭,은퇴,1979년 03월 16일,
72139,추승우,은퇴,1979년 09월 24일,
68362,추재현,KBO,1999년 02월 22일,
79854,카도쿠라,은퇴,1973년 03월 09일,
63465,카리대,은퇴,1983년 10월 28일,
66750,카스티요,은퇴,1989년 02월 19일,
60726,카페얀,은퇴,1981년 01월 13일,
64203,칸투,은퇴,1982년 01월 30일,
69103,켈리,KBO,1989년 10월 04일,19_LG
65856,켈리,은퇴,1988년 10월 14일,15_18_SK
61541,코리,은퇴,1973년 10월 21일,
66323,코엘로,은퇴,1984년 11월 23일,
66154,코프랜드,은퇴,1987년 12월 15일,
60697,콜론,은퇴,1979년 08월 13일,
69032,쿠에바스,KBO,1990년 10월 14일,
79435,크루세타,은퇴,1981년 07월 04일,
78725,클락,은퇴,1976년 03월 05일,
64761,클레이,은퇴,1988년 02월 15일,
65425,클로이드,은퇴,1987년 05월 16일,
64762,타투스코,은퇴,1985년 03월 27일,
62451,탈보트,은퇴,1983년 10월 17일,
69640,터너,KBO,1991년 05월 21일,
69652,터커,KBO,1990년 07월 06일,
64914,테임즈,은퇴,1986년 11월 10일,
64659,토마스,은퇴,1984년 01월 18일,14_기아
78726,토마스,은퇴,1977년 10월 22일,1군기록없음
69550,톰슨,KBO,1994년 01월 31일,
61629,트레비스,은퇴,1982년 11월 04일,
64136,티포드,은퇴,1984년 05월 15일,
68244,파레디스,은퇴,1988년 11월 25일,
67645,팻딘,은퇴,1989년 05월 25일,
69165,페게로,KBO,1987년 02월 22일,
69209,페르난데스,KBO,1988년 04월 27일,19_두산
72824,페르난데스,은퇴,1974년 11월 02일,1군기록없음
61231,페르난도,은퇴,1982년 07월 15일,
67435,페트릭,은퇴,1989년 07월 29일,
65762,폭스,은퇴,1982년 07월 20일,
62230,프록터,은퇴,1977년 01월 02일,
69953,프리드릭,KBO,1987년 07월 08일,
66423,플란데,은퇴,1986년 01월 27일,
65444,피가로,은퇴,1984년 07월 07일,
66032,피노,은퇴,1983년 12월 26일,
65331,피어밴드,은퇴,1985년 08월 22일,
64746,피에,은퇴,1985년 02월 08일,
64699,필,은퇴,1984년 09월 09일,
64350,하영민,KBO,1995년 05월 07일,
69813,하재훈,KBO,1990년 10월 29일,
62700,하주석,KBO,1994년 02월 25일,
68639,하준영,KBO,1999년 09월 06일,
78517,하준호,KBO,1989년 04월 29일,
79804,하지호,은퇴,1984년 12월 16일,
76610,한기주,KBO,1987년 04월 29일,
65104,한나한,은퇴,1980년 03월 04일,
62895,한동민,KBO,1989년 08월 09일,
68525,한동희,KBO,1999년 06월 01일,18_19_롯데
70332,한동희,은퇴,1980년 04월 21일,1군기록없음
73703,한상훈,은퇴,1980년 06월 03일,
69111,한선태,KBO,1994년 06월 14일,
61693,한성구,은퇴,1988년 09월 14일,
63722,한승택,KBO,1994년 06월 21일,
61666,한승혁,KBO,1993년 01월 03일,12_18_기아
66557,한승혁,KBO,1996년 05월 20일,1군기록없음
78762,한윤섭,은퇴,1985년 09월 12일,
64255,한주성,Futures,1995년 02월 26일,
62363,한현희,KBO,1993년 06월 25일,
79138,한희,은퇴,1989년 11월 11일,
86770,한희민,은퇴,1962년 07월 19일,
62067,한희준,Futures,1989년 09월 08일,
63248,함덕주,KBO,1995년 01월 13일,
69605,해즐베이커,KBO,1987년 08월 14일,
63938,해커,은퇴,1983년 03월 26일,
63229,핸킨스,은퇴,1983년 07월 01일,
62892,허건엽,은퇴,1993년 07월 24일,
79240,허경민,KBO,1990년 08월 26일,
77243,허도환,KBO,1984년 07월 31일,
78458,허승민,은퇴,1986년 02월 28일,
72324,허웅,은퇴,1983년 09월 17일,11_14_15_SK
65896,허웅,은퇴,1996년 05월 26일,1군기록없음
79746,허유강,은퇴,1986년 11월 16일,
61566,허일,KBO,1992년 11월 20일,
72522,허일상,은퇴,1979년 12월 21일,
65399,허정협,KBO,1990년 02월 17일,
75344,허준,은퇴,1981년 07월 20일,10_11_키움_13_14_NC
93705,허준,은퇴,1970년 05월 29일,1군기록없음
74556,허준혁,은퇴,1985년 12월 15일,10_15_롯데
79535,허준혁,KBO,1990년 09월 30일,10_11_롯데_12_SK_14_16_18_두산
66138,허프,은퇴,1984년 08월 22일,
65659,험버,은퇴,1982년 12월 21일,
68794,헤일,은퇴,1987년 09월 27일,
69435,헤일리,KBO,1991년 06월 16일,
66643,헥터,은퇴,1987년 01월 26일,
68260,현도훈,은퇴,1993년 01월 13일,
72427,현재윤,은퇴,1979년 07월 08일,
68730,호잉,KBO,1989년 05월 18일,
64658,홀튼,은퇴,1979년 08월 12일,
61643,홍건희,KBO,1992년 09월 29일,
76854,홍명찬,은퇴,1987년 01월 19일,
78247,홍상삼,KBO,1990년 02월 13일,
61366,홍성갑,Futures,1992년 08월 02일,
65042,홍성무,KBO,1993년 01월 25일,
62655,홍성민,KBO,1989년 07월 15일,
75149,홍성용,은퇴,1986년 11월 18일,
99222,홍성흔,은퇴,1977년 02월 28일,
70626,홍세완,은퇴,1978년 01월 16일,
64204,홍영현,은퇴,1991년 01월 07일,
96253,홍재호,은퇴,1974년 02월 02일,1군기록없음
60605,홍재호,KBO,1987년 05월 10일,10_13_16_19_기아
65496,홍정우,KBO,1996년 03월 16일,
66108,홍창기,KBO,1993년 11월 21일,
67005,홍현빈,Futures,1997년 08월 29일,
66207,황경태,KBO,1996년 08월 17일,
65610,황대인,KBO,1996년 02월 10일,
72261,황덕균,은퇴,1983년 04월 28일,
76562,황동채,은퇴,1983년 07월 04일,
63077,황목치승,은퇴,1985년 06월 21일,
66469,황선도,KBO,1997년 08월 28일,
76404,황선일,은퇴,1987년 02월 17일,
61496,황수범,은퇴,1986년 11월 17일,
63698,황수현,은퇴,1991년 08월 31일,
64760,황영국,KBO,1995년 12월 26일,
62908,황윤호,KBO,1993년 09월 22일,
65618,황인준,KBO,1991년 07월 23일,18_19_기아
65614,황인준,은퇴,1989년 05월 07일,1군기록없음
79758,황재규,은퇴,1986년 04월 16일,
76313,황재균,KBO,1987년 07월 28일,
62646,황정립,은퇴,1989년 12월 14일,
78566,황진수,KBO,1989년 02월 15일,
68240,후랭코프,KBO,1988년 08월 27일,
68742,휠러,은퇴,1990년 10월 27일,
64553,히메네스,은퇴,1982년 05월 07일,14_롯데
65103,히메네스,은퇴,1988년 01월 18일,15_17_LG
60240,히메네스,은퇴,1980년 10월 27일,10_두산
78650,정우엽,은퇴,1989년 06월 20일,
60496,김동은,은퇴,1990년 11월 13일,
69207,김태근,KBO,1996년 08월 10일,
69439,라이블리,KBO,1992년 03월 05일,
69418,박승규,KBO,2000년 09월 02일,
78819,백청훈,KBO,1987년 11월 19일,
69405,윌리엄슨,KBO,1990년 07월 15일,
65117,이상규,KBO,1996년 10월 20일,
69168,이상영,KBO,2000년 12월 03일,
64014,김병희,KBO,1990년 12월 06일,
67962,소이현,KBO,1999년 02월 09일,
69403,양우현,KBO,2000년 04월 13일,
63103,유원석,KBO,1989년 11월 18일,
69068,이선우,KBO,2000년 09월 19일,
66504,이찬건,KBO,1996년 05월 14일,
65398,임규빈,KBO,1991년 09월 12일,
68518,정보근,KBO,1999년 08월 31일,
68646,한준수,KBO,1999년 02월 13일,
